{"train/aux_pol_cls_acc": 0.9936395287513733, "train/raw_grad_norm": 3.3576059341430664, "train/aux_pol_cls_loss": 0.01109775688382797, "train/value_loss": 3.479665140310923, "train/action_loss": -0.01433508210175205, "train/dist_entropy": 0.6075611197286181, "train/fps": 413.2109688756669, "train/period_size_mean": 5.0, "train/reward": 11.75561312661984, "train/expl_reward_per_episode": 26.137094364102705, "train/expl_reward_per_step": 0.9933909435510092, "train/expl_reward_per_interaction": 130.68352005802862, "train/success_rate": 0.9509936744836073, "_timestamp": 1758332605.9033163, "env_steps": 30000000, "_runtime": 73400.1082341671, "_step": 4999, "eval/reward": 11.899999999999999, "eval/reward_per_opponent": 11.899999999999999, "eval/cumul_reward": [11.9, 10.95, 11.866666666666665, 11.724999999999998, 11.899999999999999], "eval/cur_reward": [11.9, 10.0, 13.7, 11.3, 12.6], "eval/success_rate": 1.0, "eval/success_rate_per_opponent": 1.0, "eval/cumul_success_rate": [1.0, 1.0, 1.0, 1.0, 1.0], "eval/cur_success_rate": [1.0, 1.0, 1.0, 1.0, 1.0], "_wandb": {"runtime": 73399}}