{"train/aux_pol_cls_acc": 0.5164411067962646, "train/raw_grad_norm": 2.4009087085723877, "train/aux_pol_cls_loss": 1.1611440612210169, "train/value_loss": 0.04886126430291268, "train/action_loss": -0.0002430835880255068, "train/dist_entropy": 0.44967861101031303, "train/fps": 755.6075772372961, "train/period_size_mean": 5.0, "train/reward": -3.2841666666666667, "train/expl_reward_per_episode": 21.04382522622744, "train/expl_reward_per_step": 0.5260956306556861, "train/expl_reward_per_interaction": 105.21912367608812, "train/success_rate": 0.0, "train/visits_per_interaction": 0.0, "_timestamp": 1757824769.443455, "env_steps": 29952000, "_runtime": 38746.379886865616, "_step": 831, "eval/reward": -6.188888888888888, "eval/reward_per_opponent": [-6.2, -6.1, -6.1, -6.1, -6.2, -6.2, -6.2, -6.3, -6.3], "eval/cumul_reward": [-5.833333333333333, -6.027777777777778, -6.148148148148148, -6.180555555555555, -6.188888888888888], "eval/cur_reward": [-5.833333333333333, -6.222222222222222, -6.388888888888889, -6.277777777777778, -6.222222222222222], "eval/success_rate": 0.0, "eval/success_rate_per_opponent": [0.0, 0.0, 0.0, 0.0, 0.0, 0.0, 0.0, 0.0, 0.0], "eval/cumul_success_rate": [0.0, 0.0, 0.0, 0.0, 0.0], "eval/cur_success_rate": [0.0, 0.0, 0.0, 0.0, 0.0], "eval/visits_per_interaction": 0.0, "_wandb": {"runtime": 38745}}