{"train/aux_pol_cls_acc": 0.9954118728637695, "train/raw_grad_norm": 2.5796191692352295, "train/aux_pol_cls_loss": 0.006801287811766896, "train/value_loss": 3.0453851421674094, "train/action_loss": -0.01304013865188204, "train/dist_entropy": 0.6672066011362605, "train/fps": 398.3181946775036, "train/period_size_mean": 5.0, "train/reward": 11.830845632229757, "train/expl_reward_per_episode": 26.824887959054614, "train/expl_reward_per_step": 0.9952112377730176, "train/expl_reward_per_interaction": 133.34687234998324, "train/success_rate": 0.9552054248105305, "_timestamp": 1758403212.6525698, "env_steps": 30000000, "_runtime": 71689.30414366722, "_step": 4999, "eval/reward": 11.38, "eval/reward_per_opponent": 11.38, "eval/cumul_reward": [13.1, 11.899999999999999, 10.833333333333334, 11.15, 11.38], "eval/cur_reward": [13.1, 10.7, 8.7, 12.1, 12.3], "eval/success_rate": 1.0, "eval/success_rate_per_opponent": 1.0, "eval/cumul_success_rate": [1.0, 1.0, 1.0, 1.0, 1.0], "eval/cur_success_rate": [1.0, 1.0, 1.0, 1.0, 1.0], "_wandb": {"runtime": 71688}}