participant_id,alias_hash,session_id,session_ts,round_idx,model_id,level,step,action,reward,done,info_json,client_ts,server_ts
50c5b599-1e09-4abf-8d37-da7b45302caa,unknown,gEkzvXx2ygPsqIIcAAAB,1764286353.319196,0,,demo,1,0,0.0,False,"{""mock"": true, ""action"": 0}",1764286353444,1764286353.4456017
50c5b599-1e09-4abf-8d37-da7b45302caa,unknown,gEkzvXx2ygPsqIIcAAAB,1764286353.319196,0,,demo,2,0,0.0,False,"{""mock"": true, ""action"": 0}",1764286353495,1764286353.49637
50c5b599-1e09-4abf-8d37-da7b45302caa,unknown,gEkzvXx2ygPsqIIcAAAB,1764286353.319196,0,,demo,3,0,0.0,False,"{""mock"": true, ""action"": 0}",1764286353545,1764286353.5470748
50c5b599-1e09-4abf-8d37-da7b45302caa,unknown,gEkzvXx2ygPsqIIcAAAB,1764286353.319196,0,,demo,4,0,0.0,False,"{""mock"": true, ""action"": 0}",1764286353595,1764286353.5969
50c5b599-1e09-4abf-8d37-da7b45302caa,unknown,gEkzvXx2ygPsqIIcAAAB,1764286353.319196,0,,demo,5,0,0.0,False,"{""mock"": true, ""action"": 0}",1764286353646,1764286353.6471725
50c5b599-1e09-4abf-8d37-da7b45302caa,unknown,gEkzvXx2ygPsqIIcAAAB,1764286353.319196,0,,demo,6,0,0.0,False,"{""mock"": true, ""action"": 0}",1764286353695,1764286353.6965673
50c5b599-1e09-4abf-8d37-da7b45302caa,unknown,gEkzvXx2ygPsqIIcAAAB,1764286353.319196,0,,demo,7,0,0.0,False,"{""mock"": true, ""action"": 0}",1764286353746,1764286353.747107
50c5b599-1e09-4abf-8d37-da7b45302caa,unknown,gEkzvXx2ygPsqIIcAAAB,1764286353.319196,0,,demo,8,0,0.0,False,"{""mock"": true, ""action"": 0}",1764286353796,1764286353.7973347
50c5b599-1e09-4abf-8d37-da7b45302caa,unknown,gEkzvXx2ygPsqIIcAAAB,1764286353.319196,0,,demo,9,0,0.0,False,"{""mock"": true, ""action"": 0}",1764286353846,1764286353.8471377
50c5b599-1e09-4abf-8d37-da7b45302caa,unknown,gEkzvXx2ygPsqIIcAAAB,1764286353.319196,0,,demo,10,0,0.0,False,"{""mock"": true, ""action"": 0}",1764286353896,1764286353.8976483
50c5b599-1e09-4abf-8d37-da7b45302caa,unknown,gEkzvXx2ygPsqIIcAAAB,1764286353.319196,0,,demo,11,0,0.0,False,"{""mock"": true, ""action"": 0}",1764286353946,1764286353.9472654
50c5b599-1e09-4abf-8d37-da7b45302caa,unknown,gEkzvXx2ygPsqIIcAAAB,1764286353.319196,0,,demo,12,0,0.0,False,"{""mock"": true, ""action"": 0}",1764286353997,1764286353.9982677
50c5b599-1e09-4abf-8d37-da7b45302caa,unknown,gEkzvXx2ygPsqIIcAAAB,1764286353.319196,0,,demo,13,0,0.0,False,"{""mock"": true, ""action"": 0}",1764286354046,1764286354.0478966
50c5b599-1e09-4abf-8d37-da7b45302caa,unknown,gEkzvXx2ygPsqIIcAAAB,1764286353.319196,0,,demo,14,0,0.0,False,"{""mock"": true, ""action"": 0}",1764286354097,1764286354.0983338
50c5b599-1e09-4abf-8d37-da7b45302caa,unknown,gEkzvXx2ygPsqIIcAAAB,1764286353.319196,0,,demo,15,0,0.0,False,"{""mock"": true, ""action"": 0}",1764286354147,1764286354.1481323
50c5b599-1e09-4abf-8d37-da7b45302caa,unknown,gEkzvXx2ygPsqIIcAAAB,1764286353.319196,0,,demo,16,0,0.0,False,"{""mock"": true, ""action"": 0}",1764286354198,1764286354.1986675
50c5b599-1e09-4abf-8d37-da7b45302caa,unknown,gEkzvXx2ygPsqIIcAAAB,1764286353.319196,0,,demo,17,0,0.0,False,"{""mock"": true, ""action"": 0}",1764286354248,1764286354.2485137
50c5b599-1e09-4abf-8d37-da7b45302caa,unknown,gEkzvXx2ygPsqIIcAAAB,1764286353.319196,0,,demo,18,0,0.0,False,"{""mock"": true, ""action"": 0}",1764286354298,1764286354.29899
50c5b599-1e09-4abf-8d37-da7b45302caa,unknown,gEkzvXx2ygPsqIIcAAAB,1764286353.319196,0,,demo,19,0,0.0,False,"{""mock"": true, ""action"": 0}",1764286354348,1764286354.349506
50c5b599-1e09-4abf-8d37-da7b45302caa,unknown,gEkzvXx2ygPsqIIcAAAB,1764286353.319196,0,,demo,20,0,0.0,False,"{""mock"": true, ""action"": 0}",1764286354398,1764286354.399339
50c5b599-1e09-4abf-8d37-da7b45302caa,unknown,gEkzvXx2ygPsqIIcAAAB,1764286353.319196,0,,demo,21,0,0.0,False,"{""mock"": true, ""action"": 0}",1764286354448,1764286354.44939
50c5b599-1e09-4abf-8d37-da7b45302caa,unknown,gEkzvXx2ygPsqIIcAAAB,1764286353.319196,0,,demo,22,0,0.0,False,"{""mock"": true, ""action"": 0}",1764286354498,1764286354.4997597
50c5b599-1e09-4abf-8d37-da7b45302caa,unknown,gEkzvXx2ygPsqIIcAAAB,1764286353.319196,0,,demo,23,0,0.0,False,"{""mock"": true, ""action"": 0}",1764286354549,1764286354.5498402
50c5b599-1e09-4abf-8d37-da7b45302caa,unknown,gEkzvXx2ygPsqIIcAAAB,1764286353.319196,0,,demo,24,0,0.0,False,"{""mock"": true, ""action"": 0}",1764286354599,1764286354.5999057
50c5b599-1e09-4abf-8d37-da7b45302caa,unknown,gEkzvXx2ygPsqIIcAAAB,1764286353.319196,0,,demo,25,0,0.0,False,"{""mock"": true, ""action"": 0}",1764286354649,1764286354.6501253
50c5b599-1e09-4abf-8d37-da7b45302caa,unknown,gEkzvXx2ygPsqIIcAAAB,1764286353.319196,0,,demo,26,0,0.0,False,"{""mock"": true, ""action"": 0}",1764286354699,1764286354.7002287
50c5b599-1e09-4abf-8d37-da7b45302caa,unknown,gEkzvXx2ygPsqIIcAAAB,1764286353.319196,0,,demo,27,0,0.0,False,"{""mock"": true, ""action"": 0}",1764286354749,1764286354.7502134
50c5b599-1e09-4abf-8d37-da7b45302caa,unknown,gEkzvXx2ygPsqIIcAAAB,1764286353.319196,0,,demo,28,0,0.0,False,"{""mock"": true, ""action"": 0}",1764286354800,1764286354.8010716
50c5b599-1e09-4abf-8d37-da7b45302caa,unknown,gEkzvXx2ygPsqIIcAAAB,1764286353.319196,0,,demo,29,0,0.0,False,"{""mock"": true, ""action"": 0}",1764286354850,1764286354.8509622
50c5b599-1e09-4abf-8d37-da7b45302caa,unknown,gEkzvXx2ygPsqIIcAAAB,1764286353.319196,0,,demo,30,0,0.0,False,"{""mock"": true, ""action"": 0}",1764286354900,1764286354.9009411
50c5b599-1e09-4abf-8d37-da7b45302caa,unknown,gEkzvXx2ygPsqIIcAAAB,1764286353.319196,0,,demo,31,0,0.0,False,"{""mock"": true, ""action"": 0}",1764286354949,1764286354.9514081
50c5b599-1e09-4abf-8d37-da7b45302caa,unknown,gEkzvXx2ygPsqIIcAAAB,1764286353.319196,0,,demo,32,0,0.0,False,"{""mock"": true, ""action"": 0}",1764286355000,1764286355.0013306
50c5b599-1e09-4abf-8d37-da7b45302caa,unknown,gEkzvXx2ygPsqIIcAAAB,1764286353.319196,0,,demo,33,0,0.0,False,"{""mock"": true, ""action"": 0}",1764286355051,1764286355.0518267
50c5b599-1e09-4abf-8d37-da7b45302caa,unknown,gEkzvXx2ygPsqIIcAAAB,1764286353.319196,0,,demo,34,0,0.0,False,"{""mock"": true, ""action"": 0}",1764286355100,1764286355.1014135
50c5b599-1e09-4abf-8d37-da7b45302caa,unknown,gEkzvXx2ygPsqIIcAAAB,1764286353.319196,0,,demo,35,0,0.0,False,"{""mock"": true, ""action"": 0}",1764286355151,1764286355.151714
50c5b599-1e09-4abf-8d37-da7b45302caa,unknown,gEkzvXx2ygPsqIIcAAAB,1764286353.319196,0,,demo,36,0,0.0,False,"{""mock"": true, ""action"": 0}",1764286355200,1764286355.2026174
50c5b599-1e09-4abf-8d37-da7b45302caa,unknown,gEkzvXx2ygPsqIIcAAAB,1764286353.319196,0,,demo,37,0,0.0,False,"{""mock"": true, ""action"": 0}",1764286355251,1764286355.2524235
50c5b599-1e09-4abf-8d37-da7b45302caa,unknown,gEkzvXx2ygPsqIIcAAAB,1764286353.319196,0,,demo,38,0,0.0,False,"{""mock"": true, ""action"": 0}",1764286355301,1764286355.3030608
50c5b599-1e09-4abf-8d37-da7b45302caa,unknown,gEkzvXx2ygPsqIIcAAAB,1764286353.319196,0,,demo,39,0,0.0,False,"{""mock"": true, ""action"": 0}",1764286355352,1764286355.3529189
50c5b599-1e09-4abf-8d37-da7b45302caa,unknown,gEkzvXx2ygPsqIIcAAAB,1764286353.319196,0,,demo,40,0,0.0,False,"{""mock"": true, ""action"": 0}",1764286355401,1764286355.4031281
50c5b599-1e09-4abf-8d37-da7b45302caa,unknown,gEkzvXx2ygPsqIIcAAAB,1764286353.319196,0,,demo,41,0,0.0,False,"{""mock"": true, ""action"": 0}",1764286355452,1764286355.453511
50c5b599-1e09-4abf-8d37-da7b45302caa,unknown,gEkzvXx2ygPsqIIcAAAB,1764286353.319196,0,,demo,42,0,0.0,False,"{""mock"": true, ""action"": 0}",1764286355502,1764286355.503659
50c5b599-1e09-4abf-8d37-da7b45302caa,unknown,gEkzvXx2ygPsqIIcAAAB,1764286353.319196,0,,demo,43,0,0.0,False,"{""mock"": true, ""action"": 0}",1764286355552,1764286355.5538201
50c5b599-1e09-4abf-8d37-da7b45302caa,unknown,gEkzvXx2ygPsqIIcAAAB,1764286353.319196,0,,demo,44,0,0.0,False,"{""mock"": true, ""action"": 0}",1764286355602,1764286355.603922
50c5b599-1e09-4abf-8d37-da7b45302caa,unknown,gEkzvXx2ygPsqIIcAAAB,1764286353.319196,0,,demo,45,0,0.0,False,"{""mock"": true, ""action"": 0}",1764286355652,1764286355.6535819
50c5b599-1e09-4abf-8d37-da7b45302caa,unknown,gEkzvXx2ygPsqIIcAAAB,1764286353.319196,0,,demo,46,0,0.0,False,"{""mock"": true, ""action"": 0}",1764286355702,1764286355.703305
50c5b599-1e09-4abf-8d37-da7b45302caa,unknown,gEkzvXx2ygPsqIIcAAAB,1764286353.319196,0,,demo,47,0,0.0,False,"{""mock"": true, ""action"": 0}",1764286355752,1764286355.7533774
50c5b599-1e09-4abf-8d37-da7b45302caa,unknown,gEkzvXx2ygPsqIIcAAAB,1764286353.319196,0,,demo,48,0,0.0,False,"{""mock"": true, ""action"": 0}",1764286355803,1764286355.8036075
50c5b599-1e09-4abf-8d37-da7b45302caa,unknown,gEkzvXx2ygPsqIIcAAAB,1764286353.319196,0,,demo,49,0,0.0,False,"{""mock"": true, ""action"": 0}",1764286355853,1764286355.853612
50c5b599-1e09-4abf-8d37-da7b45302caa,unknown,gEkzvXx2ygPsqIIcAAAB,1764286353.319196,0,,demo,50,0,0.0,True,"{""mock"": true, ""action"": 0}",1764286355903,1764286355.9038198
50c5b599-1e09-4abf-8d37-da7b45302caa,unknown,5iJw6qqAH8WspP58AAAD,1764286358.942029,0,ppo_pace_two_ing_2_seed1,default,1,0,-0.05000000074505806,False,"{""elapsed_time"": 0.22438526153564453, ""steps_taken"": 1, ""cumulative_reward"": -0.05000000074505806}",1764286359158,1764286359.165857
50c5b599-1e09-4abf-8d37-da7b45302caa,unknown,5iJw6qqAH8WspP58AAAD,1764286358.942029,0,ppo_pace_two_ing_2_seed1,default,2,0,-0.05000000074505806,False,"{""elapsed_time"": 0.300398588180542, ""steps_taken"": 2, ""cumulative_reward"": -0.05000000074505806}",1764286359209,1764286359.2418597
50c5b599-1e09-4abf-8d37-da7b45302caa,unknown,5iJw6qqAH8WspP58AAAD,1764286358.942029,0,ppo_pace_two_ing_2_seed1,default,3,4,-0.05000000074505806,False,"{""elapsed_time"": 0.37077951431274414, ""steps_taken"": 3, ""cumulative_reward"": -0.05000000074505806}",1764286359258,1764286359.3122408
50c5b599-1e09-4abf-8d37-da7b45302caa,unknown,5iJw6qqAH8WspP58AAAD,1764286358.942029,0,ppo_pace_two_ing_2_seed1,default,4,4,-0.05000000074505806,False,"{""elapsed_time"": 0.4406108856201172, ""steps_taken"": 4, ""cumulative_reward"": -0.05000000074505806}",1764286359308,1764286359.3820722
50c5b599-1e09-4abf-8d37-da7b45302caa,unknown,5iJw6qqAH8WspP58AAAD,1764286358.942029,0,ppo_pace_two_ing_2_seed1,default,5,0,-0.05000000074505806,False,"{""elapsed_time"": 0.5075230598449707, ""steps_taken"": 5, ""cumulative_reward"": -0.05000000074505806}",1764286359359,1764286359.4489849
50c5b599-1e09-4abf-8d37-da7b45302caa,unknown,5iJw6qqAH8WspP58AAAD,1764286358.942029,0,ppo_pace_two_ing_2_seed1,default,6,0,-0.05000000074505806,False,"{""elapsed_time"": 0.5732548236846924, ""steps_taken"": 6, ""cumulative_reward"": -0.05000000074505806}",1764286359409,1764286359.5147157
50c5b599-1e09-4abf-8d37-da7b45302caa,unknown,5iJw6qqAH8WspP58AAAD,1764286358.942029,0,ppo_pace_two_ing_2_seed1,default,7,0,-0.05000000074505806,False,"{""elapsed_time"": 0.6575376987457275, ""steps_taken"": 7, ""cumulative_reward"": -0.05000000074505806}",1764286359459,1764286359.599
50c5b599-1e09-4abf-8d37-da7b45302caa,unknown,5iJw6qqAH8WspP58AAAD,1764286358.942029,0,ppo_pace_two_ing_2_seed1,default,8,0,-0.05000000074505806,False,"{""elapsed_time"": 0.7226941585540771, ""steps_taken"": 8, ""cumulative_reward"": -0.05000000074505806}",1764286359509,1764286359.6641564
50c5b599-1e09-4abf-8d37-da7b45302caa,unknown,5iJw6qqAH8WspP58AAAD,1764286358.942029,0,ppo_pace_two_ing_2_seed1,default,9,0,-0.05000000074505806,False,"{""elapsed_time"": 0.7875180244445801, ""steps_taken"": 9, ""cumulative_reward"": -0.05000000074505806}",1764286359559,1764286359.7289798
50c5b599-1e09-4abf-8d37-da7b45302caa,unknown,5iJw6qqAH8WspP58AAAD,1764286358.942029,0,ppo_pace_two_ing_2_seed1,default,10,4,-0.05000000074505806,False,"{""elapsed_time"": 0.847801923751831, ""steps_taken"": 10, ""cumulative_reward"": -0.05000000074505806}",1764286359610,1764286359.7892628
50c5b599-1e09-4abf-8d37-da7b45302caa,unknown,5iJw6qqAH8WspP58AAAD,1764286358.942029,0,ppo_pace_two_ing_2_seed1,default,11,4,-0.05000000074505806,False,"{""elapsed_time"": 0.9164893627166748, ""steps_taken"": 11, ""cumulative_reward"": -0.05000000074505806}",1764286359660,1764286359.857953
50c5b599-1e09-4abf-8d37-da7b45302caa,unknown,5iJw6qqAH8WspP58AAAD,1764286358.942029,0,ppo_pace_two_ing_2_seed1,default,12,0,-0.05000000074505806,False,"{""elapsed_time"": 0.9849317073822021, ""steps_taken"": 12, ""cumulative_reward"": -0.05000000074505806}",1764286359710,1764286359.9263935
50c5b599-1e09-4abf-8d37-da7b45302caa,unknown,5iJw6qqAH8WspP58AAAD,1764286358.942029,0,ppo_pace_two_ing_2_seed1,default,13,0,-0.05000000074505806,False,"{""elapsed_time"": 1.04598069190979, ""steps_taken"": 13, ""cumulative_reward"": -0.05000000074505806}",1764286359760,1764286359.9874434
50c5b599-1e09-4abf-8d37-da7b45302caa,unknown,5iJw6qqAH8WspP58AAAD,1764286358.942029,0,ppo_pace_two_ing_2_seed1,default,14,0,-0.05000000074505806,False,"{""elapsed_time"": 1.110572099685669, ""steps_taken"": 14, ""cumulative_reward"": -0.05000000074505806}",1764286359810,1764286360.0520334
50c5b599-1e09-4abf-8d37-da7b45302caa,unknown,5iJw6qqAH8WspP58AAAD,1764286358.942029,0,ppo_pace_two_ing_2_seed1,default,15,0,-0.05000000074505806,False,"{""elapsed_time"": 1.1826989650726318, ""steps_taken"": 15, ""cumulative_reward"": -0.05000000074505806}",1764286359861,1764286360.1241622
50c5b599-1e09-4abf-8d37-da7b45302caa,unknown,5iJw6qqAH8WspP58AAAD,1764286358.942029,0,ppo_pace_two_ing_2_seed1,default,16,0,-0.05000000074505806,False,"{""elapsed_time"": 1.2500829696655273, ""steps_taken"": 16, ""cumulative_reward"": -0.05000000074505806}",1764286359911,1764286360.1915438
50c5b599-1e09-4abf-8d37-da7b45302caa,unknown,5iJw6qqAH8WspP58AAAD,1764286358.942029,0,ppo_pace_two_ing_2_seed1,default,17,0,-0.05000000074505806,False,"{""elapsed_time"": 1.3097708225250244, ""steps_taken"": 17, ""cumulative_reward"": -0.05000000074505806}",1764286359961,1764286360.2512314
50c5b599-1e09-4abf-8d37-da7b45302caa,unknown,5iJw6qqAH8WspP58AAAD,1764286358.942029,0,ppo_pace_two_ing_2_seed1,default,18,0,-0.05000000074505806,False,"{""elapsed_time"": 1.3697419166564941, ""steps_taken"": 18, ""cumulative_reward"": -0.05000000074505806}",1764286360012,1764286360.311202
50c5b599-1e09-4abf-8d37-da7b45302caa,unknown,5iJw6qqAH8WspP58AAAD,1764286358.942029,0,ppo_pace_two_ing_2_seed1,default,19,0,-0.05000000074505806,False,"{""elapsed_time"": 1.433129072189331, ""steps_taken"": 19, ""cumulative_reward"": -0.05000000074505806}",1764286360062,1764286360.374589
50c5b599-1e09-4abf-8d37-da7b45302caa,unknown,5iJw6qqAH8WspP58AAAD,1764286358.942029,0,ppo_pace_two_ing_2_seed1,default,20,0,-0.05000000074505806,False,"{""elapsed_time"": 1.5081660747528076, ""steps_taken"": 20, ""cumulative_reward"": -0.05000000074505806}",1764286360113,1764286360.449629
50c5b599-1e09-4abf-8d37-da7b45302caa,unknown,5iJw6qqAH8WspP58AAAD,1764286358.942029,0,ppo_pace_two_ing_2_seed1,default,21,0,-0.05000000074505806,False,"{""elapsed_time"": 1.573786735534668, ""steps_taken"": 21, ""cumulative_reward"": -0.05000000074505806}",1764286360163,1764286360.5152497
50c5b599-1e09-4abf-8d37-da7b45302caa,unknown,5iJw6qqAH8WspP58AAAD,1764286358.942029,0,ppo_pace_two_ing_2_seed1,default,22,0,-0.05000000074505806,False,"{""elapsed_time"": 1.6353793144226074, ""steps_taken"": 22, ""cumulative_reward"": -0.05000000074505806}",1764286360214,1764286360.5768402
50c5b599-1e09-4abf-8d37-da7b45302caa,unknown,5iJw6qqAH8WspP58AAAD,1764286358.942029,0,ppo_pace_two_ing_2_seed1,default,23,0,-0.05000000074505806,False,"{""elapsed_time"": 1.6955199241638184, ""steps_taken"": 23, ""cumulative_reward"": -0.05000000074505806}",1764286360263,1764286360.6369808
50c5b599-1e09-4abf-8d37-da7b45302caa,unknown,5iJw6qqAH8WspP58AAAD,1764286358.942029,0,ppo_pace_two_ing_2_seed1,default,24,0,-0.05000000074505806,False,"{""elapsed_time"": 1.7561278343200684, ""steps_taken"": 24, ""cumulative_reward"": -0.05000000074505806}",1764286360313,1764286360.6975892
50c5b599-1e09-4abf-8d37-da7b45302caa,unknown,5iJw6qqAH8WspP58AAAD,1764286358.942029,0,ppo_pace_two_ing_2_seed1,default,25,0,-0.05000000074505806,False,"{""elapsed_time"": 1.8182332515716553, ""steps_taken"": 25, ""cumulative_reward"": -0.05000000074505806}",1764286360364,1764286360.759694
50c5b599-1e09-4abf-8d37-da7b45302caa,unknown,5iJw6qqAH8WspP58AAAD,1764286358.942029,0,ppo_pace_two_ing_2_seed1,default,26,0,-0.05000000074505806,False,"{""elapsed_time"": 1.8804824352264404, ""steps_taken"": 26, ""cumulative_reward"": -0.05000000074505806}",1764286360414,1764286360.8219457
50c5b599-1e09-4abf-8d37-da7b45302caa,unknown,5iJw6qqAH8WspP58AAAD,1764286358.942029,0,ppo_pace_two_ing_2_seed1,default,27,0,-0.05000000074505806,False,"{""elapsed_time"": 1.963331699371338, ""steps_taken"": 27, ""cumulative_reward"": -0.05000000074505806}",1764286360464,1764286360.904799
50c5b599-1e09-4abf-8d37-da7b45302caa,unknown,5iJw6qqAH8WspP58AAAD,1764286358.942029,0,ppo_pace_two_ing_2_seed1,default,28,0,-0.05000000074505806,False,"{""elapsed_time"": 2.030066728591919, ""steps_taken"": 28, ""cumulative_reward"": -0.05000000074505806}",1764286360514,1764286360.9715276
50c5b599-1e09-4abf-8d37-da7b45302caa,unknown,5iJw6qqAH8WspP58AAAD,1764286358.942029,0,ppo_pace_two_ing_2_seed1,default,29,0,-0.05000000074505806,False,"{""elapsed_time"": 2.0932810306549072, ""steps_taken"": 29, ""cumulative_reward"": -0.05000000074505806}",1764286360565,1764286361.0347438
50c5b599-1e09-4abf-8d37-da7b45302caa,unknown,5iJw6qqAH8WspP58AAAD,1764286358.942029,0,ppo_pace_two_ing_2_seed1,default,30,0,-0.05000000074505806,False,"{""elapsed_time"": 2.1562845706939697, ""steps_taken"": 30, ""cumulative_reward"": -0.05000000074505806}",1764286360615,1764286361.097747
50c5b599-1e09-4abf-8d37-da7b45302caa,unknown,5iJw6qqAH8WspP58AAAD,1764286358.942029,0,ppo_pace_two_ing_2_seed1,default,31,0,-0.05000000074505806,False,"{""elapsed_time"": 2.2211337089538574, ""steps_taken"": 31, ""cumulative_reward"": -0.05000000074505806}",1764286360664,1764286361.1625955
50c5b599-1e09-4abf-8d37-da7b45302caa,unknown,5iJw6qqAH8WspP58AAAD,1764286358.942029,0,ppo_pace_two_ing_2_seed1,default,32,0,-0.05000000074505806,False,"{""elapsed_time"": 2.282914161682129, ""steps_taken"": 32, ""cumulative_reward"": -0.05000000074505806}",1764286360715,1764286361.224377
50c5b599-1e09-4abf-8d37-da7b45302caa,unknown,5iJw6qqAH8WspP58AAAD,1764286358.942029,0,ppo_pace_two_ing_2_seed1,default,33,0,-0.05000000074505806,False,"{""elapsed_time"": 2.344792127609253, ""steps_taken"": 33, ""cumulative_reward"": -0.05000000074505806}",1764286360765,1764286361.286254
50c5b599-1e09-4abf-8d37-da7b45302caa,unknown,5iJw6qqAH8WspP58AAAD,1764286358.942029,0,ppo_pace_two_ing_2_seed1,default,34,0,-0.05000000074505806,False,"{""elapsed_time"": 2.40718150138855, ""steps_taken"": 34, ""cumulative_reward"": -0.05000000074505806}",1764286360815,1764286361.348643
50c5b599-1e09-4abf-8d37-da7b45302caa,unknown,5iJw6qqAH8WspP58AAAD,1764286358.942029,0,ppo_pace_two_ing_2_seed1,default,35,0,-0.05000000074505806,False,"{""elapsed_time"": 2.46977162361145, ""steps_taken"": 35, ""cumulative_reward"": -0.05000000074505806}",1764286360865,1764286361.4112334
50c5b599-1e09-4abf-8d37-da7b45302caa,unknown,5iJw6qqAH8WspP58AAAD,1764286358.942029,0,ppo_pace_two_ing_2_seed1,default,36,0,-0.05000000074505806,False,"{""elapsed_time"": 2.5493767261505127, ""steps_taken"": 36, ""cumulative_reward"": -0.05000000074505806}",1764286360915,1764286361.4908404
50c5b599-1e09-4abf-8d37-da7b45302caa,unknown,5iJw6qqAH8WspP58AAAD,1764286358.942029,0,ppo_pace_two_ing_2_seed1,default,37,0,-0.05000000074505806,False,"{""elapsed_time"": 2.612389326095581, ""steps_taken"": 37, ""cumulative_reward"": -0.05000000074505806}",1764286360965,1764286361.5538507
50c5b599-1e09-4abf-8d37-da7b45302caa,unknown,5iJw6qqAH8WspP58AAAD,1764286358.942029,0,ppo_pace_two_ing_2_seed1,default,38,0,-0.05000000074505806,False,"{""elapsed_time"": 2.672961473464966, ""steps_taken"": 38, ""cumulative_reward"": -0.05000000074505806}",1764286361015,1764286361.6144223
50c5b599-1e09-4abf-8d37-da7b45302caa,unknown,5iJw6qqAH8WspP58AAAD,1764286358.942029,0,ppo_pace_two_ing_2_seed1,default,39,0,-0.05000000074505806,False,"{""elapsed_time"": 2.733160972595215, ""steps_taken"": 39, ""cumulative_reward"": -0.05000000074505806}",1764286361066,1764286361.6746213
50c5b599-1e09-4abf-8d37-da7b45302caa,unknown,5iJw6qqAH8WspP58AAAD,1764286358.942029,0,ppo_pace_two_ing_2_seed1,default,40,0,-0.05000000074505806,False,"{""elapsed_time"": 2.793023109436035, ""steps_taken"": 40, ""cumulative_reward"": -0.05000000074505806}",1764286361115,1764286361.734484
50c5b599-1e09-4abf-8d37-da7b45302caa,unknown,5iJw6qqAH8WspP58AAAD,1764286358.942029,0,ppo_pace_two_ing_2_seed1,default,41,0,-0.05000000074505806,False,"{""elapsed_time"": 2.8555119037628174, ""steps_taken"": 41, ""cumulative_reward"": -0.05000000074505806}",1764286361165,1764286361.7969725
50c5b599-1e09-4abf-8d37-da7b45302caa,unknown,5iJw6qqAH8WspP58AAAD,1764286358.942029,0,ppo_pace_two_ing_2_seed1,default,42,0,-0.05000000074505806,False,"{""elapsed_time"": 2.921388626098633, ""steps_taken"": 42, ""cumulative_reward"": -0.05000000074505806}",1764286361216,1764286361.8628502
50c5b599-1e09-4abf-8d37-da7b45302caa,unknown,5iJw6qqAH8WspP58AAAD,1764286358.942029,0,ppo_pace_two_ing_2_seed1,default,43,0,-0.05000000074505806,False,"{""elapsed_time"": 2.981684923171997, ""steps_taken"": 43, ""cumulative_reward"": -0.05000000074505806}",1764286361266,1764286361.923146
50c5b599-1e09-4abf-8d37-da7b45302caa,unknown,5iJw6qqAH8WspP58AAAD,1764286358.942029,0,ppo_pace_two_ing_2_seed1,default,44,4,-0.05000000074505806,False,"{""elapsed_time"": 3.0422487258911133, ""steps_taken"": 44, ""cumulative_reward"": -0.05000000074505806}",1764286361316,1764286361.9837093
50c5b599-1e09-4abf-8d37-da7b45302caa,unknown,5iJw6qqAH8WspP58AAAD,1764286358.942029,0,ppo_pace_two_ing_2_seed1,default,45,4,-0.05000000074505806,False,"{""elapsed_time"": 3.107461452484131, ""steps_taken"": 45, ""cumulative_reward"": -0.05000000074505806}",1764286361367,1764286362.0489235
50c5b599-1e09-4abf-8d37-da7b45302caa,unknown,5iJw6qqAH8WspP58AAAD,1764286358.942029,0,ppo_pace_two_ing_2_seed1,default,46,4,-0.05000000074505806,False,"{""elapsed_time"": 3.173630714416504, ""steps_taken"": 46, ""cumulative_reward"": -0.05000000074505806}",1764286361417,1764286362.1150932
50c5b599-1e09-4abf-8d37-da7b45302caa,unknown,5iJw6qqAH8WspP58AAAD,1764286358.942029,0,ppo_pace_two_ing_2_seed1,default,47,0,-0.05000000074505806,False,"{""elapsed_time"": 3.236950397491455, ""steps_taken"": 47, ""cumulative_reward"": -0.05000000074505806}",1764286361467,1764286362.1784117
50c5b599-1e09-4abf-8d37-da7b45302caa,unknown,5iJw6qqAH8WspP58AAAD,1764286358.942029,0,ppo_pace_two_ing_2_seed1,default,48,0,-0.05000000074505806,False,"{""elapsed_time"": 3.3294568061828613, ""steps_taken"": 48, ""cumulative_reward"": -0.05000000074505806}",1764286361517,1764286362.270919
50c5b599-1e09-4abf-8d37-da7b45302caa,unknown,5iJw6qqAH8WspP58AAAD,1764286358.942029,0,ppo_pace_two_ing_2_seed1,default,49,0,-0.05000000074505806,False,"{""elapsed_time"": 3.3945820331573486, ""steps_taken"": 49, ""cumulative_reward"": -0.05000000074505806}",1764286361567,1764286362.3360431
50c5b599-1e09-4abf-8d37-da7b45302caa,unknown,5iJw6qqAH8WspP58AAAD,1764286358.942029,0,ppo_pace_two_ing_2_seed1,default,50,0,-0.05000000074505806,False,"{""elapsed_time"": 3.459645986557007, ""steps_taken"": 50, ""cumulative_reward"": -0.05000000074505806}",1764286361617,1764286362.4011068
50c5b599-1e09-4abf-8d37-da7b45302caa,unknown,5iJw6qqAH8WspP58AAAD,1764286358.942029,0,ppo_pace_two_ing_2_seed1,default,51,0,-0.05000000074505806,False,"{""elapsed_time"": 3.520092248916626, ""steps_taken"": 51, ""cumulative_reward"": -0.05000000074505806}",1764286361667,1764286362.4615526
50c5b599-1e09-4abf-8d37-da7b45302caa,unknown,5iJw6qqAH8WspP58AAAD,1764286358.942029,0,ppo_pace_two_ing_2_seed1,default,52,0,-0.05000000074505806,False,"{""elapsed_time"": 3.5820631980895996, ""steps_taken"": 52, ""cumulative_reward"": -0.05000000074505806}",1764286361718,1764286362.5235229
50c5b599-1e09-4abf-8d37-da7b45302caa,unknown,5iJw6qqAH8WspP58AAAD,1764286358.942029,0,ppo_pace_two_ing_2_seed1,default,53,0,-0.05000000074505806,False,"{""elapsed_time"": 3.6418466567993164, ""steps_taken"": 53, ""cumulative_reward"": -0.05000000074505806}",1764286361767,1764286362.5833073
50c5b599-1e09-4abf-8d37-da7b45302caa,unknown,5iJw6qqAH8WspP58AAAD,1764286358.942029,0,ppo_pace_two_ing_2_seed1,default,54,0,-0.05000000074505806,False,"{""elapsed_time"": 3.7137138843536377, ""steps_taken"": 54, ""cumulative_reward"": -0.05000000074505806}",1764286361817,1764286362.655175
50c5b599-1e09-4abf-8d37-da7b45302caa,unknown,5iJw6qqAH8WspP58AAAD,1764286358.942029,0,ppo_pace_two_ing_2_seed1,default,55,0,-0.05000000074505806,False,"{""elapsed_time"": 3.7733683586120605, ""steps_taken"": 55, ""cumulative_reward"": -0.05000000074505806}",1764286361868,1764286362.7148283
50c5b599-1e09-4abf-8d37-da7b45302caa,unknown,5iJw6qqAH8WspP58AAAD,1764286358.942029,0,ppo_pace_two_ing_2_seed1,default,56,0,-0.05000000074505806,False,"{""elapsed_time"": 3.833850860595703, ""steps_taken"": 56, ""cumulative_reward"": -0.05000000074505806}",1764286361918,1764286362.7753115
50c5b599-1e09-4abf-8d37-da7b45302caa,unknown,5iJw6qqAH8WspP58AAAD,1764286358.942029,0,ppo_pace_two_ing_2_seed1,default,57,0,-0.05000000074505806,False,"{""elapsed_time"": 3.8940346240997314, ""steps_taken"": 57, ""cumulative_reward"": -0.05000000074505806}",1764286361969,1764286362.8354948
50c5b599-1e09-4abf-8d37-da7b45302caa,unknown,5iJw6qqAH8WspP58AAAD,1764286358.942029,0,ppo_pace_two_ing_2_seed1,default,58,0,-0.05000000074505806,False,"{""elapsed_time"": 3.9540092945098877, ""steps_taken"": 58, ""cumulative_reward"": -0.05000000074505806}",1764286362019,1764286362.8954694
50c5b599-1e09-4abf-8d37-da7b45302caa,unknown,5iJw6qqAH8WspP58AAAD,1764286358.942029,0,ppo_pace_two_ing_2_seed1,default,59,4,-0.05000000074505806,False,"{""elapsed_time"": 4.013895273208618, ""steps_taken"": 59, ""cumulative_reward"": -0.05000000074505806}",1764286362070,1764286362.9553554
50c5b599-1e09-4abf-8d37-da7b45302caa,unknown,5iJw6qqAH8WspP58AAAD,1764286358.942029,0,ppo_pace_two_ing_2_seed1,default,60,4,-0.05000000074505806,False,"{""elapsed_time"": 4.075207233428955, ""steps_taken"": 60, ""cumulative_reward"": -0.05000000074505806}",1764286362120,1764286363.0166698
50c5b599-1e09-4abf-8d37-da7b45302caa,unknown,5iJw6qqAH8WspP58AAAD,1764286358.942029,0,ppo_pace_two_ing_2_seed1,default,61,4,-0.05000000074505806,False,"{""elapsed_time"": 4.147779226303101, ""steps_taken"": 61, ""cumulative_reward"": -0.05000000074505806}",1764286362170,1764286363.089243
50c5b599-1e09-4abf-8d37-da7b45302caa,unknown,5iJw6qqAH8WspP58AAAD,1764286358.942029,0,ppo_pace_two_ing_2_seed1,default,62,4,-0.05000000074505806,False,"{""elapsed_time"": 4.217479467391968, ""steps_taken"": 62, ""cumulative_reward"": -0.05000000074505806}",1764286362220,1764286363.1589413
50c5b599-1e09-4abf-8d37-da7b45302caa,unknown,5iJw6qqAH8WspP58AAAD,1764286358.942029,0,ppo_pace_two_ing_2_seed1,default,63,0,-0.05000000074505806,False,"{""elapsed_time"": 4.317233085632324, ""steps_taken"": 63, ""cumulative_reward"": -0.05000000074505806}",1764286362272,1764286363.2586958
50c5b599-1e09-4abf-8d37-da7b45302caa,unknown,5iJw6qqAH8WspP58AAAD,1764286358.942029,0,ppo_pace_two_ing_2_seed1,default,64,0,-0.05000000074505806,False,"{""elapsed_time"": 4.3874671459198, ""steps_taken"": 64, ""cumulative_reward"": -0.05000000074505806}",1764286362323,1764286363.3289316
50c5b599-1e09-4abf-8d37-da7b45302caa,unknown,5iJw6qqAH8WspP58AAAD,1764286358.942029,0,ppo_pace_two_ing_2_seed1,default,65,0,-0.05000000074505806,False,"{""elapsed_time"": 4.462320804595947, ""steps_taken"": 65, ""cumulative_reward"": -0.05000000074505806}",1764286362373,1764286363.4037821
50c5b599-1e09-4abf-8d37-da7b45302caa,unknown,5iJw6qqAH8WspP58AAAD,1764286358.942029,0,ppo_pace_two_ing_2_seed1,default,66,0,-0.05000000074505806,False,"{""elapsed_time"": 4.525800943374634, ""steps_taken"": 66, ""cumulative_reward"": -0.05000000074505806}",1764286362423,1764286363.4672625
50c5b599-1e09-4abf-8d37-da7b45302caa,unknown,5iJw6qqAH8WspP58AAAD,1764286358.942029,0,ppo_pace_two_ing_2_seed1,default,67,0,-0.05000000074505806,False,"{""elapsed_time"": 4.586725473403931, ""steps_taken"": 67, ""cumulative_reward"": -0.05000000074505806}",1764286362473,1764286363.5281858
50c5b599-1e09-4abf-8d37-da7b45302caa,unknown,5iJw6qqAH8WspP58AAAD,1764286358.942029,0,ppo_pace_two_ing_2_seed1,default,68,0,-0.05000000074505806,False,"{""elapsed_time"": 4.6520750522613525, ""steps_taken"": 68, ""cumulative_reward"": -0.05000000074505806}",1764286362523,1764286363.5935352
50c5b599-1e09-4abf-8d37-da7b45302caa,unknown,5iJw6qqAH8WspP58AAAD,1764286358.942029,0,ppo_pace_two_ing_2_seed1,default,69,0,-0.05000000074505806,False,"{""elapsed_time"": 4.712617635726929, ""steps_taken"": 69, ""cumulative_reward"": -0.05000000074505806}",1764286362573,1764286363.654078
50c5b599-1e09-4abf-8d37-da7b45302caa,unknown,5iJw6qqAH8WspP58AAAD,1764286358.942029,0,ppo_pace_two_ing_2_seed1,default,70,0,-0.05000000074505806,False,"{""elapsed_time"": 4.77395224571228, ""steps_taken"": 70, ""cumulative_reward"": -0.05000000074505806}",1764286362623,1764286363.715412
50c5b599-1e09-4abf-8d37-da7b45302caa,unknown,5iJw6qqAH8WspP58AAAD,1764286358.942029,0,ppo_pace_two_ing_2_seed1,default,71,0,-0.05000000074505806,False,"{""elapsed_time"": 4.835586071014404, ""steps_taken"": 71, ""cumulative_reward"": -0.05000000074505806}",1764286362673,1764286363.777046
50c5b599-1e09-4abf-8d37-da7b45302caa,unknown,5iJw6qqAH8WspP58AAAD,1764286358.942029,0,ppo_pace_two_ing_2_seed1,default,72,0,-0.05000000074505806,False,"{""elapsed_time"": 4.89712381362915, ""steps_taken"": 72, ""cumulative_reward"": -0.05000000074505806}",1764286362724,1764286363.8385844
50c5b599-1e09-4abf-8d37-da7b45302caa,unknown,5iJw6qqAH8WspP58AAAD,1764286358.942029,0,ppo_pace_two_ing_2_seed1,default,73,0,-0.05000000074505806,False,"{""elapsed_time"": 4.957581996917725, ""steps_taken"": 73, ""cumulative_reward"": -0.05000000074505806}",1764286362774,1764286363.8990433
50c5b599-1e09-4abf-8d37-da7b45302caa,unknown,5iJw6qqAH8WspP58AAAD,1764286358.942029,0,ppo_pace_two_ing_2_seed1,default,74,0,-0.05000000074505806,False,"{""elapsed_time"": 5.018855094909668, ""steps_taken"": 74, ""cumulative_reward"": -0.05000000074505806}",1764286362824,1764286363.9603162
50c5b599-1e09-4abf-8d37-da7b45302caa,unknown,5iJw6qqAH8WspP58AAAD,1764286358.942029,0,ppo_pace_two_ing_2_seed1,default,75,1,-0.05000000074505806,False,"{""elapsed_time"": 5.081935882568359, ""steps_taken"": 75, ""cumulative_reward"": -0.05000000074505806}",1764286362874,1764286364.0233998
50c5b599-1e09-4abf-8d37-da7b45302caa,unknown,5iJw6qqAH8WspP58AAAD,1764286358.942029,0,ppo_pace_two_ing_2_seed1,default,76,1,-0.05000000074505806,False,"{""elapsed_time"": 5.1499550342559814, ""steps_taken"": 76, ""cumulative_reward"": -0.05000000074505806}",1764286362925,1764286364.0914166
50c5b599-1e09-4abf-8d37-da7b45302caa,unknown,5iJw6qqAH8WspP58AAAD,1764286358.942029,0,ppo_pace_two_ing_2_seed1,default,77,1,-0.05000000074505806,False,"{""elapsed_time"": 5.213569402694702, ""steps_taken"": 77, ""cumulative_reward"": -0.05000000074505806}",1764286362975,1764286364.1550312
50c5b599-1e09-4abf-8d37-da7b45302caa,unknown,5iJw6qqAH8WspP58AAAD,1764286358.942029,0,ppo_pace_two_ing_2_seed1,default,78,0,-0.05000000074505806,False,"{""elapsed_time"": 5.280513525009155, ""steps_taken"": 78, ""cumulative_reward"": -0.05000000074505806}",1764286363025,1764286364.2219748
50c5b599-1e09-4abf-8d37-da7b45302caa,unknown,5iJw6qqAH8WspP58AAAD,1764286358.942029,0,ppo_pace_two_ing_2_seed1,default,79,0,-0.05000000074505806,False,"{""elapsed_time"": 5.343113660812378, ""steps_taken"": 79, ""cumulative_reward"": -0.05000000074505806}",1764286363075,1764286364.2845745
50c5b599-1e09-4abf-8d37-da7b45302caa,unknown,5iJw6qqAH8WspP58AAAD,1764286358.942029,0,ppo_pace_two_ing_2_seed1,default,80,0,-0.05000000074505806,False,"{""elapsed_time"": 5.404415845870972, ""steps_taken"": 80, ""cumulative_reward"": -0.05000000074505806}",1764286363125,1764286364.345877
50c5b599-1e09-4abf-8d37-da7b45302caa,unknown,5iJw6qqAH8WspP58AAAD,1764286358.942029,0,ppo_pace_two_ing_2_seed1,default,81,0,-0.05000000074505806,False,"{""elapsed_time"": 5.4649975299835205, ""steps_taken"": 81, ""cumulative_reward"": -0.05000000074505806}",1764286363176,1764286364.4064584
50c5b599-1e09-4abf-8d37-da7b45302caa,unknown,5iJw6qqAH8WspP58AAAD,1764286358.942029,0,ppo_pace_two_ing_2_seed1,default,82,0,-0.05000000074505806,False,"{""elapsed_time"": 5.5644049644470215, ""steps_taken"": 82, ""cumulative_reward"": -0.05000000074505806}",1764286363225,1764286364.505867
50c5b599-1e09-4abf-8d37-da7b45302caa,unknown,5iJw6qqAH8WspP58AAAD,1764286358.942029,0,ppo_pace_two_ing_2_seed1,default,83,0,-0.05000000074505806,False,"{""elapsed_time"": 5.62608528137207, ""steps_taken"": 83, ""cumulative_reward"": -0.05000000074505806}",1764286363275,1764286364.5675464
50c5b599-1e09-4abf-8d37-da7b45302caa,unknown,5iJw6qqAH8WspP58AAAD,1764286358.942029,0,ppo_pace_two_ing_2_seed1,default,84,0,-0.05000000074505806,False,"{""elapsed_time"": 5.687485218048096, ""steps_taken"": 84, ""cumulative_reward"": -0.05000000074505806}",1764286363326,1764286364.6289465
50c5b599-1e09-4abf-8d37-da7b45302caa,unknown,5iJw6qqAH8WspP58AAAD,1764286358.942029,0,ppo_pace_two_ing_2_seed1,default,85,0,-0.05000000074505806,False,"{""elapsed_time"": 5.748074769973755, ""steps_taken"": 85, ""cumulative_reward"": -0.05000000074505806}",1764286363376,1764286364.6895354
50c5b599-1e09-4abf-8d37-da7b45302caa,unknown,5iJw6qqAH8WspP58AAAD,1764286358.942029,0,ppo_pace_two_ing_2_seed1,default,86,0,-0.05000000074505806,False,"{""elapsed_time"": 5.808745861053467, ""steps_taken"": 86, ""cumulative_reward"": -0.05000000074505806}",1764286363426,1764286364.7502067
50c5b599-1e09-4abf-8d37-da7b45302caa,unknown,5iJw6qqAH8WspP58AAAD,1764286358.942029,0,ppo_pace_two_ing_2_seed1,default,87,0,-0.05000000074505806,False,"{""elapsed_time"": 5.868959665298462, ""steps_taken"": 87, ""cumulative_reward"": -0.05000000074505806}",1764286363476,1764286364.8104198
50c5b599-1e09-4abf-8d37-da7b45302caa,unknown,5iJw6qqAH8WspP58AAAD,1764286358.942029,0,ppo_pace_two_ing_2_seed1,default,88,0,-0.05000000074505806,False,"{""elapsed_time"": 5.929488658905029, ""steps_taken"": 88, ""cumulative_reward"": -0.05000000074505806}",1764286363526,1764286364.8709486
50c5b599-1e09-4abf-8d37-da7b45302caa,unknown,5iJw6qqAH8WspP58AAAD,1764286358.942029,0,ppo_pace_two_ing_2_seed1,default,89,0,-0.05000000074505806,False,"{""elapsed_time"": 5.989152669906616, ""steps_taken"": 89, ""cumulative_reward"": -0.05000000074505806}",1764286363577,1764286364.930613
50c5b599-1e09-4abf-8d37-da7b45302caa,unknown,5iJw6qqAH8WspP58AAAD,1764286358.942029,0,ppo_pace_two_ing_2_seed1,default,90,0,-0.05000000074505806,False,"{""elapsed_time"": 6.049482107162476, ""steps_taken"": 90, ""cumulative_reward"": -0.05000000074505806}",1764286363626,1764286364.9909427
50c5b599-1e09-4abf-8d37-da7b45302caa,unknown,5iJw6qqAH8WspP58AAAD,1764286358.942029,0,ppo_pace_two_ing_2_seed1,default,91,0,-0.05000000074505806,False,"{""elapsed_time"": 6.116259813308716, ""steps_taken"": 91, ""cumulative_reward"": -0.05000000074505806}",1764286363677,1764286365.0577245
50c5b599-1e09-4abf-8d37-da7b45302caa,unknown,5iJw6qqAH8WspP58AAAD,1764286358.942029,0,ppo_pace_two_ing_2_seed1,default,92,0,-0.05000000074505806,False,"{""elapsed_time"": 6.182229280471802, ""steps_taken"": 92, ""cumulative_reward"": -0.05000000074505806}",1764286363726,1764286365.1236923
50c5b599-1e09-4abf-8d37-da7b45302caa,unknown,5iJw6qqAH8WspP58AAAD,1764286358.942029,0,ppo_pace_two_ing_2_seed1,default,93,0,-0.05000000074505806,False,"{""elapsed_time"": 6.243303298950195, ""steps_taken"": 93, ""cumulative_reward"": -0.05000000074505806}",1764286363777,1764286365.1847644
50c5b599-1e09-4abf-8d37-da7b45302caa,unknown,5iJw6qqAH8WspP58AAAD,1764286358.942029,0,ppo_pace_two_ing_2_seed1,default,94,0,-0.05000000074505806,False,"{""elapsed_time"": 6.303255558013916, ""steps_taken"": 94, ""cumulative_reward"": -0.05000000074505806}",1764286363828,1764286365.2447152
50c5b599-1e09-4abf-8d37-da7b45302caa,unknown,5iJw6qqAH8WspP58AAAD,1764286358.942029,0,ppo_pace_two_ing_2_seed1,default,95,0,-0.05000000074505806,False,"{""elapsed_time"": 6.363657474517822, ""steps_taken"": 95, ""cumulative_reward"": -0.05000000074505806}",1764286363878,1764286365.3051176
50c5b599-1e09-4abf-8d37-da7b45302caa,unknown,5iJw6qqAH8WspP58AAAD,1764286358.942029,0,ppo_pace_two_ing_2_seed1,default,96,0,-0.05000000074505806,False,"{""elapsed_time"": 6.435696840286255, ""steps_taken"": 96, ""cumulative_reward"": -0.05000000074505806}",1764286363928,1764286365.3771582
50c5b599-1e09-4abf-8d37-da7b45302caa,unknown,5iJw6qqAH8WspP58AAAD,1764286358.942029,0,ppo_pace_two_ing_2_seed1,default,97,0,-0.05000000074505806,False,"{""elapsed_time"": 6.4958062171936035, ""steps_taken"": 97, ""cumulative_reward"": -0.05000000074505806}",1764286363978,1764286365.4372668
50c5b599-1e09-4abf-8d37-da7b45302caa,unknown,5iJw6qqAH8WspP58AAAD,1764286358.942029,0,ppo_pace_two_ing_2_seed1,default,98,0,-0.05000000074505806,False,"{""elapsed_time"": 6.555569171905518, ""steps_taken"": 98, ""cumulative_reward"": -0.05000000074505806}",1764286364029,1764286365.497029
50c5b599-1e09-4abf-8d37-da7b45302caa,unknown,5iJw6qqAH8WspP58AAAD,1764286358.942029,0,ppo_pace_two_ing_2_seed1,default,99,0,-0.05000000074505806,False,"{""elapsed_time"": 6.618700742721558, ""steps_taken"": 99, ""cumulative_reward"": -0.05000000074505806}",1764286364078,1764286365.5601623
50c5b599-1e09-4abf-8d37-da7b45302caa,unknown,5iJw6qqAH8WspP58AAAD,1764286358.942029,0,ppo_pace_two_ing_2_seed1,default,100,0,-0.05000000074505806,False,"{""elapsed_time"": 6.681478261947632, ""steps_taken"": 100, ""cumulative_reward"": -0.05000000074505806}",1764286364128,1764286365.6229389
50c5b599-1e09-4abf-8d37-da7b45302caa,unknown,5iJw6qqAH8WspP58AAAD,1764286358.942029,0,ppo_pace_two_ing_2_seed1,default,101,0,-0.05000000074505806,False,"{""elapsed_time"": 6.742683172225952, ""steps_taken"": 101, ""cumulative_reward"": -0.05000000074505806}",1764286364178,1764286365.6841433
50c5b599-1e09-4abf-8d37-da7b45302caa,unknown,5iJw6qqAH8WspP58AAAD,1764286358.942029,0,ppo_pace_two_ing_2_seed1,default,102,1,-0.05000000074505806,False,"{""elapsed_time"": 6.80263090133667, ""steps_taken"": 102, ""cumulative_reward"": -0.05000000074505806}",1764286364229,1764286365.7440906
50c5b599-1e09-4abf-8d37-da7b45302caa,unknown,5iJw6qqAH8WspP58AAAD,1764286358.942029,0,ppo_pace_two_ing_2_seed1,default,103,1,-0.05000000074505806,False,"{""elapsed_time"": 6.86258339881897, ""steps_taken"": 103, ""cumulative_reward"": -0.05000000074505806}",1764286364279,1764286365.8040438
50c5b599-1e09-4abf-8d37-da7b45302caa,unknown,5iJw6qqAH8WspP58AAAD,1764286358.942029,0,ppo_pace_two_ing_2_seed1,default,104,1,-0.05000000074505806,False,"{""elapsed_time"": 6.922403335571289, ""steps_taken"": 104, ""cumulative_reward"": -0.05000000074505806}",1764286364329,1764286365.863864
50c5b599-1e09-4abf-8d37-da7b45302caa,unknown,5iJw6qqAH8WspP58AAAD,1764286358.942029,0,ppo_pace_two_ing_2_seed1,default,105,1,-0.05000000074505806,False,"{""elapsed_time"": 6.982945919036865, ""steps_taken"": 105, ""cumulative_reward"": -0.05000000074505806}",1764286364379,1764286365.9244063
50c5b599-1e09-4abf-8d37-da7b45302caa,unknown,5iJw6qqAH8WspP58AAAD,1764286358.942029,0,ppo_pace_two_ing_2_seed1,default,106,0,-0.05000000074505806,False,"{""elapsed_time"": 7.045680284500122, ""steps_taken"": 106, ""cumulative_reward"": -0.05000000074505806}",1764286364429,1764286365.9871407
50c5b599-1e09-4abf-8d37-da7b45302caa,unknown,5iJw6qqAH8WspP58AAAD,1764286358.942029,0,ppo_pace_two_ing_2_seed1,default,107,0,-0.05000000074505806,False,"{""elapsed_time"": 7.160901308059692, ""steps_taken"": 107, ""cumulative_reward"": -0.05000000074505806}",1764286364481,1764286366.1023636
50c5b599-1e09-4abf-8d37-da7b45302caa,unknown,5iJw6qqAH8WspP58AAAD,1764286358.942029,0,ppo_pace_two_ing_2_seed1,default,108,0,-0.05000000074505806,False,"{""elapsed_time"": 7.2302634716033936, ""steps_taken"": 108, ""cumulative_reward"": -0.05000000074505806}",1764286364531,1764286366.1717305
50c5b599-1e09-4abf-8d37-da7b45302caa,unknown,5iJw6qqAH8WspP58AAAD,1764286358.942029,0,ppo_pace_two_ing_2_seed1,default,109,0,-0.05000000074505806,False,"{""elapsed_time"": 7.299647569656372, ""steps_taken"": 109, ""cumulative_reward"": -0.05000000074505806}",1764286364581,1764286366.2411091
50c5b599-1e09-4abf-8d37-da7b45302caa,unknown,5iJw6qqAH8WspP58AAAD,1764286358.942029,0,ppo_pace_two_ing_2_seed1,default,110,0,-0.05000000074505806,False,"{""elapsed_time"": 7.365127801895142, ""steps_taken"": 110, ""cumulative_reward"": -0.05000000074505806}",1764286364632,1764286366.3065896
50c5b599-1e09-4abf-8d37-da7b45302caa,unknown,5iJw6qqAH8WspP58AAAD,1764286358.942029,0,ppo_pace_two_ing_2_seed1,default,111,0,-0.05000000074505806,False,"{""elapsed_time"": 7.43115234375, ""steps_taken"": 111, ""cumulative_reward"": -0.05000000074505806}",1764286364682,1764286366.3726153
50c5b599-1e09-4abf-8d37-da7b45302caa,unknown,5iJw6qqAH8WspP58AAAD,1764286358.942029,0,ppo_pace_two_ing_2_seed1,default,112,0,-0.05000000074505806,False,"{""elapsed_time"": 7.496335744857788, ""steps_taken"": 112, ""cumulative_reward"": -0.05000000074505806}",1764286364733,1764286366.437797
50c5b599-1e09-4abf-8d37-da7b45302caa,unknown,5iJw6qqAH8WspP58AAAD,1764286358.942029,0,ppo_pace_two_ing_2_seed1,default,113,0,-0.05000000074505806,False,"{""elapsed_time"": 7.561577796936035, ""steps_taken"": 113, ""cumulative_reward"": -0.05000000074505806}",1764286364783,1764286366.5030398
50c5b599-1e09-4abf-8d37-da7b45302caa,unknown,5iJw6qqAH8WspP58AAAD,1764286358.942029,0,ppo_pace_two_ing_2_seed1,default,114,0,-0.05000000074505806,False,"{""elapsed_time"": 7.624044418334961, ""steps_taken"": 114, ""cumulative_reward"": -0.05000000074505806}",1764286364833,1764286366.565506
50c5b599-1e09-4abf-8d37-da7b45302caa,unknown,5iJw6qqAH8WspP58AAAD,1764286358.942029,0,ppo_pace_two_ing_2_seed1,default,115,0,-0.05000000074505806,False,"{""elapsed_time"": 7.687848806381226, ""steps_taken"": 115, ""cumulative_reward"": -0.05000000074505806}",1764286364883,1764286366.6293101
50c5b599-1e09-4abf-8d37-da7b45302caa,unknown,5iJw6qqAH8WspP58AAAD,1764286358.942029,0,ppo_pace_two_ing_2_seed1,default,116,0,-0.05000000074505806,False,"{""elapsed_time"": 7.749598741531372, ""steps_taken"": 116, ""cumulative_reward"": -0.05000000074505806}",1764286364933,1764286366.6910598
50c5b599-1e09-4abf-8d37-da7b45302caa,unknown,5iJw6qqAH8WspP58AAAD,1764286358.942029,0,ppo_pace_two_ing_2_seed1,default,117,3,-0.05000000074505806,False,"{""elapsed_time"": 7.810737609863281, ""steps_taken"": 117, ""cumulative_reward"": -0.05000000074505806}",1764286364984,1764286366.7521987
50c5b599-1e09-4abf-8d37-da7b45302caa,unknown,5iJw6qqAH8WspP58AAAD,1764286358.942029,0,ppo_pace_two_ing_2_seed1,default,118,3,-0.05000000074505806,False,"{""elapsed_time"": 7.8747336864471436, ""steps_taken"": 118, ""cumulative_reward"": -0.05000000074505806}",1764286365034,1764286366.8161948
50c5b599-1e09-4abf-8d37-da7b45302caa,unknown,5iJw6qqAH8WspP58AAAD,1764286358.942029,0,ppo_pace_two_ing_2_seed1,default,119,3,-0.05000000074505806,False,"{""elapsed_time"": 7.9358320236206055, ""steps_taken"": 119, ""cumulative_reward"": -0.05000000074505806}",1764286365084,1764286366.8772933
50c5b599-1e09-4abf-8d37-da7b45302caa,unknown,5iJw6qqAH8WspP58AAAD,1764286358.942029,0,ppo_pace_two_ing_2_seed1,default,120,0,-0.05000000074505806,False,"{""elapsed_time"": 8.001274108886719, ""steps_taken"": 120, ""cumulative_reward"": -0.05000000074505806}",1764286365134,1764286366.9427354
50c5b599-1e09-4abf-8d37-da7b45302caa,unknown,5iJw6qqAH8WspP58AAAD,1764286358.942029,0,ppo_pace_two_ing_2_seed1,default,121,0,-0.05000000074505806,False,"{""elapsed_time"": 8.061803340911865, ""steps_taken"": 121, ""cumulative_reward"": -0.05000000074505806}",1764286365184,1764286367.0032647
50c5b599-1e09-4abf-8d37-da7b45302caa,unknown,5iJw6qqAH8WspP58AAAD,1764286358.942029,0,ppo_pace_two_ing_2_seed1,default,122,0,-0.05000000074505806,False,"{""elapsed_time"": 8.122505187988281, ""steps_taken"": 122, ""cumulative_reward"": -0.05000000074505806}",1764286365234,1764286367.0639672
50c5b599-1e09-4abf-8d37-da7b45302caa,unknown,5iJw6qqAH8WspP58AAAD,1764286358.942029,0,ppo_pace_two_ing_2_seed1,default,123,0,-0.05000000074505806,False,"{""elapsed_time"": 8.192182302474976, ""steps_taken"": 123, ""cumulative_reward"": -0.05000000074505806}",1764286365285,1764286367.1336439
50c5b599-1e09-4abf-8d37-da7b45302caa,unknown,5iJw6qqAH8WspP58AAAD,1764286358.942029,0,ppo_pace_two_ing_2_seed1,default,124,0,-0.05000000074505806,False,"{""elapsed_time"": 8.255072593688965, ""steps_taken"": 124, ""cumulative_reward"": -0.05000000074505806}",1764286365334,1764286367.1965337
50c5b599-1e09-4abf-8d37-da7b45302caa,unknown,5iJw6qqAH8WspP58AAAD,1764286358.942029,0,ppo_pace_two_ing_2_seed1,default,125,3,-0.05000000074505806,False,"{""elapsed_time"": 8.316229820251465, ""steps_taken"": 125, ""cumulative_reward"": -0.05000000074505806}",1764286365385,1764286367.257691
50c5b599-1e09-4abf-8d37-da7b45302caa,unknown,5iJw6qqAH8WspP58AAAD,1764286358.942029,0,ppo_pace_two_ing_2_seed1,default,126,3,-0.05000000074505806,False,"{""elapsed_time"": 8.377430200576782, ""steps_taken"": 126, ""cumulative_reward"": -0.05000000074505806}",1764286365435,1764286367.318891
50c5b599-1e09-4abf-8d37-da7b45302caa,unknown,5iJw6qqAH8WspP58AAAD,1764286358.942029,0,ppo_pace_two_ing_2_seed1,default,127,3,-0.05000000074505806,False,"{""elapsed_time"": 8.438851356506348, ""steps_taken"": 127, ""cumulative_reward"": -0.05000000074505806}",1764286365485,1764286367.3803122
50c5b599-1e09-4abf-8d37-da7b45302caa,unknown,5iJw6qqAH8WspP58AAAD,1764286358.942029,0,ppo_pace_two_ing_2_seed1,default,128,3,-0.05000000074505806,False,"{""elapsed_time"": 8.501131534576416, ""steps_taken"": 128, ""cumulative_reward"": -0.05000000074505806}",1764286365536,1764286367.4425921
50c5b599-1e09-4abf-8d37-da7b45302caa,unknown,5iJw6qqAH8WspP58AAAD,1764286358.942029,0,ppo_pace_two_ing_2_seed1,default,129,0,-0.05000000074505806,False,"{""elapsed_time"": 8.562054634094238, ""steps_taken"": 129, ""cumulative_reward"": -0.05000000074505806}",1764286365585,1764286367.5035155
50c5b599-1e09-4abf-8d37-da7b45302caa,unknown,5iJw6qqAH8WspP58AAAD,1764286358.942029,0,ppo_pace_two_ing_2_seed1,default,130,0,-0.05000000074505806,False,"{""elapsed_time"": 8.623213768005371, ""steps_taken"": 130, ""cumulative_reward"": -0.05000000074505806}",1764286365636,1764286367.5646746
50c5b599-1e09-4abf-8d37-da7b45302caa,unknown,5iJw6qqAH8WspP58AAAD,1764286358.942029,0,ppo_pace_two_ing_2_seed1,default,131,0,-0.05000000074505806,False,"{""elapsed_time"": 8.684279203414917, ""steps_taken"": 131, ""cumulative_reward"": -0.05000000074505806}",1764286365686,1764286367.6257396
50c5b599-1e09-4abf-8d37-da7b45302caa,unknown,5iJw6qqAH8WspP58AAAD,1764286358.942029,0,ppo_pace_two_ing_2_seed1,default,132,0,-0.05000000074505806,False,"{""elapsed_time"": 8.744568824768066, ""steps_taken"": 132, ""cumulative_reward"": -0.05000000074505806}",1764286365736,1764286367.686029
50c5b599-1e09-4abf-8d37-da7b45302caa,unknown,5iJw6qqAH8WspP58AAAD,1764286358.942029,0,ppo_pace_two_ing_2_seed1,default,133,0,-0.05000000074505806,False,"{""elapsed_time"": 8.805360555648804, ""steps_taken"": 133, ""cumulative_reward"": -0.05000000074505806}",1764286365786,1764286367.746821
50c5b599-1e09-4abf-8d37-da7b45302caa,unknown,5iJw6qqAH8WspP58AAAD,1764286358.942029,0,ppo_pace_two_ing_2_seed1,default,134,0,-0.05000000074505806,False,"{""elapsed_time"": 8.866972923278809, ""steps_taken"": 134, ""cumulative_reward"": -0.05000000074505806}",1764286365837,1764286367.8084333
50c5b599-1e09-4abf-8d37-da7b45302caa,unknown,5iJw6qqAH8WspP58AAAD,1764286358.942029,0,ppo_pace_two_ing_2_seed1,default,135,0,-0.05000000074505806,False,"{""elapsed_time"": 8.927267074584961, ""steps_taken"": 135, ""cumulative_reward"": -0.05000000074505806}",1764286365886,1764286367.8687272
50c5b599-1e09-4abf-8d37-da7b45302caa,unknown,5iJw6qqAH8WspP58AAAD,1764286358.942029,0,ppo_pace_two_ing_2_seed1,default,136,0,-0.05000000074505806,False,"{""elapsed_time"": 8.98816728591919, ""steps_taken"": 136, ""cumulative_reward"": -0.05000000074505806}",1764286365937,1764286367.9296274
50c5b599-1e09-4abf-8d37-da7b45302caa,unknown,5iJw6qqAH8WspP58AAAD,1764286358.942029,0,ppo_pace_two_ing_2_seed1,default,137,0,-0.05000000074505806,False,"{""elapsed_time"": 9.048308372497559, ""steps_taken"": 137, ""cumulative_reward"": -0.05000000074505806}",1764286365987,1764286367.9897692
50c5b599-1e09-4abf-8d37-da7b45302caa,unknown,5iJw6qqAH8WspP58AAAD,1764286358.942029,0,ppo_pace_two_ing_2_seed1,default,138,0,-0.05000000074505806,False,"{""elapsed_time"": 9.10857081413269, ""steps_taken"": 138, ""cumulative_reward"": -0.05000000074505806}",1764286366037,1764286368.050032
50c5b599-1e09-4abf-8d37-da7b45302caa,unknown,5iJw6qqAH8WspP58AAAD,1764286358.942029,0,ppo_pace_two_ing_2_seed1,default,139,3,-0.05000000074505806,False,"{""elapsed_time"": 9.25330901145935, ""steps_taken"": 139, ""cumulative_reward"": -0.05000000074505806}",1764286366090,1764286368.1947713
50c5b599-1e09-4abf-8d37-da7b45302caa,unknown,5iJw6qqAH8WspP58AAAD,1764286358.942029,0,ppo_pace_two_ing_2_seed1,default,140,3,-0.05000000074505806,False,"{""elapsed_time"": 9.331557989120483, ""steps_taken"": 140, ""cumulative_reward"": -0.05000000074505806}",1764286366142,1764286368.2730224
50c5b599-1e09-4abf-8d37-da7b45302caa,unknown,5iJw6qqAH8WspP58AAAD,1764286358.942029,0,ppo_pace_two_ing_2_seed1,default,141,3,-0.05000000074505806,False,"{""elapsed_time"": 9.403022289276123, ""steps_taken"": 141, ""cumulative_reward"": -0.05000000074505806}",1764286366191,1764286368.344484
50c5b599-1e09-4abf-8d37-da7b45302caa,unknown,5iJw6qqAH8WspP58AAAD,1764286358.942029,0,ppo_pace_two_ing_2_seed1,default,142,0,-0.05000000074505806,False,"{""elapsed_time"": 9.47247576713562, ""steps_taken"": 142, ""cumulative_reward"": -0.05000000074505806}",1764286366242,1764286368.4139385
50c5b599-1e09-4abf-8d37-da7b45302caa,unknown,5iJw6qqAH8WspP58AAAD,1764286358.942029,0,ppo_pace_two_ing_2_seed1,default,143,0,-0.05000000074505806,False,"{""elapsed_time"": 9.54329228401184, ""steps_taken"": 143, ""cumulative_reward"": -0.05000000074505806}",1764286366292,1764286368.484755
50c5b599-1e09-4abf-8d37-da7b45302caa,unknown,5iJw6qqAH8WspP58AAAD,1764286358.942029,0,ppo_pace_two_ing_2_seed1,default,144,0,-0.05000000074505806,False,"{""elapsed_time"": 9.606764316558838, ""steps_taken"": 144, ""cumulative_reward"": -0.05000000074505806}",1764286366342,1764286368.5482244
50c5b599-1e09-4abf-8d37-da7b45302caa,unknown,5iJw6qqAH8WspP58AAAD,1764286358.942029,0,ppo_pace_two_ing_2_seed1,default,145,0,-0.05000000074505806,False,"{""elapsed_time"": 9.66711688041687, ""steps_taken"": 145, ""cumulative_reward"": -0.05000000074505806}",1764286366392,1764286368.6085773
50c5b599-1e09-4abf-8d37-da7b45302caa,unknown,5iJw6qqAH8WspP58AAAD,1764286358.942029,0,ppo_pace_two_ing_2_seed1,default,146,0,-0.05000000074505806,False,"{""elapsed_time"": 9.72800326347351, ""steps_taken"": 146, ""cumulative_reward"": -0.05000000074505806}",1764286366442,1764286368.6694636
50c5b599-1e09-4abf-8d37-da7b45302caa,unknown,5iJw6qqAH8WspP58AAAD,1764286358.942029,0,ppo_pace_two_ing_2_seed1,default,147,0,-0.05000000074505806,False,"{""elapsed_time"": 9.788705110549927, ""steps_taken"": 147, ""cumulative_reward"": -0.05000000074505806}",1764286366493,1764286368.7301657
50c5b599-1e09-4abf-8d37-da7b45302caa,unknown,5iJw6qqAH8WspP58AAAD,1764286358.942029,0,ppo_pace_two_ing_2_seed1,default,148,0,-0.05000000074505806,False,"{""elapsed_time"": 9.849050045013428, ""steps_taken"": 148, ""cumulative_reward"": -0.05000000074505806}",1764286366543,1764286368.7905104
50c5b599-1e09-4abf-8d37-da7b45302caa,unknown,5iJw6qqAH8WspP58AAAD,1764286358.942029,0,ppo_pace_two_ing_2_seed1,default,149,0,-0.05000000074505806,False,"{""elapsed_time"": 9.90907597541809, ""steps_taken"": 149, ""cumulative_reward"": -0.05000000074505806}",1764286366593,1764286368.8505366
50c5b599-1e09-4abf-8d37-da7b45302caa,unknown,5iJw6qqAH8WspP58AAAD,1764286358.942029,0,ppo_pace_two_ing_2_seed1,default,150,0,-0.05000000074505806,False,"{""elapsed_time"": 9.969315528869629, ""steps_taken"": 150, ""cumulative_reward"": -0.05000000074505806}",1764286366643,1764286368.910776
50c5b599-1e09-4abf-8d37-da7b45302caa,unknown,5iJw6qqAH8WspP58AAAD,1764286358.942029,0,ppo_pace_two_ing_2_seed1,default,151,0,-0.05000000074505806,False,"{""elapsed_time"": 10.029950380325317, ""steps_taken"": 151, ""cumulative_reward"": -0.05000000074505806}",1764286366693,1764286368.9714112
50c5b599-1e09-4abf-8d37-da7b45302caa,unknown,5iJw6qqAH8WspP58AAAD,1764286358.942029,0,ppo_pace_two_ing_2_seed1,default,152,0,-0.05000000074505806,False,"{""elapsed_time"": 10.090102910995483, ""steps_taken"": 152, ""cumulative_reward"": -0.05000000074505806}",1764286366743,1764286369.0315628
50c5b599-1e09-4abf-8d37-da7b45302caa,unknown,5iJw6qqAH8WspP58AAAD,1764286358.942029,0,ppo_pace_two_ing_2_seed1,default,153,0,-0.05000000074505806,False,"{""elapsed_time"": 10.15138292312622, ""steps_taken"": 153, ""cumulative_reward"": -0.05000000074505806}",1764286366794,1764286369.0928442
50c5b599-1e09-4abf-8d37-da7b45302caa,unknown,5iJw6qqAH8WspP58AAAD,1764286358.942029,0,ppo_pace_two_ing_2_seed1,default,154,0,-0.05000000074505806,False,"{""elapsed_time"": 10.21865177154541, ""steps_taken"": 154, ""cumulative_reward"": -0.05000000074505806}",1764286366843,1764286369.1601138
50c5b599-1e09-4abf-8d37-da7b45302caa,unknown,5iJw6qqAH8WspP58AAAD,1764286358.942029,0,ppo_pace_two_ing_2_seed1,default,155,0,-0.05000000074505806,False,"{""elapsed_time"": 10.284471988677979, ""steps_taken"": 155, ""cumulative_reward"": -0.05000000074505806}",1764286366894,1764286369.225933
50c5b599-1e09-4abf-8d37-da7b45302caa,unknown,5iJw6qqAH8WspP58AAAD,1764286358.942029,0,ppo_pace_two_ing_2_seed1,default,156,0,-0.05000000074505806,False,"{""elapsed_time"": 10.3445463180542, ""steps_taken"": 156, ""cumulative_reward"": -0.05000000074505806}",1764286366945,1764286369.2860074
50c5b599-1e09-4abf-8d37-da7b45302caa,unknown,5iJw6qqAH8WspP58AAAD,1764286358.942029,0,ppo_pace_two_ing_2_seed1,default,157,0,-0.05000000074505806,False,"{""elapsed_time"": 10.404510021209717, ""steps_taken"": 157, ""cumulative_reward"": -0.05000000074505806}",1764286366995,1764286369.3459709
50c5b599-1e09-4abf-8d37-da7b45302caa,unknown,5iJw6qqAH8WspP58AAAD,1764286358.942029,0,ppo_pace_two_ing_2_seed1,default,158,0,-0.05000000074505806,False,"{""elapsed_time"": 10.46436882019043, ""steps_taken"": 158, ""cumulative_reward"": -0.05000000074505806}",1764286367045,1764286369.4058292
50c5b599-1e09-4abf-8d37-da7b45302caa,unknown,5iJw6qqAH8WspP58AAAD,1764286358.942029,0,ppo_pace_two_ing_2_seed1,default,159,0,-0.05000000074505806,False,"{""elapsed_time"": 10.525550603866577, ""steps_taken"": 159, ""cumulative_reward"": -0.05000000074505806}",1764286367095,1764286369.467011
50c5b599-1e09-4abf-8d37-da7b45302caa,unknown,5iJw6qqAH8WspP58AAAD,1764286358.942029,0,ppo_pace_two_ing_2_seed1,default,160,0,-0.05000000074505806,False,"{""elapsed_time"": 10.58582592010498, ""steps_taken"": 160, ""cumulative_reward"": -0.05000000074505806}",1764286367145,1764286369.5272865
50c5b599-1e09-4abf-8d37-da7b45302caa,unknown,5iJw6qqAH8WspP58AAAD,1764286358.942029,0,ppo_pace_two_ing_2_seed1,default,161,0,-0.05000000074505806,False,"{""elapsed_time"": 10.646667242050171, ""steps_taken"": 161, ""cumulative_reward"": -0.05000000074505806}",1764286367195,1764286369.588128
50c5b599-1e09-4abf-8d37-da7b45302caa,unknown,5iJw6qqAH8WspP58AAAD,1764286358.942029,0,ppo_pace_two_ing_2_seed1,default,162,0,-0.05000000074505806,False,"{""elapsed_time"": 10.70705795288086, ""steps_taken"": 162, ""cumulative_reward"": -0.05000000074505806}",1764286367245,1764286369.6485178
50c5b599-1e09-4abf-8d37-da7b45302caa,unknown,5iJw6qqAH8WspP58AAAD,1764286358.942029,0,ppo_pace_two_ing_2_seed1,default,163,0,-0.05000000074505806,False,"{""elapsed_time"": 10.770851135253906, ""steps_taken"": 163, ""cumulative_reward"": -0.05000000074505806}",1764286367296,1764286369.712312
50c5b599-1e09-4abf-8d37-da7b45302caa,unknown,5iJw6qqAH8WspP58AAAD,1764286358.942029,0,ppo_pace_two_ing_2_seed1,default,164,0,-0.05000000074505806,False,"{""elapsed_time"": 10.830206871032715, ""steps_taken"": 164, ""cumulative_reward"": -0.05000000074505806}",1764286367345,1764286369.771667
50c5b599-1e09-4abf-8d37-da7b45302caa,unknown,5iJw6qqAH8WspP58AAAD,1764286358.942029,0,ppo_pace_two_ing_2_seed1,default,165,0,-0.05000000074505806,False,"{""elapsed_time"": 10.890272855758667, ""steps_taken"": 165, ""cumulative_reward"": -0.05000000074505806}",1764286367395,1764286369.8317327
50c5b599-1e09-4abf-8d37-da7b45302caa,unknown,5iJw6qqAH8WspP58AAAD,1764286358.942029,0,ppo_pace_two_ing_2_seed1,default,166,0,-0.05000000074505806,False,"{""elapsed_time"": 10.951483011245728, ""steps_taken"": 166, ""cumulative_reward"": -0.05000000074505806}",1764286367446,1764286369.8929436
50c5b599-1e09-4abf-8d37-da7b45302caa,unknown,5iJw6qqAH8WspP58AAAD,1764286358.942029,0,ppo_pace_two_ing_2_seed1,default,167,0,-0.05000000074505806,False,"{""elapsed_time"": 11.011264085769653, ""steps_taken"": 167, ""cumulative_reward"": -0.05000000074505806}",1764286367496,1764286369.9527242
50c5b599-1e09-4abf-8d37-da7b45302caa,unknown,5iJw6qqAH8WspP58AAAD,1764286358.942029,0,ppo_pace_two_ing_2_seed1,default,168,0,-0.05000000074505806,False,"{""elapsed_time"": 11.070882797241211, ""steps_taken"": 168, ""cumulative_reward"": -0.05000000074505806}",1764286367547,1764286370.0123425
50c5b599-1e09-4abf-8d37-da7b45302caa,unknown,5iJw6qqAH8WspP58AAAD,1764286358.942029,0,ppo_pace_two_ing_2_seed1,default,169,0,-0.05000000074505806,False,"{""elapsed_time"": 11.130435705184937, ""steps_taken"": 169, ""cumulative_reward"": -0.05000000074505806}",1764286367597,1764286370.0718958
50c5b599-1e09-4abf-8d37-da7b45302caa,unknown,5iJw6qqAH8WspP58AAAD,1764286358.942029,0,ppo_pace_two_ing_2_seed1,default,170,0,-0.05000000074505806,False,"{""elapsed_time"": 11.199254751205444, ""steps_taken"": 170, ""cumulative_reward"": -0.05000000074505806}",1764286367647,1764286370.1407197
50c5b599-1e09-4abf-8d37-da7b45302caa,unknown,5iJw6qqAH8WspP58AAAD,1764286358.942029,0,ppo_pace_two_ing_2_seed1,default,171,0,-0.05000000074505806,False,"{""elapsed_time"": 11.262961864471436, ""steps_taken"": 171, ""cumulative_reward"": -0.05000000074505806}",1764286367698,1764286370.204423
50c5b599-1e09-4abf-8d37-da7b45302caa,unknown,5iJw6qqAH8WspP58AAAD,1764286358.942029,0,ppo_pace_two_ing_2_seed1,default,172,0,-0.05000000074505806,False,"{""elapsed_time"": 11.323097944259644, ""steps_taken"": 172, ""cumulative_reward"": -0.05000000074505806}",1764286367748,1764286370.264558
50c5b599-1e09-4abf-8d37-da7b45302caa,unknown,5iJw6qqAH8WspP58AAAD,1764286358.942029,0,ppo_pace_two_ing_2_seed1,default,173,0,-0.05000000074505806,False,"{""elapsed_time"": 11.384018659591675, ""steps_taken"": 173, ""cumulative_reward"": -0.05000000074505806}",1764286367798,1764286370.3254795
50c5b599-1e09-4abf-8d37-da7b45302caa,unknown,5iJw6qqAH8WspP58AAAD,1764286358.942029,0,ppo_pace_two_ing_2_seed1,default,174,0,-0.05000000074505806,False,"{""elapsed_time"": 11.44613528251648, ""steps_taken"": 174, ""cumulative_reward"": -0.05000000074505806}",1764286367848,1764286370.3875952
50c5b599-1e09-4abf-8d37-da7b45302caa,unknown,5iJw6qqAH8WspP58AAAD,1764286358.942029,0,ppo_pace_two_ing_2_seed1,default,175,0,-0.05000000074505806,False,"{""elapsed_time"": 11.509757041931152, ""steps_taken"": 175, ""cumulative_reward"": -0.05000000074505806}",1764286367898,1764286370.451219
50c5b599-1e09-4abf-8d37-da7b45302caa,unknown,5iJw6qqAH8WspP58AAAD,1764286358.942029,0,ppo_pace_two_ing_2_seed1,default,176,0,-0.05000000074505806,False,"{""elapsed_time"": 11.597326517105103, ""steps_taken"": 176, ""cumulative_reward"": -0.05000000074505806}",1764286367948,1764286370.53879
50c5b599-1e09-4abf-8d37-da7b45302caa,unknown,5iJw6qqAH8WspP58AAAD,1764286358.942029,0,ppo_pace_two_ing_2_seed1,default,177,0,-0.05000000074505806,False,"{""elapsed_time"": 11.666081666946411, ""steps_taken"": 177, ""cumulative_reward"": -0.05000000074505806}",1764286367999,1764286370.6075432
50c5b599-1e09-4abf-8d37-da7b45302caa,unknown,5iJw6qqAH8WspP58AAAD,1764286358.942029,0,ppo_pace_two_ing_2_seed1,default,178,0,-0.05000000074505806,False,"{""elapsed_time"": 11.728479862213135, ""steps_taken"": 178, ""cumulative_reward"": -0.05000000074505806}",1764286368049,1764286370.669943
50c5b599-1e09-4abf-8d37-da7b45302caa,unknown,5iJw6qqAH8WspP58AAAD,1764286358.942029,0,ppo_pace_two_ing_2_seed1,default,179,0,-0.05000000074505806,False,"{""elapsed_time"": 11.789135694503784, ""steps_taken"": 179, ""cumulative_reward"": -0.05000000074505806}",1764286368099,1764286370.7305977
50c5b599-1e09-4abf-8d37-da7b45302caa,unknown,5iJw6qqAH8WspP58AAAD,1764286358.942029,0,ppo_pace_two_ing_2_seed1,default,180,3,-0.05000000074505806,False,"{""elapsed_time"": 11.943466186523438, ""steps_taken"": 180, ""cumulative_reward"": -0.05000000074505806}",1764286368152,1764286370.8849277
50c5b599-1e09-4abf-8d37-da7b45302caa,unknown,5iJw6qqAH8WspP58AAAD,1764286358.942029,0,ppo_pace_two_ing_2_seed1,default,181,0,-0.05000000074505806,False,"{""elapsed_time"": 12.010149002075195, ""steps_taken"": 181, ""cumulative_reward"": -0.05000000074505806}",1764286368232,1764286370.9516103
50c5b599-1e09-4abf-8d37-da7b45302caa,unknown,5iJw6qqAH8WspP58AAAD,1764286358.942029,0,ppo_pace_two_ing_2_seed1,default,182,0,-0.05000000074505806,False,"{""elapsed_time"": 12.070545196533203, ""steps_taken"": 182, ""cumulative_reward"": -0.05000000074505806}",1764286368282,1764286371.0120058
50c5b599-1e09-4abf-8d37-da7b45302caa,unknown,5iJw6qqAH8WspP58AAAD,1764286358.942029,0,ppo_pace_two_ing_2_seed1,default,183,0,-0.05000000074505806,False,"{""elapsed_time"": 12.130117416381836, ""steps_taken"": 183, ""cumulative_reward"": -0.05000000074505806}",1764286368332,1764286371.0715773
50c5b599-1e09-4abf-8d37-da7b45302caa,unknown,5iJw6qqAH8WspP58AAAD,1764286358.942029,0,ppo_pace_two_ing_2_seed1,default,184,0,-0.05000000074505806,False,"{""elapsed_time"": 12.189912557601929, ""steps_taken"": 184, ""cumulative_reward"": -0.05000000074505806}",1764286368382,1764286371.1313734
50c5b599-1e09-4abf-8d37-da7b45302caa,unknown,5iJw6qqAH8WspP58AAAD,1764286358.942029,0,ppo_pace_two_ing_2_seed1,default,185,0,-0.05000000074505806,False,"{""elapsed_time"": 12.2621591091156, ""steps_taken"": 185, ""cumulative_reward"": -0.05000000074505806}",1764286368432,1764286371.2036195
50c5b599-1e09-4abf-8d37-da7b45302caa,unknown,5iJw6qqAH8WspP58AAAD,1764286358.942029,0,ppo_pace_two_ing_2_seed1,default,186,0,-0.05000000074505806,False,"{""elapsed_time"": 12.321744918823242, ""steps_taken"": 186, ""cumulative_reward"": -0.05000000074505806}",1764286368483,1764286371.263205
50c5b599-1e09-4abf-8d37-da7b45302caa,unknown,5iJw6qqAH8WspP58AAAD,1764286358.942029,0,ppo_pace_two_ing_2_seed1,default,187,0,-0.05000000074505806,False,"{""elapsed_time"": 12.381055116653442, ""steps_taken"": 187, ""cumulative_reward"": -0.05000000074505806}",1764286368533,1764286371.3225155
50c5b599-1e09-4abf-8d37-da7b45302caa,unknown,5iJw6qqAH8WspP58AAAD,1764286358.942029,0,ppo_pace_two_ing_2_seed1,default,188,0,-0.05000000074505806,False,"{""elapsed_time"": 12.441261768341064, ""steps_taken"": 188, ""cumulative_reward"": -0.05000000074505806}",1764286368583,1764286371.3827226
50c5b599-1e09-4abf-8d37-da7b45302caa,unknown,5iJw6qqAH8WspP58AAAD,1764286358.942029,0,ppo_pace_two_ing_2_seed1,default,189,0,-0.05000000074505806,False,"{""elapsed_time"": 12.50145435333252, ""steps_taken"": 189, ""cumulative_reward"": -0.05000000074505806}",1764286368633,1764286371.4429147
50c5b599-1e09-4abf-8d37-da7b45302caa,unknown,5iJw6qqAH8WspP58AAAD,1764286358.942029,0,ppo_pace_two_ing_2_seed1,default,190,0,-0.05000000074505806,False,"{""elapsed_time"": 12.562131881713867, ""steps_taken"": 190, ""cumulative_reward"": -0.05000000074505806}",1764286368683,1764286371.5035923
50c5b599-1e09-4abf-8d37-da7b45302caa,unknown,5iJw6qqAH8WspP58AAAD,1764286358.942029,0,ppo_pace_two_ing_2_seed1,default,191,0,-0.05000000074505806,False,"{""elapsed_time"": 12.622610807418823, ""steps_taken"": 191, ""cumulative_reward"": -0.05000000074505806}",1764286368734,1764286371.564071
50c5b599-1e09-4abf-8d37-da7b45302caa,unknown,5iJw6qqAH8WspP58AAAD,1764286358.942029,0,ppo_pace_two_ing_2_seed1,default,192,3,-0.05000000074505806,False,"{""elapsed_time"": 12.684589862823486, ""steps_taken"": 192, ""cumulative_reward"": -0.05000000074505806}",1764286368783,1764286371.6260543
50c5b599-1e09-4abf-8d37-da7b45302caa,unknown,5iJw6qqAH8WspP58AAAD,1764286358.942029,0,ppo_pace_two_ing_2_seed1,default,193,3,-0.05000000074505806,False,"{""elapsed_time"": 12.749866485595703, ""steps_taken"": 193, ""cumulative_reward"": -0.05000000074505806}",1764286368834,1764286371.6913302
50c5b599-1e09-4abf-8d37-da7b45302caa,unknown,5iJw6qqAH8WspP58AAAD,1764286358.942029,0,ppo_pace_two_ing_2_seed1,default,194,3,-0.05000000074505806,False,"{""elapsed_time"": 12.814247846603394, ""steps_taken"": 194, ""cumulative_reward"": -0.05000000074505806}",1764286368884,1764286371.7557085
50c5b599-1e09-4abf-8d37-da7b45302caa,unknown,5iJw6qqAH8WspP58AAAD,1764286358.942029,0,ppo_pace_two_ing_2_seed1,default,195,0,-0.05000000074505806,False,"{""elapsed_time"": 12.879421710968018, ""steps_taken"": 195, ""cumulative_reward"": -0.05000000074505806}",1764286368934,1764286371.820883
50c5b599-1e09-4abf-8d37-da7b45302caa,unknown,5iJw6qqAH8WspP58AAAD,1764286358.942029,0,ppo_pace_two_ing_2_seed1,default,196,0,-0.05000000074505806,False,"{""elapsed_time"": 12.94484281539917, ""steps_taken"": 196, ""cumulative_reward"": -0.05000000074505806}",1764286368984,1764286371.886304
50c5b599-1e09-4abf-8d37-da7b45302caa,unknown,5iJw6qqAH8WspP58AAAD,1764286358.942029,0,ppo_pace_two_ing_2_seed1,default,197,0,-0.05000000074505806,False,"{""elapsed_time"": 13.009801626205444, ""steps_taken"": 197, ""cumulative_reward"": -0.05000000074505806}",1764286369035,1764286371.9512625
50c5b599-1e09-4abf-8d37-da7b45302caa,unknown,5iJw6qqAH8WspP58AAAD,1764286358.942029,0,ppo_pace_two_ing_2_seed1,default,198,0,-0.05000000074505806,False,"{""elapsed_time"": 13.075671434402466, ""steps_taken"": 198, ""cumulative_reward"": -0.05000000074505806}",1764286369085,1764286372.0171337
50c5b599-1e09-4abf-8d37-da7b45302caa,unknown,5iJw6qqAH8WspP58AAAD,1764286358.942029,0,ppo_pace_two_ing_2_seed1,default,199,0,-0.05000000074505806,False,"{""elapsed_time"": 13.137114763259888, ""steps_taken"": 199, ""cumulative_reward"": -0.05000000074505806}",1764286369135,1764286372.0785754
50c5b599-1e09-4abf-8d37-da7b45302caa,unknown,5iJw6qqAH8WspP58AAAD,1764286358.942029,0,ppo_pace_two_ing_2_seed1,default,200,0,-0.05000000074505806,True,"{""elapsed_time"": 13.199875593185425, ""steps_taken"": 200, ""cumulative_reward"": -0.05000000074505806}",1764286369185,1764286372.1413379
50c5b599-1e09-4abf-8d37-da7b45302caa,unknown,5iJw6qqAH8WspP58AAAD,1764286358.942029,0,ppo_pace_two_ing_2_seed1,default,201,0,0.0,True,"{""elapsed_time"": 13.27330207824707, ""steps_taken"": 201, ""cumulative_reward"": 0}",1764286369235,1764286372.2147639
50c5b599-1e09-4abf-8d37-da7b45302caa,unknown,5iJw6qqAH8WspP58AAAD,1764286358.942029,0,ppo_pace_two_ing_2_seed1,default,202,0,-0.05000000074505806,True,"{""elapsed_time"": 13.346129655838013, ""steps_taken"": 202, ""cumulative_reward"": -0.05000000074505806}",1764286369285,1764286372.2875912
50c5b599-1e09-4abf-8d37-da7b45302caa,unknown,5iJw6qqAH8WspP58AAAD,1764286358.942029,0,ppo_pace_two_ing_2_seed1,default,203,0,0.0,True,"{""elapsed_time"": 13.421629428863525, ""steps_taken"": 203, ""cumulative_reward"": 0}",1764286369336,1764286372.3630915
50c5b599-1e09-4abf-8d37-da7b45302caa,unknown,5iJw6qqAH8WspP58AAAD,1764286358.942029,0,ppo_pace_two_ing_2_seed1,default,204,0,-0.05000000074505806,True,"{""elapsed_time"": 13.504768133163452, ""steps_taken"": 204, ""cumulative_reward"": -0.05000000074505806}",1764286369386,1764286372.4462304
50c5b599-1e09-4abf-8d37-da7b45302caa,unknown,5iJw6qqAH8WspP58AAAD,1764286358.942029,0,ppo_pace_two_ing_2_seed1,default,205,0,0.0,True,"{""elapsed_time"": 13.582520961761475, ""steps_taken"": 205, ""cumulative_reward"": 0}",1764286369436,1764286372.5239828
50c5b599-1e09-4abf-8d37-da7b45302caa,unknown,5iJw6qqAH8WspP58AAAD,1764286358.942029,0,ppo_pace_two_ing_2_seed1,default,206,0,-0.05000000074505806,True,"{""elapsed_time"": 13.657798051834106, ""steps_taken"": 206, ""cumulative_reward"": -0.05000000074505806}",1764286369486,1764286372.5992606
50c5b599-1e09-4abf-8d37-da7b45302caa,unknown,5iJw6qqAH8WspP58AAAD,1764286358.942029,0,ppo_pace_two_ing_2_seed1,default,207,0,0.0,True,"{""elapsed_time"": 13.730191230773926, ""steps_taken"": 207, ""cumulative_reward"": 0}",1764286369537,1764286372.6716537
50c5b599-1e09-4abf-8d37-da7b45302caa,unknown,5iJw6qqAH8WspP58AAAD,1764286358.942029,0,ppo_pace_two_ing_2_seed1,default,208,3,-0.05000000074505806,True,"{""elapsed_time"": 13.805943727493286, ""steps_taken"": 208, ""cumulative_reward"": -0.05000000074505806}",1764286369587,1764286372.7474062
50c5b599-1e09-4abf-8d37-da7b45302caa,unknown,5iJw6qqAH8WspP58AAAD,1764286358.942029,0,ppo_pace_two_ing_2_seed1,default,209,3,0.0,True,"{""elapsed_time"": 13.879770517349243, ""steps_taken"": 209, ""cumulative_reward"": 0}",1764286369636,1764286372.8212326
50c5b599-1e09-4abf-8d37-da7b45302caa,unknown,5iJw6qqAH8WspP58AAAD,1764286358.942029,0,ppo_pace_two_ing_2_seed1,default,210,3,-0.05000000074505806,True,"{""elapsed_time"": 13.953625202178955, ""steps_taken"": 210, ""cumulative_reward"": -0.05000000074505806}",1764286369687,1764286372.8950877
50c5b599-1e09-4abf-8d37-da7b45302caa,unknown,5iJw6qqAH8WspP58AAAD,1764286358.942029,0,ppo_pace_two_ing_2_seed1,default,211,3,0.0,True,"{""elapsed_time"": 14.025964260101318, ""steps_taken"": 211, ""cumulative_reward"": 0}",1764286369737,1764286372.9674256
50c5b599-1e09-4abf-8d37-da7b45302caa,unknown,5iJw6qqAH8WspP58AAAD,1764286358.942029,0,ppo_pace_two_ing_2_seed1,default,212,0,-0.05000000074505806,True,"{""elapsed_time"": 14.096356630325317, ""steps_taken"": 212, ""cumulative_reward"": -0.05000000074505806}",1764286369788,1764286373.0378182
50c5b599-1e09-4abf-8d37-da7b45302caa,unknown,5iJw6qqAH8WspP58AAAD,1764286358.942029,0,ppo_pace_two_ing_2_seed1,default,213,0,0.0,True,"{""elapsed_time"": 14.168128490447998, ""steps_taken"": 213, ""cumulative_reward"": 0}",1764286369837,1764286373.10959
50c5b599-1e09-4abf-8d37-da7b45302caa,unknown,5iJw6qqAH8WspP58AAAD,1764286358.942029,0,ppo_pace_two_ing_2_seed1,default,214,0,-0.05000000074505806,True,"{""elapsed_time"": 14.240610837936401, ""steps_taken"": 214, ""cumulative_reward"": -0.05000000074505806}",1764286369888,1764286373.182073
50c5b599-1e09-4abf-8d37-da7b45302caa,unknown,5iJw6qqAH8WspP58AAAD,1764286358.942029,0,ppo_pace_two_ing_2_seed1,default,215,0,0.0,True,"{""elapsed_time"": 14.313209056854248, ""steps_taken"": 215, ""cumulative_reward"": 0}",1764286369938,1764286373.254671
50c5b599-1e09-4abf-8d37-da7b45302caa,unknown,5iJw6qqAH8WspP58AAAD,1764286358.942029,0,ppo_pace_two_ing_2_seed1,default,216,0,-0.05000000074505806,True,"{""elapsed_time"": 14.383145093917847, ""steps_taken"": 216, ""cumulative_reward"": -0.05000000074505806}",1764286369988,1764286373.3246064
50c5b599-1e09-4abf-8d37-da7b45302caa,unknown,5iJw6qqAH8WspP58AAAD,1764286358.942029,0,ppo_pace_two_ing_2_seed1,default,217,0,0.0,True,"{""elapsed_time"": 14.451626539230347, ""steps_taken"": 217, ""cumulative_reward"": 0}",1764286370038,1764286373.3930886
50c5b599-1e09-4abf-8d37-da7b45302caa,unknown,5iJw6qqAH8WspP58AAAD,1764286358.942029,0,ppo_pace_two_ing_2_seed1,default,218,0,-0.05000000074505806,True,"{""elapsed_time"": 14.53073501586914, ""steps_taken"": 218, ""cumulative_reward"": -0.05000000074505806}",1764286370088,1764286373.4721968
50c5b599-1e09-4abf-8d37-da7b45302caa,unknown,5iJw6qqAH8WspP58AAAD,1764286358.942029,0,ppo_pace_two_ing_2_seed1,default,219,0,0.0,True,"{""elapsed_time"": 14.607941150665283, ""steps_taken"": 219, ""cumulative_reward"": 0}",1764286370138,1764286373.549403
50c5b599-1e09-4abf-8d37-da7b45302caa,unknown,5iJw6qqAH8WspP58AAAD,1764286358.942029,0,ppo_pace_two_ing_2_seed1,default,220,0,-0.05000000074505806,True,"{""elapsed_time"": 14.684328556060791, ""steps_taken"": 220, ""cumulative_reward"": -0.05000000074505806}",1764286370189,1764286373.6257908
50c5b599-1e09-4abf-8d37-da7b45302caa,unknown,5iJw6qqAH8WspP58AAAD,1764286358.942029,0,ppo_pace_two_ing_2_seed1,default,221,0,0.0,True,"{""elapsed_time"": 14.762064456939697, ""steps_taken"": 221, ""cumulative_reward"": 0}",1764286370239,1764286373.703529
50c5b599-1e09-4abf-8d37-da7b45302caa,unknown,5iJw6qqAH8WspP58AAAD,1764286358.942029,0,ppo_pace_two_ing_2_seed1,default,222,0,-0.05000000074505806,True,"{""elapsed_time"": 14.842068672180176, ""steps_taken"": 222, ""cumulative_reward"": -0.05000000074505806}",1764286370289,1764286373.7835302
50c5b599-1e09-4abf-8d37-da7b45302caa,unknown,5iJw6qqAH8WspP58AAAD,1764286358.942029,0,ppo_pace_two_ing_2_seed1,default,223,0,0.0,True,"{""elapsed_time"": 14.916976928710938, ""steps_taken"": 223, ""cumulative_reward"": 0}",1764286370339,1764286373.8584392
50c5b599-1e09-4abf-8d37-da7b45302caa,unknown,5iJw6qqAH8WspP58AAAD,1764286358.942029,0,ppo_pace_two_ing_2_seed1,default,224,0,-0.05000000074505806,True,"{""elapsed_time"": 14.986868858337402, ""steps_taken"": 224, ""cumulative_reward"": -0.05000000074505806}",1764286370389,1764286373.928331
50c5b599-1e09-4abf-8d37-da7b45302caa,unknown,5iJw6qqAH8WspP58AAAD,1764286358.942029,0,ppo_pace_two_ing_2_seed1,default,225,0,0.0,True,"{""elapsed_time"": 15.056177139282227, ""steps_taken"": 225, ""cumulative_reward"": 0}",1764286370440,1764286373.9976392
50c5b599-1e09-4abf-8d37-da7b45302caa,unknown,5iJw6qqAH8WspP58AAAD,1764286358.942029,0,ppo_pace_two_ing_2_seed1,default,226,0,-0.05000000074505806,True,"{""elapsed_time"": 15.128244876861572, ""steps_taken"": 226, ""cumulative_reward"": -0.05000000074505806}",1764286370491,1764286374.069707
50c5b599-1e09-4abf-8d37-da7b45302caa,unknown,5iJw6qqAH8WspP58AAAD,1764286358.942029,0,ppo_pace_two_ing_2_seed1,default,227,0,0.0,True,"{""elapsed_time"": 15.207372665405273, ""steps_taken"": 227, ""cumulative_reward"": 0}",1764286370541,1764286374.1488361
50c5b599-1e09-4abf-8d37-da7b45302caa,unknown,5iJw6qqAH8WspP58AAAD,1764286358.942029,0,ppo_pace_two_ing_2_seed1,default,228,0,-0.05000000074505806,True,"{""elapsed_time"": 15.28371548652649, ""steps_taken"": 228, ""cumulative_reward"": -0.05000000074505806}",1764286370591,1764286374.2251775
50c5b599-1e09-4abf-8d37-da7b45302caa,unknown,5iJw6qqAH8WspP58AAAD,1764286358.942029,0,ppo_pace_two_ing_2_seed1,default,229,0,0.0,True,"{""elapsed_time"": 15.356954336166382, ""steps_taken"": 229, ""cumulative_reward"": 0}",1764286370641,1764286374.2984161
50c5b599-1e09-4abf-8d37-da7b45302caa,unknown,5iJw6qqAH8WspP58AAAD,1764286358.942029,0,ppo_pace_two_ing_2_seed1,default,230,0,-0.05000000074505806,True,"{""elapsed_time"": 15.430070400238037, ""steps_taken"": 230, ""cumulative_reward"": -0.05000000074505806}",1764286370691,1764286374.3715334
50c5b599-1e09-4abf-8d37-da7b45302caa,unknown,5iJw6qqAH8WspP58AAAD,1764286358.942029,0,ppo_pace_two_ing_2_seed1,default,231,0,0.0,True,"{""elapsed_time"": 15.504103660583496, ""steps_taken"": 231, ""cumulative_reward"": 0}",1764286370741,1764286374.4455652
50c5b599-1e09-4abf-8d37-da7b45302caa,unknown,5iJw6qqAH8WspP58AAAD,1764286358.942029,0,ppo_pace_two_ing_2_seed1,default,232,0,-0.05000000074505806,True,"{""elapsed_time"": 15.576495170593262, ""steps_taken"": 232, ""cumulative_reward"": -0.05000000074505806}",1764286370791,1764286374.5179574
50c5b599-1e09-4abf-8d37-da7b45302caa,unknown,5iJw6qqAH8WspP58AAAD,1764286358.942029,0,ppo_pace_two_ing_2_seed1,default,233,0,0.0,True,"{""elapsed_time"": 15.776889324188232, ""steps_taken"": 233, ""cumulative_reward"": 0}",1764286370845,1764286374.718352
50c5b599-1e09-4abf-8d37-da7b45302caa,unknown,5iJw6qqAH8WspP58AAAD,1764286358.942029,0,ppo_pace_two_ing_2_seed1,default,234,0,-0.05000000074505806,True,"{""elapsed_time"": 15.844647645950317, ""steps_taken"": 234, ""cumulative_reward"": -0.05000000074505806}",1764286370895,1764286374.7861106
50c5b599-1e09-4abf-8d37-da7b45302caa,unknown,5iJw6qqAH8WspP58AAAD,1764286358.942029,0,ppo_pace_two_ing_2_seed1,default,235,0,0.0,True,"{""elapsed_time"": 15.921936511993408, ""steps_taken"": 235, ""cumulative_reward"": 0}",1764286370945,1764286374.8633993
50c5b599-1e09-4abf-8d37-da7b45302caa,unknown,5iJw6qqAH8WspP58AAAD,1764286358.942029,0,ppo_pace_two_ing_2_seed1,default,236,0,-0.05000000074505806,True,"{""elapsed_time"": 15.998273134231567, ""steps_taken"": 236, ""cumulative_reward"": -0.05000000074505806}",1764286370996,1764286374.9397357
50c5b599-1e09-4abf-8d37-da7b45302caa,unknown,5iJw6qqAH8WspP58AAAD,1764286358.942029,0,ppo_pace_two_ing_2_seed1,default,237,0,0.0,True,"{""elapsed_time"": 16.068702459335327, ""steps_taken"": 237, ""cumulative_reward"": 0}",1764286371046,1764286375.0101647
50c5b599-1e09-4abf-8d37-da7b45302caa,unknown,5iJw6qqAH8WspP58AAAD,1764286358.942029,0,ppo_pace_two_ing_2_seed1,default,238,0,-0.05000000074505806,True,"{""elapsed_time"": 16.14111351966858, ""steps_taken"": 238, ""cumulative_reward"": -0.05000000074505806}",1764286371096,1764286375.0825763
50c5b599-1e09-4abf-8d37-da7b45302caa,unknown,5iJw6qqAH8WspP58AAAD,1764286358.942029,0,ppo_pace_two_ing_2_seed1,default,239,0,0.0,True,"{""elapsed_time"": 16.215867042541504, ""steps_taken"": 239, ""cumulative_reward"": 0}",1764286371146,1764286375.157329
50c5b599-1e09-4abf-8d37-da7b45302caa,unknown,5iJw6qqAH8WspP58AAAD,1764286358.942029,0,ppo_pace_two_ing_2_seed1,default,240,0,-0.05000000074505806,True,"{""elapsed_time"": 16.289207220077515, ""steps_taken"": 240, ""cumulative_reward"": -0.05000000074505806}",1764286371196,1764286375.2306714
50c5b599-1e09-4abf-8d37-da7b45302caa,unknown,5iJw6qqAH8WspP58AAAD,1764286358.942029,0,ppo_pace_two_ing_2_seed1,default,241,0,0.0,True,"{""elapsed_time"": 16.36748719215393, ""steps_taken"": 241, ""cumulative_reward"": 0}",1764286371247,1764286375.3089504
50c5b599-1e09-4abf-8d37-da7b45302caa,unknown,5iJw6qqAH8WspP58AAAD,1764286358.942029,0,ppo_pace_two_ing_2_seed1,default,242,0,-0.05000000074505806,True,"{""elapsed_time"": 16.45520305633545, ""steps_taken"": 242, ""cumulative_reward"": -0.05000000074505806}",1764286371297,1764286375.3966706
50c5b599-1e09-4abf-8d37-da7b45302caa,unknown,5iJw6qqAH8WspP58AAAD,1764286358.942029,0,ppo_pace_two_ing_2_seed1,default,243,0,0.0,True,"{""elapsed_time"": 16.541611194610596, ""steps_taken"": 243, ""cumulative_reward"": 0}",1764286371347,1764286375.483078
50c5b599-1e09-4abf-8d37-da7b45302caa,unknown,5iJw6qqAH8WspP58AAAD,1764286358.942029,0,ppo_pace_two_ing_2_seed1,default,244,3,-0.05000000074505806,True,"{""elapsed_time"": 16.64588212966919, ""steps_taken"": 244, ""cumulative_reward"": -0.05000000074505806}",1764286371397,1764286375.587349
50c5b599-1e09-4abf-8d37-da7b45302caa,unknown,5iJw6qqAH8WspP58AAAD,1764286358.942029,0,ppo_pace_two_ing_2_seed1,default,245,3,0.0,True,"{""elapsed_time"": 16.719652891159058, ""steps_taken"": 245, ""cumulative_reward"": 0}",1764286371447,1764286375.6611145
50c5b599-1e09-4abf-8d37-da7b45302caa,unknown,5iJw6qqAH8WspP58AAAD,1764286358.942029,0,ppo_pace_two_ing_2_seed1,default,246,0,-0.05000000074505806,True,"{""elapsed_time"": 16.795988082885742, ""steps_taken"": 246, ""cumulative_reward"": -0.05000000074505806}",1764286371497,1764286375.7374494
50c5b599-1e09-4abf-8d37-da7b45302caa,unknown,5iJw6qqAH8WspP58AAAD,1764286358.942029,0,ppo_pace_two_ing_2_seed1,default,247,0,0.0,True,"{""elapsed_time"": 16.877705335617065, ""steps_taken"": 247, ""cumulative_reward"": 0}",1764286371548,1764286375.8191679
50c5b599-1e09-4abf-8d37-da7b45302caa,unknown,5iJw6qqAH8WspP58AAAD,1764286358.942029,0,ppo_pace_two_ing_2_seed1,default,248,0,-0.05000000074505806,True,"{""elapsed_time"": 16.954768896102905, ""steps_taken"": 248, ""cumulative_reward"": -0.05000000074505806}",1764286371598,1764286375.896231
50c5b599-1e09-4abf-8d37-da7b45302caa,unknown,5iJw6qqAH8WspP58AAAD,1764286358.942029,0,ppo_pace_two_ing_2_seed1,default,249,0,0.0,True,"{""elapsed_time"": 17.02749276161194, ""steps_taken"": 249, ""cumulative_reward"": 0}",1764286371648,1764286375.9689553
50c5b599-1e09-4abf-8d37-da7b45302caa,unknown,5iJw6qqAH8WspP58AAAD,1764286358.942029,0,ppo_pace_two_ing_2_seed1,default,250,0,-0.05000000074505806,True,"{""elapsed_time"": 17.097993850708008, ""steps_taken"": 250, ""cumulative_reward"": -0.05000000074505806}",1764286371698,1764286376.0394554
50c5b599-1e09-4abf-8d37-da7b45302caa,unknown,5iJw6qqAH8WspP58AAAD,1764286358.942029,0,ppo_pace_two_ing_2_seed1,default,251,0,0.0,True,"{""elapsed_time"": 17.172482013702393, ""steps_taken"": 251, ""cumulative_reward"": 0}",1764286371748,1764286376.113944
50c5b599-1e09-4abf-8d37-da7b45302caa,unknown,5iJw6qqAH8WspP58AAAD,1764286358.942029,0,ppo_pace_two_ing_2_seed1,default,252,0,-0.05000000074505806,True,"{""elapsed_time"": 17.24588394165039, ""steps_taken"": 252, ""cumulative_reward"": -0.05000000074505806}",1764286371798,1764286376.1873455
50c5b599-1e09-4abf-8d37-da7b45302caa,unknown,5iJw6qqAH8WspP58AAAD,1764286358.942029,0,ppo_pace_two_ing_2_seed1,default,253,0,0.0,True,"{""elapsed_time"": 17.31522226333618, ""steps_taken"": 253, ""cumulative_reward"": 0}",1764286371848,1764286376.2566838
50c5b599-1e09-4abf-8d37-da7b45302caa,unknown,5iJw6qqAH8WspP58AAAD,1764286358.942029,0,ppo_pace_two_ing_2_seed1,default,254,2,-0.05000000074505806,True,"{""elapsed_time"": 17.38480496406555, ""steps_taken"": 254, ""cumulative_reward"": -0.05000000074505806}",1764286371898,1764286376.3262668
50c5b599-1e09-4abf-8d37-da7b45302caa,unknown,5iJw6qqAH8WspP58AAAD,1764286358.942029,0,ppo_pace_two_ing_2_seed1,default,255,2,0.0,True,"{""elapsed_time"": 17.45941972732544, ""steps_taken"": 255, ""cumulative_reward"": 0}",1764286371949,1764286376.4008822
50c5b599-1e09-4abf-8d37-da7b45302caa,unknown,5iJw6qqAH8WspP58AAAD,1764286358.942029,0,ppo_pace_two_ing_2_seed1,default,256,2,-0.05000000074505806,True,"{""elapsed_time"": 17.53133201599121, ""steps_taken"": 256, ""cumulative_reward"": -0.05000000074505806}",1764286371999,1764286376.472794
50c5b599-1e09-4abf-8d37-da7b45302caa,unknown,5iJw6qqAH8WspP58AAAD,1764286358.942029,0,ppo_pace_two_ing_2_seed1,default,257,0,0.0,True,"{""elapsed_time"": 17.607259273529053, ""steps_taken"": 257, ""cumulative_reward"": 0}",1764286372049,1764286376.548722
50c5b599-1e09-4abf-8d37-da7b45302caa,unknown,5iJw6qqAH8WspP58AAAD,1764286358.942029,0,ppo_pace_two_ing_2_seed1,default,258,0,-0.05000000074505806,True,"{""elapsed_time"": 17.6804256439209, ""steps_taken"": 258, ""cumulative_reward"": -0.05000000074505806}",1764286372099,1764286376.6218896
50c5b599-1e09-4abf-8d37-da7b45302caa,unknown,5iJw6qqAH8WspP58AAAD,1764286358.942029,0,ppo_pace_two_ing_2_seed1,default,259,0,0.0,True,"{""elapsed_time"": 17.75137710571289, ""steps_taken"": 259, ""cumulative_reward"": 0}",1764286372149,1764286376.6928396
50c5b599-1e09-4abf-8d37-da7b45302caa,unknown,5iJw6qqAH8WspP58AAAD,1764286358.942029,0,ppo_pace_two_ing_2_seed1,default,260,0,-0.05000000074505806,True,"{""elapsed_time"": 17.82430410385132, ""steps_taken"": 260, ""cumulative_reward"": -0.05000000074505806}",1764286372200,1764286376.7657657
50c5b599-1e09-4abf-8d37-da7b45302caa,unknown,5iJw6qqAH8WspP58AAAD,1764286358.942029,0,ppo_pace_two_ing_2_seed1,default,261,0,0.0,True,"{""elapsed_time"": 17.896947860717773, ""steps_taken"": 261, ""cumulative_reward"": 0}",1764286372250,1764286376.8384101
50c5b599-1e09-4abf-8d37-da7b45302caa,unknown,5iJw6qqAH8WspP58AAAD,1764286358.942029,0,ppo_pace_two_ing_2_seed1,default,262,0,-0.05000000074505806,True,"{""elapsed_time"": 17.970147848129272, ""steps_taken"": 262, ""cumulative_reward"": -0.05000000074505806}",1764286372299,1764286376.911611
50c5b599-1e09-4abf-8d37-da7b45302caa,unknown,5iJw6qqAH8WspP58AAAD,1764286358.942029,0,ppo_pace_two_ing_2_seed1,default,263,0,0.0,True,"{""elapsed_time"": 18.045286655426025, ""steps_taken"": 263, ""cumulative_reward"": 0}",1764286372349,1764286376.9867487
50c5b599-1e09-4abf-8d37-da7b45302caa,unknown,5iJw6qqAH8WspP58AAAD,1764286358.942029,0,ppo_pace_two_ing_2_seed1,default,264,0,-0.05000000074505806,True,"{""elapsed_time"": 18.120627880096436, ""steps_taken"": 264, ""cumulative_reward"": -0.05000000074505806}",1764286372400,1764286377.0620904
50c5b599-1e09-4abf-8d37-da7b45302caa,unknown,5iJw6qqAH8WspP58AAAD,1764286358.942029,0,ppo_pace_two_ing_2_seed1,default,265,0,0.0,True,"{""elapsed_time"": 18.191848278045654, ""steps_taken"": 265, ""cumulative_reward"": 0}",1764286372450,1764286377.133311
50c5b599-1e09-4abf-8d37-da7b45302caa,unknown,5iJw6qqAH8WspP58AAAD,1764286358.942029,0,ppo_pace_two_ing_2_seed1,default,266,0,-0.05000000074505806,True,"{""elapsed_time"": 18.26667809486389, ""steps_taken"": 266, ""cumulative_reward"": -0.05000000074505806}",1764286372500,1764286377.2081401
50c5b599-1e09-4abf-8d37-da7b45302caa,unknown,5iJw6qqAH8WspP58AAAD,1764286358.942029,0,ppo_pace_two_ing_2_seed1,default,267,0,0.0,True,"{""elapsed_time"": 18.35426354408264, ""steps_taken"": 267, ""cumulative_reward"": 0}",1764286372550,1764286377.2957292
50c5b599-1e09-4abf-8d37-da7b45302caa,unknown,5iJw6qqAH8WspP58AAAD,1764286358.942029,0,ppo_pace_two_ing_2_seed1,default,268,0,-0.05000000074505806,True,"{""elapsed_time"": 18.436118602752686, ""steps_taken"": 268, ""cumulative_reward"": -0.05000000074505806}",1764286372601,1764286377.37758
50c5b599-1e09-4abf-8d37-da7b45302caa,unknown,5iJw6qqAH8WspP58AAAD,1764286358.942029,0,ppo_pace_two_ing_2_seed1,default,269,0,0.0,True,"{""elapsed_time"": 18.51311707496643, ""steps_taken"": 269, ""cumulative_reward"": 0}",1764286372651,1764286377.4545803
50c5b599-1e09-4abf-8d37-da7b45302caa,unknown,5iJw6qqAH8WspP58AAAD,1764286358.942029,0,ppo_pace_two_ing_2_seed1,default,270,0,-0.05000000074505806,True,"{""elapsed_time"": 18.585875988006592, ""steps_taken"": 270, ""cumulative_reward"": -0.05000000074505806}",1764286372701,1764286377.527338
50c5b599-1e09-4abf-8d37-da7b45302caa,unknown,5iJw6qqAH8WspP58AAAD,1764286358.942029,0,ppo_pace_two_ing_2_seed1,default,271,0,0.0,True,"{""elapsed_time"": 18.665559768676758, ""steps_taken"": 271, ""cumulative_reward"": 0}",1764286372751,1764286377.6070225
50c5b599-1e09-4abf-8d37-da7b45302caa,unknown,5iJw6qqAH8WspP58AAAD,1764286358.942029,0,ppo_pace_two_ing_2_seed1,default,272,0,-0.05000000074505806,True,"{""elapsed_time"": 18.739466428756714, ""steps_taken"": 272, ""cumulative_reward"": -0.05000000074505806}",1764286372801,1764286377.6809306
50c5b599-1e09-4abf-8d37-da7b45302caa,unknown,5iJw6qqAH8WspP58AAAD,1764286358.942029,0,ppo_pace_two_ing_2_seed1,default,273,0,0.0,True,"{""elapsed_time"": 18.8140811920166, ""steps_taken"": 273, ""cumulative_reward"": 0}",1764286372852,1764286377.7555435
50c5b599-1e09-4abf-8d37-da7b45302caa,unknown,5iJw6qqAH8WspP58AAAD,1764286358.942029,0,ppo_pace_two_ing_2_seed1,default,274,0,-0.05000000074505806,True,"{""elapsed_time"": 18.89017367362976, ""steps_taken"": 274, ""cumulative_reward"": -0.05000000074505806}",1764286372901,1764286377.831636
50c5b599-1e09-4abf-8d37-da7b45302caa,unknown,5iJw6qqAH8WspP58AAAD,1764286358.942029,0,ppo_pace_two_ing_2_seed1,default,275,0,0.0,True,"{""elapsed_time"": 18.964779376983643, ""steps_taken"": 275, ""cumulative_reward"": 0}",1764286372952,1764286377.9062433
50c5b599-1e09-4abf-8d37-da7b45302caa,unknown,5iJw6qqAH8WspP58AAAD,1764286358.942029,0,ppo_pace_two_ing_2_seed1,default,276,0,-0.05000000074505806,True,"{""elapsed_time"": 19.03995156288147, ""steps_taken"": 276, ""cumulative_reward"": -0.05000000074505806}",1764286373001,1764286377.9814136
50c5b599-1e09-4abf-8d37-da7b45302caa,unknown,5iJw6qqAH8WspP58AAAD,1764286358.942029,0,ppo_pace_two_ing_2_seed1,default,277,0,0.0,True,"{""elapsed_time"": 19.111412048339844, ""steps_taken"": 277, ""cumulative_reward"": 0}",1764286373052,1764286378.052874
50c5b599-1e09-4abf-8d37-da7b45302caa,unknown,5iJw6qqAH8WspP58AAAD,1764286358.942029,0,ppo_pace_two_ing_2_seed1,default,278,0,-0.05000000074505806,True,"{""elapsed_time"": 19.186484813690186, ""steps_taken"": 278, ""cumulative_reward"": -0.05000000074505806}",1764286373102,1764286378.1279476
50c5b599-1e09-4abf-8d37-da7b45302caa,unknown,5iJw6qqAH8WspP58AAAD,1764286358.942029,0,ppo_pace_two_ing_2_seed1,default,279,0,0.0,True,"{""elapsed_time"": 19.260650157928467, ""steps_taken"": 279, ""cumulative_reward"": 0}",1764286373152,1764286378.2021136
50c5b599-1e09-4abf-8d37-da7b45302caa,unknown,5iJw6qqAH8WspP58AAAD,1764286358.942029,0,ppo_pace_two_ing_2_seed1,default,280,0,-0.05000000074505806,True,"{""elapsed_time"": 19.337122678756714, ""steps_taken"": 280, ""cumulative_reward"": -0.05000000074505806}",1764286373202,1764286378.2785845
50c5b599-1e09-4abf-8d37-da7b45302caa,unknown,5iJw6qqAH8WspP58AAAD,1764286358.942029,0,ppo_pace_two_ing_2_seed1,default,281,0,0.0,True,"{""elapsed_time"": 19.41203784942627, ""steps_taken"": 281, ""cumulative_reward"": 0}",1764286373253,1764286378.3535001
50c5b599-1e09-4abf-8d37-da7b45302caa,unknown,5iJw6qqAH8WspP58AAAD,1764286358.942029,0,ppo_pace_two_ing_2_seed1,default,282,0,-0.05000000074505806,True,"{""elapsed_time"": 19.48817014694214, ""steps_taken"": 282, ""cumulative_reward"": -0.05000000074505806}",1764286373302,1764286378.4296312
50c5b599-1e09-4abf-8d37-da7b45302caa,unknown,5iJw6qqAH8WspP58AAAD,1764286358.942029,0,ppo_pace_two_ing_2_seed1,default,283,0,0.0,True,"{""elapsed_time"": 19.561086893081665, ""steps_taken"": 283, ""cumulative_reward"": 0}",1764286373352,1764286378.502549
50c5b599-1e09-4abf-8d37-da7b45302caa,unknown,5iJw6qqAH8WspP58AAAD,1764286358.942029,0,ppo_pace_two_ing_2_seed1,default,284,0,-0.05000000074505806,True,"{""elapsed_time"": 19.634398937225342, ""steps_taken"": 284, ""cumulative_reward"": -0.05000000074505806}",1764286373403,1764286378.5758615
50c5b599-1e09-4abf-8d37-da7b45302caa,unknown,5iJw6qqAH8WspP58AAAD,1764286358.942029,0,ppo_pace_two_ing_2_seed1,default,285,0,0.0,True,"{""elapsed_time"": 19.706791162490845, ""steps_taken"": 285, ""cumulative_reward"": 0}",1764286373453,1764286378.6482532
50c5b599-1e09-4abf-8d37-da7b45302caa,unknown,5iJw6qqAH8WspP58AAAD,1764286358.942029,0,ppo_pace_two_ing_2_seed1,default,286,0,-0.05000000074505806,True,"{""elapsed_time"": 19.779660940170288, ""steps_taken"": 286, ""cumulative_reward"": -0.05000000074505806}",1764286373503,1764286378.721124
50c5b599-1e09-4abf-8d37-da7b45302caa,unknown,5iJw6qqAH8WspP58AAAD,1764286358.942029,0,ppo_pace_two_ing_2_seed1,default,287,0,0.0,True,"{""elapsed_time"": 19.851662158966064, ""steps_taken"": 287, ""cumulative_reward"": 0}",1764286373553,1764286378.7931244
50c5b599-1e09-4abf-8d37-da7b45302caa,unknown,5iJw6qqAH8WspP58AAAD,1764286358.942029,0,ppo_pace_two_ing_2_seed1,default,288,0,-0.05000000074505806,True,"{""elapsed_time"": 19.92801523208618, ""steps_taken"": 288, ""cumulative_reward"": -0.05000000074505806}",1764286373603,1764286378.8694773
50c5b599-1e09-4abf-8d37-da7b45302caa,unknown,5iJw6qqAH8WspP58AAAD,1764286358.942029,0,ppo_pace_two_ing_2_seed1,default,289,0,0.0,True,"{""elapsed_time"": 19.998844623565674, ""steps_taken"": 289, ""cumulative_reward"": 0}",1764286373654,1764286378.9403074
50c5b599-1e09-4abf-8d37-da7b45302caa,unknown,5iJw6qqAH8WspP58AAAD,1764286358.942029,0,ppo_pace_two_ing_2_seed1,default,290,0,-0.05000000074505806,True,"{""elapsed_time"": 20.07232356071472, ""steps_taken"": 290, ""cumulative_reward"": -0.05000000074505806}",1764286373704,1764286379.0137866
50c5b599-1e09-4abf-8d37-da7b45302caa,unknown,5iJw6qqAH8WspP58AAAD,1764286358.942029,0,ppo_pace_two_ing_2_seed1,default,291,0,0.0,True,"{""elapsed_time"": 20.14390516281128, ""steps_taken"": 291, ""cumulative_reward"": 0}",1764286373753,1764286379.0853686
50c5b599-1e09-4abf-8d37-da7b45302caa,unknown,5iJw6qqAH8WspP58AAAD,1764286358.942029,0,ppo_pace_two_ing_2_seed1,default,292,0,-0.05000000074505806,True,"{""elapsed_time"": 20.215585231781006, ""steps_taken"": 292, ""cumulative_reward"": -0.05000000074505806}",1764286373804,1764286379.1570475
50c5b599-1e09-4abf-8d37-da7b45302caa,unknown,5iJw6qqAH8WspP58AAAD,1764286358.942029,0,ppo_pace_two_ing_2_seed1,default,293,2,0.0,True,"{""elapsed_time"": 20.28969955444336, ""steps_taken"": 293, ""cumulative_reward"": 0}",1764286373854,1764286379.231162
50c5b599-1e09-4abf-8d37-da7b45302caa,unknown,5iJw6qqAH8WspP58AAAD,1764286358.942029,0,ppo_pace_two_ing_2_seed1,default,294,2,-0.05000000074505806,True,"{""elapsed_time"": 20.371793508529663, ""steps_taken"": 294, ""cumulative_reward"": -0.05000000074505806}",1764286373904,1764286379.3132567
50c5b599-1e09-4abf-8d37-da7b45302caa,unknown,5iJw6qqAH8WspP58AAAD,1764286358.942029,0,ppo_pace_two_ing_2_seed1,default,295,2,0.0,True,"{""elapsed_time"": 20.444900035858154, ""steps_taken"": 295, ""cumulative_reward"": 0}",1764286373954,1764286379.386362
50c5b599-1e09-4abf-8d37-da7b45302caa,unknown,5iJw6qqAH8WspP58AAAD,1764286358.942029,0,ppo_pace_two_ing_2_seed1,default,296,0,-0.05000000074505806,True,"{""elapsed_time"": 20.518789291381836, ""steps_taken"": 296, ""cumulative_reward"": -0.05000000074505806}",1764286374004,1764286379.4602518
50c5b599-1e09-4abf-8d37-da7b45302caa,unknown,5iJw6qqAH8WspP58AAAD,1764286358.942029,0,ppo_pace_two_ing_2_seed1,default,297,0,0.0,True,"{""elapsed_time"": 20.587789297103882, ""steps_taken"": 297, ""cumulative_reward"": 0}",1764286374054,1764286379.5292523
50c5b599-1e09-4abf-8d37-da7b45302caa,unknown,5iJw6qqAH8WspP58AAAD,1764286358.942029,0,ppo_pace_two_ing_2_seed1,default,298,0,-0.05000000074505806,True,"{""elapsed_time"": 20.658189058303833, ""steps_taken"": 298, ""cumulative_reward"": -0.05000000074505806}",1764286374104,1764286379.5996509
50c5b599-1e09-4abf-8d37-da7b45302caa,unknown,5iJw6qqAH8WspP58AAAD,1764286358.942029,0,ppo_pace_two_ing_2_seed1,default,299,0,0.0,True,"{""elapsed_time"": 20.727850198745728, ""steps_taken"": 299, ""cumulative_reward"": 0}",1764286374157,1764286379.6693122
50c5b599-1e09-4abf-8d37-da7b45302caa,unknown,5iJw6qqAH8WspP58AAAD,1764286358.942029,0,ppo_pace_two_ing_2_seed1,default,300,0,-0.05000000074505806,True,"{""elapsed_time"": 20.797572374343872, ""steps_taken"": 300, ""cumulative_reward"": -0.05000000074505806}",1764286374207,1764286379.7390347
50c5b599-1e09-4abf-8d37-da7b45302caa,unknown,5iJw6qqAH8WspP58AAAD,1764286358.942029,0,ppo_pace_two_ing_2_seed1,default,301,0,0.0,True,"{""elapsed_time"": 20.8674635887146, ""steps_taken"": 301, ""cumulative_reward"": 0}",1764286374257,1764286379.8089252
50c5b599-1e09-4abf-8d37-da7b45302caa,unknown,5iJw6qqAH8WspP58AAAD,1764286358.942029,0,ppo_pace_two_ing_2_seed1,default,302,0,-0.05000000074505806,True,"{""elapsed_time"": 20.93943953514099, ""steps_taken"": 302, ""cumulative_reward"": -0.05000000074505806}",1764286374307,1764286379.880901
50c5b599-1e09-4abf-8d37-da7b45302caa,unknown,5iJw6qqAH8WspP58AAAD,1764286358.942029,0,ppo_pace_two_ing_2_seed1,default,303,0,0.0,True,"{""elapsed_time"": 21.0086612701416, ""steps_taken"": 303, ""cumulative_reward"": 0}",1764286374357,1764286379.950123
50c5b599-1e09-4abf-8d37-da7b45302caa,unknown,5iJw6qqAH8WspP58AAAD,1764286358.942029,0,ppo_pace_two_ing_2_seed1,default,304,0,-0.05000000074505806,True,"{""elapsed_time"": 21.079725980758667, ""steps_taken"": 304, ""cumulative_reward"": -0.05000000074505806}",1764286374407,1764286380.0211878
50c5b599-1e09-4abf-8d37-da7b45302caa,unknown,5iJw6qqAH8WspP58AAAD,1764286358.942029,0,ppo_pace_two_ing_2_seed1,default,305,0,0.0,True,"{""elapsed_time"": 21.150227308273315, ""steps_taken"": 305, ""cumulative_reward"": 0}",1764286374459,1764286380.0916886
50c5b599-1e09-4abf-8d37-da7b45302caa,unknown,5iJw6qqAH8WspP58AAAD,1764286358.942029,0,ppo_pace_two_ing_2_seed1,default,306,0,-0.05000000074505806,True,"{""elapsed_time"": 21.223368406295776, ""steps_taken"": 306, ""cumulative_reward"": -0.05000000074505806}",1764286374509,1764286380.1648307
50c5b599-1e09-4abf-8d37-da7b45302caa,unknown,5iJw6qqAH8WspP58AAAD,1764286358.942029,0,ppo_pace_two_ing_2_seed1,default,307,0,0.0,True,"{""elapsed_time"": 21.296839237213135, ""steps_taken"": 307, ""cumulative_reward"": 0}",1764286374559,1764286380.238302
50c5b599-1e09-4abf-8d37-da7b45302caa,unknown,5iJw6qqAH8WspP58AAAD,1764286358.942029,0,ppo_pace_two_ing_2_seed1,default,308,0,-0.05000000074505806,True,"{""elapsed_time"": 21.553841590881348, ""steps_taken"": 308, ""cumulative_reward"": -0.05000000074505806}",1764286374610,1764286380.4953063
50c5b599-1e09-4abf-8d37-da7b45302caa,unknown,5iJw6qqAH8WspP58AAAD,1764286358.942029,0,ppo_pace_two_ing_2_seed1,default,309,0,0.0,True,"{""elapsed_time"": 21.622650146484375, ""steps_taken"": 309, ""cumulative_reward"": 0}",1764286374662,1764286380.5641131
50c5b599-1e09-4abf-8d37-da7b45302caa,unknown,5iJw6qqAH8WspP58AAAD,1764286358.942029,0,ppo_pace_two_ing_2_seed1,default,310,0,-0.05000000074505806,True,"{""elapsed_time"": 21.69865393638611, ""steps_taken"": 310, ""cumulative_reward"": -0.05000000074505806}",1764286374713,1764286380.6401157
50c5b599-1e09-4abf-8d37-da7b45302caa,unknown,5iJw6qqAH8WspP58AAAD,1764286358.942029,0,ppo_pace_two_ing_2_seed1,default,311,0,0.0,True,"{""elapsed_time"": 21.774158716201782, ""steps_taken"": 311, ""cumulative_reward"": 0}",1764286374762,1764286380.7156205
50c5b599-1e09-4abf-8d37-da7b45302caa,unknown,5iJw6qqAH8WspP58AAAD,1764286358.942029,0,ppo_pace_two_ing_2_seed1,default,312,0,-0.05000000074505806,True,"{""elapsed_time"": 21.847147941589355, ""steps_taken"": 312, ""cumulative_reward"": -0.05000000074505806}",1764286374813,1764286380.78861
50c5b599-1e09-4abf-8d37-da7b45302caa,unknown,5iJw6qqAH8WspP58AAAD,1764286358.942029,0,ppo_pace_two_ing_2_seed1,default,313,0,0.0,True,"{""elapsed_time"": 21.91706943511963, ""steps_taken"": 313, ""cumulative_reward"": 0}",1764286374863,1764286380.858531
50c5b599-1e09-4abf-8d37-da7b45302caa,unknown,5iJw6qqAH8WspP58AAAD,1764286358.942029,0,ppo_pace_two_ing_2_seed1,default,314,0,-0.05000000074505806,True,"{""elapsed_time"": 21.990577697753906, ""steps_taken"": 314, ""cumulative_reward"": -0.05000000074505806}",1764286374913,1764286380.93204
50c5b599-1e09-4abf-8d37-da7b45302caa,unknown,5iJw6qqAH8WspP58AAAD,1764286358.942029,0,ppo_pace_two_ing_2_seed1,default,315,0,0.0,True,"{""elapsed_time"": 22.060721397399902, ""steps_taken"": 315, ""cumulative_reward"": 0}",1764286374963,1764286381.0021842
50c5b599-1e09-4abf-8d37-da7b45302caa,unknown,5iJw6qqAH8WspP58AAAD,1764286358.942029,0,ppo_pace_two_ing_2_seed1,default,316,0,-0.05000000074505806,True,"{""elapsed_time"": 22.13717007637024, ""steps_taken"": 316, ""cumulative_reward"": -0.05000000074505806}",1764286375014,1764286381.078632
50c5b599-1e09-4abf-8d37-da7b45302caa,unknown,5iJw6qqAH8WspP58AAAD,1764286358.942029,0,ppo_pace_two_ing_2_seed1,default,317,0,0.0,True,"{""elapsed_time"": 22.214234113693237, ""steps_taken"": 317, ""cumulative_reward"": 0}",1764286375064,1764286381.155696
50c5b599-1e09-4abf-8d37-da7b45302caa,unknown,5iJw6qqAH8WspP58AAAD,1764286358.942029,0,ppo_pace_two_ing_2_seed1,default,318,0,-0.05000000074505806,True,"{""elapsed_time"": 22.289875030517578, ""steps_taken"": 318, ""cumulative_reward"": -0.05000000074505806}",1764286375113,1764286381.2313375
50c5b599-1e09-4abf-8d37-da7b45302caa,unknown,5iJw6qqAH8WspP58AAAD,1764286358.942029,0,ppo_pace_two_ing_2_seed1,default,319,0,0.0,True,"{""elapsed_time"": 22.362144470214844, ""steps_taken"": 319, ""cumulative_reward"": 0}",1764286375164,1764286381.3036067
50c5b599-1e09-4abf-8d37-da7b45302caa,unknown,5iJw6qqAH8WspP58AAAD,1764286358.942029,0,ppo_pace_two_ing_2_seed1,default,320,0,-0.05000000074505806,True,"{""elapsed_time"": 22.433922290802002, ""steps_taken"": 320, ""cumulative_reward"": -0.05000000074505806}",1764286375214,1764286381.3753839
50c5b599-1e09-4abf-8d37-da7b45302caa,unknown,5iJw6qqAH8WspP58AAAD,1764286358.942029,0,ppo_pace_two_ing_2_seed1,default,321,0,0.0,True,"{""elapsed_time"": 22.50740098953247, ""steps_taken"": 321, ""cumulative_reward"": 0}",1764286375264,1764286381.448864
50c5b599-1e09-4abf-8d37-da7b45302caa,unknown,5iJw6qqAH8WspP58AAAD,1764286358.942029,0,ppo_pace_two_ing_2_seed1,default,322,0,-0.05000000074505806,True,"{""elapsed_time"": 22.584227323532104, ""steps_taken"": 322, ""cumulative_reward"": -0.05000000074505806}",1764286375317,1764286381.5256896
50c5b599-1e09-4abf-8d37-da7b45302caa,unknown,5iJw6qqAH8WspP58AAAD,1764286358.942029,0,ppo_pace_two_ing_2_seed1,default,323,0,0.0,True,"{""elapsed_time"": 22.656387329101562, ""steps_taken"": 323, ""cumulative_reward"": 0}",1764286375367,1764286381.59785
50c5b599-1e09-4abf-8d37-da7b45302caa,unknown,5iJw6qqAH8WspP58AAAD,1764286358.942029,0,ppo_pace_two_ing_2_seed1,default,324,0,-0.05000000074505806,True,"{""elapsed_time"": 22.732361793518066, ""steps_taken"": 324, ""cumulative_reward"": -0.05000000074505806}",1764286375417,1764286381.6738243
50c5b599-1e09-4abf-8d37-da7b45302caa,unknown,5iJw6qqAH8WspP58AAAD,1764286358.942029,0,ppo_pace_two_ing_2_seed1,default,325,0,0.0,True,"{""elapsed_time"": 22.80382800102234, ""steps_taken"": 325, ""cumulative_reward"": 0}",1764286375467,1764286381.7452898
50c5b599-1e09-4abf-8d37-da7b45302caa,unknown,5iJw6qqAH8WspP58AAAD,1764286358.942029,0,ppo_pace_two_ing_2_seed1,default,326,0,-0.05000000074505806,True,"{""elapsed_time"": 22.878461837768555, ""steps_taken"": 326, ""cumulative_reward"": -0.05000000074505806}",1764286375518,1764286381.8199246
50c5b599-1e09-4abf-8d37-da7b45302caa,unknown,5iJw6qqAH8WspP58AAAD,1764286358.942029,0,ppo_pace_two_ing_2_seed1,default,327,0,0.0,True,"{""elapsed_time"": 22.95256495475769, ""steps_taken"": 327, ""cumulative_reward"": 0}",1764286375568,1764286381.8940272
50c5b599-1e09-4abf-8d37-da7b45302caa,unknown,5iJw6qqAH8WspP58AAAD,1764286358.942029,0,ppo_pace_two_ing_2_seed1,default,328,0,-0.05000000074505806,True,"{""elapsed_time"": 23.02479076385498, ""steps_taken"": 328, ""cumulative_reward"": -0.05000000074505806}",1764286375618,1764286381.9662535
50c5b599-1e09-4abf-8d37-da7b45302caa,unknown,5iJw6qqAH8WspP58AAAD,1764286358.942029,0,ppo_pace_two_ing_2_seed1,default,329,0,0.0,True,"{""elapsed_time"": 23.097649812698364, ""steps_taken"": 329, ""cumulative_reward"": 0}",1764286375669,1764286382.039112
50c5b599-1e09-4abf-8d37-da7b45302caa,unknown,5iJw6qqAH8WspP58AAAD,1764286358.942029,0,ppo_pace_two_ing_2_seed1,default,330,0,-0.05000000074505806,True,"{""elapsed_time"": 23.169210195541382, ""steps_taken"": 330, ""cumulative_reward"": -0.05000000074505806}",1764286375719,1764286382.1106718
50c5b599-1e09-4abf-8d37-da7b45302caa,unknown,5iJw6qqAH8WspP58AAAD,1764286358.942029,0,ppo_pace_two_ing_2_seed1,default,331,0,0.0,True,"{""elapsed_time"": 23.24204707145691, ""steps_taken"": 331, ""cumulative_reward"": 0}",1764286375769,1764286382.1835093
50c5b599-1e09-4abf-8d37-da7b45302caa,unknown,5iJw6qqAH8WspP58AAAD,1764286358.942029,0,ppo_pace_two_ing_2_seed1,default,332,0,-0.05000000074505806,True,"{""elapsed_time"": 23.323481559753418, ""steps_taken"": 332, ""cumulative_reward"": -0.05000000074505806}",1764286375819,1764286382.2649436
50c5b599-1e09-4abf-8d37-da7b45302caa,unknown,5iJw6qqAH8WspP58AAAD,1764286358.942029,0,ppo_pace_two_ing_2_seed1,default,333,0,0.0,True,"{""elapsed_time"": 23.406750679016113, ""steps_taken"": 333, ""cumulative_reward"": 0}",1764286375869,1764286382.348213
50c5b599-1e09-4abf-8d37-da7b45302caa,unknown,5iJw6qqAH8WspP58AAAD,1764286358.942029,0,ppo_pace_two_ing_2_seed1,default,334,0,-0.05000000074505806,True,"{""elapsed_time"": 23.485058546066284, ""steps_taken"": 334, ""cumulative_reward"": -0.05000000074505806}",1764286375919,1764286382.4265208
50c5b599-1e09-4abf-8d37-da7b45302caa,unknown,5iJw6qqAH8WspP58AAAD,1764286358.942029,0,ppo_pace_two_ing_2_seed1,default,335,0,0.0,True,"{""elapsed_time"": 23.5582332611084, ""steps_taken"": 335, ""cumulative_reward"": 0}",1764286375970,1764286382.499696
50c5b599-1e09-4abf-8d37-da7b45302caa,unknown,5iJw6qqAH8WspP58AAAD,1764286358.942029,0,ppo_pace_two_ing_2_seed1,default,336,0,-0.05000000074505806,True,"{""elapsed_time"": 23.636516332626343, ""steps_taken"": 336, ""cumulative_reward"": -0.05000000074505806}",1764286376020,1764286382.5779815
50c5b599-1e09-4abf-8d37-da7b45302caa,unknown,5iJw6qqAH8WspP58AAAD,1764286358.942029,0,ppo_pace_two_ing_2_seed1,default,337,0,0.0,True,"{""elapsed_time"": 23.722421407699585, ""steps_taken"": 337, ""cumulative_reward"": 0}",1764286376070,1764286382.6638849
50c5b599-1e09-4abf-8d37-da7b45302caa,unknown,5iJw6qqAH8WspP58AAAD,1764286358.942029,0,ppo_pace_two_ing_2_seed1,default,338,0,-0.05000000074505806,True,"{""elapsed_time"": 23.803380250930786, ""steps_taken"": 338, ""cumulative_reward"": -0.05000000074505806}",1764286376125,1764286382.7448428
50c5b599-1e09-4abf-8d37-da7b45302caa,unknown,5iJw6qqAH8WspP58AAAD,1764286358.942029,0,ppo_pace_two_ing_2_seed1,default,339,0,0.0,True,"{""elapsed_time"": 23.878779411315918, ""steps_taken"": 339, ""cumulative_reward"": 0}",1764286376176,1764286382.8202417
50c5b599-1e09-4abf-8d37-da7b45302caa,unknown,5iJw6qqAH8WspP58AAAD,1764286358.942029,0,ppo_pace_two_ing_2_seed1,default,340,0,-0.05000000074505806,True,"{""elapsed_time"": 23.956962823867798, ""steps_taken"": 340, ""cumulative_reward"": -0.05000000074505806}",1764286376226,1764286382.8984244
50c5b599-1e09-4abf-8d37-da7b45302caa,unknown,5iJw6qqAH8WspP58AAAD,1764286358.942029,0,ppo_pace_two_ing_2_seed1,default,341,0,0.0,True,"{""elapsed_time"": 24.03391718864441, ""steps_taken"": 341, ""cumulative_reward"": 0}",1764286376276,1764286382.9753792
50c5b599-1e09-4abf-8d37-da7b45302caa,unknown,5iJw6qqAH8WspP58AAAD,1764286358.942029,0,ppo_pace_two_ing_2_seed1,default,342,0,-0.05000000074505806,True,"{""elapsed_time"": 24.108152151107788, ""steps_taken"": 342, ""cumulative_reward"": -0.05000000074505806}",1764286376327,1764286383.0496147
50c5b599-1e09-4abf-8d37-da7b45302caa,unknown,5iJw6qqAH8WspP58AAAD,1764286358.942029,0,ppo_pace_two_ing_2_seed1,default,343,0,0.0,True,"{""elapsed_time"": 24.181399822235107, ""steps_taken"": 343, ""cumulative_reward"": 0}",1764286376377,1764286383.122862
50c5b599-1e09-4abf-8d37-da7b45302caa,unknown,5iJw6qqAH8WspP58AAAD,1764286358.942029,0,ppo_pace_two_ing_2_seed1,default,344,0,-0.05000000074505806,True,"{""elapsed_time"": 24.25207805633545, ""steps_taken"": 344, ""cumulative_reward"": -0.05000000074505806}",1764286376427,1764286383.1935396
50c5b599-1e09-4abf-8d37-da7b45302caa,unknown,5iJw6qqAH8WspP58AAAD,1764286358.942029,0,ppo_pace_two_ing_2_seed1,default,345,0,0.0,True,"{""elapsed_time"": 24.33232617378235, ""steps_taken"": 345, ""cumulative_reward"": 0}",1764286376477,1764286383.2737894
50c5b599-1e09-4abf-8d37-da7b45302caa,unknown,5iJw6qqAH8WspP58AAAD,1764286358.942029,0,ppo_pace_two_ing_2_seed1,default,346,0,-0.05000000074505806,True,"{""elapsed_time"": 24.406473398208618, ""steps_taken"": 346, ""cumulative_reward"": -0.05000000074505806}",1764286376527,1764286383.3479352
50c5b599-1e09-4abf-8d37-da7b45302caa,unknown,5iJw6qqAH8WspP58AAAD,1764286358.942029,0,ppo_pace_two_ing_2_seed1,default,347,0,0.0,True,"{""elapsed_time"": 24.486865758895874, ""steps_taken"": 347, ""cumulative_reward"": 0}",1764286376577,1764286383.4283278
50c5b599-1e09-4abf-8d37-da7b45302caa,unknown,5iJw6qqAH8WspP58AAAD,1764286358.942029,0,ppo_pace_two_ing_2_seed1,default,348,0,-0.05000000074505806,True,"{""elapsed_time"": 24.55806875228882, ""steps_taken"": 348, ""cumulative_reward"": -0.05000000074505806}",1764286376628,1764286383.4995308
50c5b599-1e09-4abf-8d37-da7b45302caa,unknown,5iJw6qqAH8WspP58AAAD,1764286358.942029,0,ppo_pace_two_ing_2_seed1,default,349,0,0.0,True,"{""elapsed_time"": 24.63561749458313, ""steps_taken"": 349, ""cumulative_reward"": 0}",1764286376678,1764286383.5770798
50c5b599-1e09-4abf-8d37-da7b45302caa,unknown,5iJw6qqAH8WspP58AAAD,1764286358.942029,0,ppo_pace_two_ing_2_seed1,default,350,0,-0.05000000074505806,True,"{""elapsed_time"": 24.706677198410034, ""steps_taken"": 350, ""cumulative_reward"": -0.05000000074505806}",1764286376728,1764286383.6481395
50c5b599-1e09-4abf-8d37-da7b45302caa,unknown,5iJw6qqAH8WspP58AAAD,1764286358.942029,0,ppo_pace_two_ing_2_seed1,default,351,0,0.0,True,"{""elapsed_time"": 24.77841067314148, ""steps_taken"": 351, ""cumulative_reward"": 0}",1764286376778,1764286383.7198746
50c5b599-1e09-4abf-8d37-da7b45302caa,unknown,5iJw6qqAH8WspP58AAAD,1764286358.942029,0,ppo_pace_two_ing_2_seed1,default,352,0,-0.05000000074505806,True,"{""elapsed_time"": 24.853686809539795, ""steps_taken"": 352, ""cumulative_reward"": -0.05000000074505806}",1764286376829,1764286383.7951484
50c5b599-1e09-4abf-8d37-da7b45302caa,unknown,5iJw6qqAH8WspP58AAAD,1764286358.942029,0,ppo_pace_two_ing_2_seed1,default,353,0,0.0,True,"{""elapsed_time"": 24.941759824752808, ""steps_taken"": 353, ""cumulative_reward"": 0}",1764286376879,1764286383.8832233
50c5b599-1e09-4abf-8d37-da7b45302caa,unknown,5iJw6qqAH8WspP58AAAD,1764286358.942029,0,ppo_pace_two_ing_2_seed1,default,354,0,-0.05000000074505806,True,"{""elapsed_time"": 25.024336338043213, ""steps_taken"": 354, ""cumulative_reward"": -0.05000000074505806}",1764286376929,1764286383.9657981
50c5b599-1e09-4abf-8d37-da7b45302caa,unknown,5iJw6qqAH8WspP58AAAD,1764286358.942029,0,ppo_pace_two_ing_2_seed1,default,355,0,0.0,True,"{""elapsed_time"": 25.09494113922119, ""steps_taken"": 355, ""cumulative_reward"": 0}",1764286376979,1764286384.0364027
50c5b599-1e09-4abf-8d37-da7b45302caa,unknown,5iJw6qqAH8WspP58AAAD,1764286358.942029,0,ppo_pace_two_ing_2_seed1,default,356,0,-0.05000000074505806,True,"{""elapsed_time"": 25.164815187454224, ""steps_taken"": 356, ""cumulative_reward"": -0.05000000074505806}",1764286377029,1764286384.1062775
50c5b599-1e09-4abf-8d37-da7b45302caa,unknown,5iJw6qqAH8WspP58AAAD,1764286358.942029,0,ppo_pace_two_ing_2_seed1,default,357,0,0.0,True,"{""elapsed_time"": 25.238422870635986, ""steps_taken"": 357, ""cumulative_reward"": 0}",1764286377079,1764286384.1798854
50c5b599-1e09-4abf-8d37-da7b45302caa,unknown,5iJw6qqAH8WspP58AAAD,1764286358.942029,0,ppo_pace_two_ing_2_seed1,default,358,0,-0.05000000074505806,True,"{""elapsed_time"": 25.31370711326599, ""steps_taken"": 358, ""cumulative_reward"": -0.05000000074505806}",1764286377130,1764286384.2551699
50c5b599-1e09-4abf-8d37-da7b45302caa,unknown,5iJw6qqAH8WspP58AAAD,1764286358.942029,0,ppo_pace_two_ing_2_seed1,default,359,0,0.0,True,"{""elapsed_time"": 25.391923427581787, ""steps_taken"": 359, ""cumulative_reward"": 0}",1764286377180,1764286384.3333852
50c5b599-1e09-4abf-8d37-da7b45302caa,unknown,5iJw6qqAH8WspP58AAAD,1764286358.942029,0,ppo_pace_two_ing_2_seed1,default,360,0,-0.05000000074505806,True,"{""elapsed_time"": 25.48928475379944, ""steps_taken"": 360, ""cumulative_reward"": -0.05000000074505806}",1764286377230,1764286384.4307528
50c5b599-1e09-4abf-8d37-da7b45302caa,unknown,5iJw6qqAH8WspP58AAAD,1764286358.942029,0,ppo_pace_two_ing_2_seed1,default,361,0,0.0,True,"{""elapsed_time"": 25.598474740982056, ""steps_taken"": 361, ""cumulative_reward"": 0}",1764286377280,1764286384.539938
50c5b599-1e09-4abf-8d37-da7b45302caa,unknown,5iJw6qqAH8WspP58AAAD,1764286358.942029,0,ppo_pace_two_ing_2_seed1,default,362,0,-0.05000000074505806,True,"{""elapsed_time"": 25.680823802947998, ""steps_taken"": 362, ""cumulative_reward"": -0.05000000074505806}",1764286377329,1764286384.6222868
50c5b599-1e09-4abf-8d37-da7b45302caa,unknown,5iJw6qqAH8WspP58AAAD,1764286358.942029,0,ppo_pace_two_ing_2_seed1,default,363,0,0.0,True,"{""elapsed_time"": 25.750892400741577, ""steps_taken"": 363, ""cumulative_reward"": 0}",1764286377380,1764286384.6923542
50c5b599-1e09-4abf-8d37-da7b45302caa,unknown,5iJw6qqAH8WspP58AAAD,1764286358.942029,0,ppo_pace_two_ing_2_seed1,default,364,0,-0.05000000074505806,True,"{""elapsed_time"": 25.8332097530365, ""steps_taken"": 364, ""cumulative_reward"": -0.05000000074505806}",1764286377430,1764286384.7746716
50c5b599-1e09-4abf-8d37-da7b45302caa,unknown,5iJw6qqAH8WspP58AAAD,1764286358.942029,0,ppo_pace_two_ing_2_seed1,default,365,0,0.0,True,"{""elapsed_time"": 25.90716028213501, ""steps_taken"": 365, ""cumulative_reward"": 0}",1764286377481,1764286384.8486228
50c5b599-1e09-4abf-8d37-da7b45302caa,unknown,5iJw6qqAH8WspP58AAAD,1764286358.942029,0,ppo_pace_two_ing_2_seed1,default,366,0,-0.05000000074505806,True,"{""elapsed_time"": 25.988030433654785, ""steps_taken"": 366, ""cumulative_reward"": -0.05000000074505806}",1764286377531,1764286384.9294918
50c5b599-1e09-4abf-8d37-da7b45302caa,unknown,5iJw6qqAH8WspP58AAAD,1764286358.942029,0,ppo_pace_two_ing_2_seed1,default,367,0,0.0,True,"{""elapsed_time"": 26.063275814056396, ""steps_taken"": 367, ""cumulative_reward"": 0}",1764286377581,1764286385.0047374
50c5b599-1e09-4abf-8d37-da7b45302caa,unknown,5iJw6qqAH8WspP58AAAD,1764286358.942029,0,ppo_pace_two_ing_2_seed1,default,368,0,-0.05000000074505806,True,"{""elapsed_time"": 26.134442567825317, ""steps_taken"": 368, ""cumulative_reward"": -0.05000000074505806}",1764286377631,1764286385.0759048
50c5b599-1e09-4abf-8d37-da7b45302caa,unknown,5iJw6qqAH8WspP58AAAD,1764286358.942029,0,ppo_pace_two_ing_2_seed1,default,369,0,0.0,True,"{""elapsed_time"": 26.204264163970947, ""steps_taken"": 369, ""cumulative_reward"": 0}",1764286377681,1764286385.1457267
50c5b599-1e09-4abf-8d37-da7b45302caa,unknown,5iJw6qqAH8WspP58AAAD,1764286358.942029,0,ppo_pace_two_ing_2_seed1,default,370,0,-0.05000000074505806,True,"{""elapsed_time"": 26.276369094848633, ""steps_taken"": 370, ""cumulative_reward"": -0.05000000074505806}",1764286377731,1764286385.2178316
50c5b599-1e09-4abf-8d37-da7b45302caa,unknown,5iJw6qqAH8WspP58AAAD,1764286358.942029,0,ppo_pace_two_ing_2_seed1,default,371,0,0.0,True,"{""elapsed_time"": 26.353898525238037, ""steps_taken"": 371, ""cumulative_reward"": 0}",1764286377781,1764286385.2953627
50c5b599-1e09-4abf-8d37-da7b45302caa,unknown,5iJw6qqAH8WspP58AAAD,1764286358.942029,0,ppo_pace_two_ing_2_seed1,default,372,0,-0.05000000074505806,True,"{""elapsed_time"": 26.427494287490845, ""steps_taken"": 372, ""cumulative_reward"": -0.05000000074505806}",1764286377831,1764286385.368958
50c5b599-1e09-4abf-8d37-da7b45302caa,unknown,5iJw6qqAH8WspP58AAAD,1764286358.942029,0,ppo_pace_two_ing_2_seed1,default,373,0,0.0,True,"{""elapsed_time"": 26.50765323638916, ""steps_taken"": 373, ""cumulative_reward"": 0}",1764286377881,1764286385.449119
50c5b599-1e09-4abf-8d37-da7b45302caa,unknown,5iJw6qqAH8WspP58AAAD,1764286358.942029,0,ppo_pace_two_ing_2_seed1,default,374,0,-0.05000000074505806,True,"{""elapsed_time"": 26.585926294326782, ""steps_taken"": 374, ""cumulative_reward"": -0.05000000074505806}",1764286377932,1764286385.527388
50c5b599-1e09-4abf-8d37-da7b45302caa,unknown,5iJw6qqAH8WspP58AAAD,1764286358.942029,0,ppo_pace_two_ing_2_seed1,default,375,2,0.0,True,"{""elapsed_time"": 26.657810926437378, ""steps_taken"": 375, ""cumulative_reward"": 0}",1764286377981,1764286385.5992732
50c5b599-1e09-4abf-8d37-da7b45302caa,unknown,5iJw6qqAH8WspP58AAAD,1764286358.942029,0,ppo_pace_two_ing_2_seed1,default,376,2,-0.05000000074505806,True,"{""elapsed_time"": 26.727794885635376, ""steps_taken"": 376, ""cumulative_reward"": -0.05000000074505806}",1764286378032,1764286385.6692572
50c5b599-1e09-4abf-8d37-da7b45302caa,unknown,5iJw6qqAH8WspP58AAAD,1764286358.942029,0,ppo_pace_two_ing_2_seed1,default,377,2,0.0,True,"{""elapsed_time"": 26.796857595443726, ""steps_taken"": 377, ""cumulative_reward"": 0}",1764286378082,1764286385.7383206
50c5b599-1e09-4abf-8d37-da7b45302caa,unknown,5iJw6qqAH8WspP58AAAD,1764286358.942029,0,ppo_pace_two_ing_2_seed1,default,378,2,-0.05000000074505806,True,"{""elapsed_time"": 26.888817310333252, ""steps_taken"": 378, ""cumulative_reward"": -0.05000000074505806}",1764286378132,1764286385.8302798
50c5b599-1e09-4abf-8d37-da7b45302caa,unknown,5iJw6qqAH8WspP58AAAD,1764286358.942029,0,ppo_pace_two_ing_2_seed1,default,379,2,0.0,True,"{""elapsed_time"": 26.96150493621826, ""steps_taken"": 379, ""cumulative_reward"": 0}",1764286378183,1764286385.9029675
50c5b599-1e09-4abf-8d37-da7b45302caa,unknown,5iJw6qqAH8WspP58AAAD,1764286358.942029,0,ppo_pace_two_ing_2_seed1,default,380,0,-0.05000000074505806,True,"{""elapsed_time"": 27.03737735748291, ""steps_taken"": 380, ""cumulative_reward"": -0.05000000074505806}",1764286378233,1764286385.97884
50c5b599-1e09-4abf-8d37-da7b45302caa,unknown,5iJw6qqAH8WspP58AAAD,1764286358.942029,0,ppo_pace_two_ing_2_seed1,default,381,0,0.0,True,"{""elapsed_time"": 27.112886667251587, ""steps_taken"": 381, ""cumulative_reward"": 0}",1764286378283,1764286386.054349
50c5b599-1e09-4abf-8d37-da7b45302caa,unknown,5iJw6qqAH8WspP58AAAD,1764286358.942029,0,ppo_pace_two_ing_2_seed1,default,382,0,-0.05000000074505806,True,"{""elapsed_time"": 27.189209699630737, ""steps_taken"": 382, ""cumulative_reward"": -0.05000000074505806}",1764286378333,1764286386.130672
50c5b599-1e09-4abf-8d37-da7b45302caa,unknown,5iJw6qqAH8WspP58AAAD,1764286358.942029,0,ppo_pace_two_ing_2_seed1,default,383,0,0.0,True,"{""elapsed_time"": 27.266653060913086, ""steps_taken"": 383, ""cumulative_reward"": 0}",1764286378383,1764286386.2081149
50c5b599-1e09-4abf-8d37-da7b45302caa,unknown,5iJw6qqAH8WspP58AAAD,1764286358.942029,0,ppo_pace_two_ing_2_seed1,default,384,0,-0.05000000074505806,True,"{""elapsed_time"": 27.34528923034668, ""steps_taken"": 384, ""cumulative_reward"": -0.05000000074505806}",1764286378432,1764286386.2867527
50c5b599-1e09-4abf-8d37-da7b45302caa,unknown,5iJw6qqAH8WspP58AAAD,1764286358.942029,0,ppo_pace_two_ing_2_seed1,default,385,0,0.0,True,"{""elapsed_time"": 27.417278289794922, ""steps_taken"": 385, ""cumulative_reward"": 0}",1764286378483,1764286386.358741
50c5b599-1e09-4abf-8d37-da7b45302caa,unknown,5iJw6qqAH8WspP58AAAD,1764286358.942029,0,ppo_pace_two_ing_2_seed1,default,386,2,-0.05000000074505806,True,"{""elapsed_time"": 27.487882614135742, ""steps_taken"": 386, ""cumulative_reward"": -0.05000000074505806}",1764286378533,1764286386.4293447
50c5b599-1e09-4abf-8d37-da7b45302caa,unknown,5iJw6qqAH8WspP58AAAD,1764286358.942029,0,ppo_pace_two_ing_2_seed1,default,387,2,0.0,True,"{""elapsed_time"": 27.5583438873291, ""steps_taken"": 387, ""cumulative_reward"": 0}",1764286378583,1764286386.4998136
50c5b599-1e09-4abf-8d37-da7b45302caa,unknown,5iJw6qqAH8WspP58AAAD,1764286358.942029,0,ppo_pace_two_ing_2_seed1,default,388,2,-0.05000000074505806,True,"{""elapsed_time"": 27.634210348129272, ""steps_taken"": 388, ""cumulative_reward"": -0.05000000074505806}",1764286378633,1764286386.5756726
50c5b599-1e09-4abf-8d37-da7b45302caa,unknown,5iJw6qqAH8WspP58AAAD,1764286358.942029,0,ppo_pace_two_ing_2_seed1,default,389,2,0.0,True,"{""elapsed_time"": 27.70810842514038, ""steps_taken"": 389, ""cumulative_reward"": 0}",1764286378683,1764286386.6495707
50c5b599-1e09-4abf-8d37-da7b45302caa,unknown,5iJw6qqAH8WspP58AAAD,1764286358.942029,0,ppo_pace_two_ing_2_seed1,default,390,2,-0.05000000074505806,True,"{""elapsed_time"": 27.78116726875305, ""steps_taken"": 390, ""cumulative_reward"": -0.05000000074505806}",1764286378733,1764286386.7226288
50c5b599-1e09-4abf-8d37-da7b45302caa,unknown,5iJw6qqAH8WspP58AAAD,1764286358.942029,0,ppo_pace_two_ing_2_seed1,default,391,0,0.0,True,"{""elapsed_time"": 27.855237007141113, ""steps_taken"": 391, ""cumulative_reward"": 0}",1764286378784,1764286386.7966998
50c5b599-1e09-4abf-8d37-da7b45302caa,unknown,5iJw6qqAH8WspP58AAAD,1764286358.942029,0,ppo_pace_two_ing_2_seed1,default,392,0,-0.05000000074505806,True,"{""elapsed_time"": 27.929250955581665, ""steps_taken"": 392, ""cumulative_reward"": -0.05000000074505806}",1764286378834,1764286386.8707125
50c5b599-1e09-4abf-8d37-da7b45302caa,unknown,5iJw6qqAH8WspP58AAAD,1764286358.942029,0,ppo_pace_two_ing_2_seed1,default,393,2,0.0,True,"{""elapsed_time"": 28.006486415863037, ""steps_taken"": 393, ""cumulative_reward"": 0}",1764286378884,1764286386.9479485
50c5b599-1e09-4abf-8d37-da7b45302caa,unknown,5iJw6qqAH8WspP58AAAD,1764286358.942029,0,ppo_pace_two_ing_2_seed1,default,394,2,-0.05000000074505806,True,"{""elapsed_time"": 28.076659440994263, ""steps_taken"": 394, ""cumulative_reward"": -0.05000000074505806}",1764286378934,1764286387.0181212
50c5b599-1e09-4abf-8d37-da7b45302caa,unknown,5iJw6qqAH8WspP58AAAD,1764286358.942029,0,ppo_pace_two_ing_2_seed1,default,395,2,0.0,True,"{""elapsed_time"": 28.147722244262695, ""steps_taken"": 395, ""cumulative_reward"": 0}",1764286378985,1764286387.0891845
50c5b599-1e09-4abf-8d37-da7b45302caa,unknown,5iJw6qqAH8WspP58AAAD,1764286358.942029,0,ppo_pace_two_ing_2_seed1,default,396,0,-0.05000000074505806,True,"{""elapsed_time"": 28.222238063812256, ""steps_taken"": 396, ""cumulative_reward"": -0.05000000074505806}",1764286379035,1764286387.1636999
50c5b599-1e09-4abf-8d37-da7b45302caa,unknown,5iJw6qqAH8WspP58AAAD,1764286358.942029,0,ppo_pace_two_ing_2_seed1,default,397,2,0.0,True,"{""elapsed_time"": 28.294407606124878, ""steps_taken"": 397, ""cumulative_reward"": 0}",1764286379085,1764286387.23587
50c5b599-1e09-4abf-8d37-da7b45302caa,unknown,5iJw6qqAH8WspP58AAAD,1764286358.942029,0,ppo_pace_two_ing_2_seed1,default,398,2,-0.05000000074505806,True,"{""elapsed_time"": 28.368118286132812, ""steps_taken"": 398, ""cumulative_reward"": -0.05000000074505806}",1764286379135,1764286387.30958
50c5b599-1e09-4abf-8d37-da7b45302caa,unknown,5iJw6qqAH8WspP58AAAD,1764286358.942029,0,ppo_pace_two_ing_2_seed1,default,399,0,0.0,True,"{""elapsed_time"": 28.43788766860962, ""steps_taken"": 399, ""cumulative_reward"": 0}",1764286379185,1764286387.37935
50c5b599-1e09-4abf-8d37-da7b45302caa,unknown,5iJw6qqAH8WspP58AAAD,1764286358.942029,0,ppo_pace_two_ing_2_seed1,default,400,0,-0.05000000074505806,True,"{""elapsed_time"": 28.50845241546631, ""steps_taken"": 400, ""cumulative_reward"": -0.05000000074505806}",1764286379235,1764286387.4499152
50c5b599-1e09-4abf-8d37-da7b45302caa,unknown,5iJw6qqAH8WspP58AAAD,1764286358.942029,0,ppo_pace_two_ing_2_seed1,default,401,2,0.0,True,"{""elapsed_time"": 28.578898191452026, ""steps_taken"": 401, ""cumulative_reward"": 0}",1764286379285,1764286387.52036
50c5b599-1e09-4abf-8d37-da7b45302caa,unknown,5iJw6qqAH8WspP58AAAD,1764286358.942029,0,ppo_pace_two_ing_2_seed1,default,402,0,-0.05000000074505806,True,"{""elapsed_time"": 28.64884853363037, ""steps_taken"": 402, ""cumulative_reward"": -0.05000000074505806}",1764286379335,1764286387.59031
50c5b599-1e09-4abf-8d37-da7b45302caa,unknown,5iJw6qqAH8WspP58AAAD,1764286358.942029,0,ppo_pace_two_ing_2_seed1,default,403,0,0.0,True,"{""elapsed_time"": 28.725284576416016, ""steps_taken"": 403, ""cumulative_reward"": 0}",1764286379385,1764286387.6667488
50c5b599-1e09-4abf-8d37-da7b45302caa,unknown,5iJw6qqAH8WspP58AAAD,1764286358.942029,0,ppo_pace_two_ing_2_seed1,default,404,2,-0.05000000074505806,True,"{""elapsed_time"": 28.8091938495636, ""steps_taken"": 404, ""cumulative_reward"": -0.05000000074505806}",1764286379436,1764286387.7506566
50c5b599-1e09-4abf-8d37-da7b45302caa,unknown,5iJw6qqAH8WspP58AAAD,1764286358.942029,0,ppo_pace_two_ing_2_seed1,default,405,2,0.0,True,"{""elapsed_time"": 28.879421710968018, ""steps_taken"": 405, ""cumulative_reward"": 0}",1764286379486,1764286387.8208842
50c5b599-1e09-4abf-8d37-da7b45302caa,unknown,5iJw6qqAH8WspP58AAAD,1764286358.942029,0,ppo_pace_two_ing_2_seed1,default,406,0,-0.05000000074505806,True,"{""elapsed_time"": 28.95142102241516, ""steps_taken"": 406, ""cumulative_reward"": -0.05000000074505806}",1764286379536,1764286387.892883
50c5b599-1e09-4abf-8d37-da7b45302caa,unknown,5iJw6qqAH8WspP58AAAD,1764286358.942029,0,ppo_pace_two_ing_2_seed1,default,407,0,0.0,True,"{""elapsed_time"": 29.025159120559692, ""steps_taken"": 407, ""cumulative_reward"": 0}",1764286379586,1764286387.966621
50c5b599-1e09-4abf-8d37-da7b45302caa,unknown,5iJw6qqAH8WspP58AAAD,1764286358.942029,0,ppo_pace_two_ing_2_seed1,default,408,2,-0.05000000074505806,True,"{""elapsed_time"": 29.09842848777771, ""steps_taken"": 408, ""cumulative_reward"": -0.05000000074505806}",1764286379637,1764286388.0398908
50c5b599-1e09-4abf-8d37-da7b45302caa,unknown,5iJw6qqAH8WspP58AAAD,1764286358.942029,0,ppo_pace_two_ing_2_seed1,default,409,0,0.0,True,"{""elapsed_time"": 29.16815996170044, ""steps_taken"": 409, ""cumulative_reward"": 0}",1764286379687,1764286388.109622
50c5b599-1e09-4abf-8d37-da7b45302caa,unknown,5iJw6qqAH8WspP58AAAD,1764286358.942029,0,ppo_pace_two_ing_2_seed1,default,410,0,-0.05000000074505806,True,"{""elapsed_time"": 29.243803024291992, ""steps_taken"": 410, ""cumulative_reward"": -0.05000000074505806}",1764286379736,1764286388.185266
50c5b599-1e09-4abf-8d37-da7b45302caa,unknown,5iJw6qqAH8WspP58AAAD,1764286358.942029,0,ppo_pace_two_ing_2_seed1,default,411,2,0.0,True,"{""elapsed_time"": 29.31718897819519, ""steps_taken"": 411, ""cumulative_reward"": 0}",1764286379787,1764286388.2586515
50c5b599-1e09-4abf-8d37-da7b45302caa,unknown,5iJw6qqAH8WspP58AAAD,1764286358.942029,0,ppo_pace_two_ing_2_seed1,default,412,2,-0.05000000074505806,True,"{""elapsed_time"": 29.390283346176147, ""steps_taken"": 412, ""cumulative_reward"": -0.05000000074505806}",1764286379837,1764286388.3317454
50c5b599-1e09-4abf-8d37-da7b45302caa,unknown,5iJw6qqAH8WspP58AAAD,1764286358.942029,0,ppo_pace_two_ing_2_seed1,default,413,0,0.0,True,"{""elapsed_time"": 29.4635488986969, ""steps_taken"": 413, ""cumulative_reward"": 0}",1764286379887,1764286388.405011
50c5b599-1e09-4abf-8d37-da7b45302caa,unknown,5iJw6qqAH8WspP58AAAD,1764286358.942029,0,ppo_pace_two_ing_2_seed1,default,414,0,-0.05000000074505806,True,"{""elapsed_time"": 29.536864757537842, ""steps_taken"": 414, ""cumulative_reward"": -0.05000000074505806}",1764286379937,1764286388.4783268
50c5b599-1e09-4abf-8d37-da7b45302caa,unknown,5iJw6qqAH8WspP58AAAD,1764286358.942029,0,ppo_pace_two_ing_2_seed1,default,415,0,0.0,True,"{""elapsed_time"": 29.60623550415039, ""steps_taken"": 415, ""cumulative_reward"": 0}",1764286379988,1764286388.5476973
50c5b599-1e09-4abf-8d37-da7b45302caa,unknown,5iJw6qqAH8WspP58AAAD,1764286358.942029,0,ppo_pace_two_ing_2_seed1,default,416,2,-0.05000000074505806,True,"{""elapsed_time"": 29.677470684051514, ""steps_taken"": 416, ""cumulative_reward"": -0.05000000074505806}",1764286380038,1764286388.618933
50c5b599-1e09-4abf-8d37-da7b45302caa,unknown,5iJw6qqAH8WspP58AAAD,1764286358.942029,0,ppo_pace_two_ing_2_seed1,default,417,2,0.0,True,"{""elapsed_time"": 29.7468581199646, ""steps_taken"": 417, ""cumulative_reward"": 0}",1764286380087,1764286388.6883202
50c5b599-1e09-4abf-8d37-da7b45302caa,unknown,5iJw6qqAH8WspP58AAAD,1764286358.942029,0,ppo_pace_two_ing_2_seed1,default,418,2,-0.05000000074505806,True,"{""elapsed_time"": 29.816463947296143, ""steps_taken"": 418, ""cumulative_reward"": -0.05000000074505806}",1764286380138,1764286388.7579262
50c5b599-1e09-4abf-8d37-da7b45302caa,unknown,5iJw6qqAH8WspP58AAAD,1764286358.942029,0,ppo_pace_two_ing_2_seed1,default,419,2,0.0,True,"{""elapsed_time"": 29.88968563079834, ""steps_taken"": 419, ""cumulative_reward"": 0}",1764286380188,1764286388.8311484
50c5b599-1e09-4abf-8d37-da7b45302caa,unknown,5iJw6qqAH8WspP58AAAD,1764286358.942029,0,ppo_pace_two_ing_2_seed1,default,420,2,-0.05000000074505806,True,"{""elapsed_time"": 29.963773012161255, ""steps_taken"": 420, ""cumulative_reward"": -0.05000000074505806}",1764286380238,1764286388.9052355
50c5b599-1e09-4abf-8d37-da7b45302caa,unknown,5iJw6qqAH8WspP58AAAD,1764286358.942029,0,ppo_pace_two_ing_2_seed1,default,421,0,0.0,True,"{""elapsed_time"": 30.032797813415527, ""steps_taken"": 421, ""cumulative_reward"": 0}",1764286380288,1764286388.9742596
50c5b599-1e09-4abf-8d37-da7b45302caa,unknown,5iJw6qqAH8WspP58AAAD,1764286358.942029,0,ppo_pace_two_ing_2_seed1,default,422,0,-0.05000000074505806,True,"{""elapsed_time"": 30.113266706466675, ""steps_taken"": 422, ""cumulative_reward"": -0.05000000074505806}",1764286380344,1764286389.054731
50c5b599-1e09-4abf-8d37-da7b45302caa,unknown,5iJw6qqAH8WspP58AAAD,1764286358.942029,0,ppo_pace_two_ing_2_seed1,default,423,0,0.0,True,"{""elapsed_time"": 30.17614722251892, ""steps_taken"": 423, ""cumulative_reward"": 0}",1764286380398,1764286389.1176093
50c5b599-1e09-4abf-8d37-da7b45302caa,unknown,5iJw6qqAH8WspP58AAAD,1764286358.942029,0,ppo_pace_two_ing_2_seed1,default,424,0,-0.05000000074505806,True,"{""elapsed_time"": 30.248682022094727, ""steps_taken"": 424, ""cumulative_reward"": -0.05000000074505806}",1764286380451,1764286389.1901445
50c5b599-1e09-4abf-8d37-da7b45302caa,unknown,5iJw6qqAH8WspP58AAAD,1764286358.942029,0,ppo_pace_two_ing_2_seed1,default,425,0,0.0,True,"{""elapsed_time"": 30.314515829086304, ""steps_taken"": 425, ""cumulative_reward"": 0}",1764286380500,1764286389.2559786
50c5b599-1e09-4abf-8d37-da7b45302caa,unknown,5iJw6qqAH8WspP58AAAD,1764286358.942029,0,ppo_pace_two_ing_2_seed1,default,426,0,-0.05000000074505806,True,"{""elapsed_time"": 30.382996559143066, ""steps_taken"": 426, ""cumulative_reward"": -0.05000000074505806}",1764286380551,1764286389.3244598
50c5b599-1e09-4abf-8d37-da7b45302caa,unknown,5iJw6qqAH8WspP58AAAD,1764286358.942029,0,ppo_pace_two_ing_2_seed1,default,427,0,0.0,True,"{""elapsed_time"": 30.45302987098694, ""steps_taken"": 427, ""cumulative_reward"": 0}",1764286380601,1764286389.394496
50c5b599-1e09-4abf-8d37-da7b45302caa,unknown,5iJw6qqAH8WspP58AAAD,1764286358.942029,0,ppo_pace_two_ing_2_seed1,default,428,0,-0.05000000074505806,True,"{""elapsed_time"": 30.541119813919067, ""steps_taken"": 428, ""cumulative_reward"": -0.05000000074505806}",1764286380650,1764286389.4825826
50c5b599-1e09-4abf-8d37-da7b45302caa,unknown,5iJw6qqAH8WspP58AAAD,1764286358.942029,0,ppo_pace_two_ing_2_seed1,default,429,0,0.0,True,"{""elapsed_time"": 30.614503383636475, ""steps_taken"": 429, ""cumulative_reward"": 0}",1764286380701,1764286389.5559652
50c5b599-1e09-4abf-8d37-da7b45302caa,unknown,5iJw6qqAH8WspP58AAAD,1764286358.942029,0,ppo_pace_two_ing_2_seed1,default,430,0,-0.05000000074505806,True,"{""elapsed_time"": 30.685691595077515, ""steps_taken"": 430, ""cumulative_reward"": -0.05000000074505806}",1764286380751,1764286389.6271534
50c5b599-1e09-4abf-8d37-da7b45302caa,unknown,5iJw6qqAH8WspP58AAAD,1764286358.942029,0,ppo_pace_two_ing_2_seed1,default,431,0,0.0,True,"{""elapsed_time"": 30.758209943771362, ""steps_taken"": 431, ""cumulative_reward"": 0}",1764286380801,1764286389.6996763
50c5b599-1e09-4abf-8d37-da7b45302caa,unknown,5iJw6qqAH8WspP58AAAD,1764286358.942029,0,ppo_pace_two_ing_2_seed1,default,432,0,-0.05000000074505806,True,"{""elapsed_time"": 30.85473322868347, ""steps_taken"": 432, ""cumulative_reward"": -0.05000000074505806}",1764286380852,1764286389.7961977
50c5b599-1e09-4abf-8d37-da7b45302caa,unknown,5iJw6qqAH8WspP58AAAD,1764286358.942029,0,ppo_pace_two_ing_2_seed1,default,433,0,0.0,True,"{""elapsed_time"": 30.927494049072266, ""steps_taken"": 433, ""cumulative_reward"": 0}",1764286380901,1764286389.8689563
50c5b599-1e09-4abf-8d37-da7b45302caa,unknown,5iJw6qqAH8WspP58AAAD,1764286358.942029,0,ppo_pace_two_ing_2_seed1,default,434,0,-0.05000000074505806,True,"{""elapsed_time"": 31.00642466545105, ""steps_taken"": 434, ""cumulative_reward"": -0.05000000074505806}",1764286380951,1764286389.9478881
50c5b599-1e09-4abf-8d37-da7b45302caa,unknown,5iJw6qqAH8WspP58AAAD,1764286358.942029,0,ppo_pace_two_ing_2_seed1,default,435,0,0.0,True,"{""elapsed_time"": 31.081570625305176, ""steps_taken"": 435, ""cumulative_reward"": 0}",1764286381002,1764286390.0230331
50c5b599-1e09-4abf-8d37-da7b45302caa,unknown,5iJw6qqAH8WspP58AAAD,1764286358.942029,0,ppo_pace_two_ing_2_seed1,default,436,0,-0.05000000074505806,True,"{""elapsed_time"": 31.16203022003174, ""steps_taken"": 436, ""cumulative_reward"": -0.05000000074505806}",1764286381051,1764286390.1034937
50c5b599-1e09-4abf-8d37-da7b45302caa,unknown,5iJw6qqAH8WspP58AAAD,1764286358.942029,0,ppo_pace_two_ing_2_seed1,default,437,0,0.0,True,"{""elapsed_time"": 31.23726487159729, ""steps_taken"": 437, ""cumulative_reward"": 0}",1764286381102,1764286390.178728
50c5b599-1e09-4abf-8d37-da7b45302caa,unknown,5iJw6qqAH8WspP58AAAD,1764286358.942029,0,ppo_pace_two_ing_2_seed1,default,438,4,-0.05000000074505806,True,"{""elapsed_time"": 31.303215980529785, ""steps_taken"": 438, ""cumulative_reward"": -0.05000000074505806}",1764286381152,1764286390.2446778
50c5b599-1e09-4abf-8d37-da7b45302caa,unknown,5iJw6qqAH8WspP58AAAD,1764286358.942029,0,ppo_pace_two_ing_2_seed1,default,439,4,0.0,True,"{""elapsed_time"": 31.370452404022217, ""steps_taken"": 439, ""cumulative_reward"": 0}",1764286381203,1764286390.3119144
50c5b599-1e09-4abf-8d37-da7b45302caa,unknown,5iJw6qqAH8WspP58AAAD,1764286358.942029,0,ppo_pace_two_ing_2_seed1,default,440,0,-0.05000000074505806,True,"{""elapsed_time"": 31.438008546829224, ""steps_taken"": 440, ""cumulative_reward"": -0.05000000074505806}",1764286381253,1764286390.3794708
50c5b599-1e09-4abf-8d37-da7b45302caa,unknown,5iJw6qqAH8WspP58AAAD,1764286358.942029,0,ppo_pace_two_ing_2_seed1,default,441,0,0.0,True,"{""elapsed_time"": 31.507163763046265, ""steps_taken"": 441, ""cumulative_reward"": 0}",1764286381303,1764286390.4486268
50c5b599-1e09-4abf-8d37-da7b45302caa,unknown,5iJw6qqAH8WspP58AAAD,1764286358.942029,0,ppo_pace_two_ing_2_seed1,default,442,4,-0.05000000074505806,True,"{""elapsed_time"": 31.579936265945435, ""steps_taken"": 442, ""cumulative_reward"": -0.05000000074505806}",1764286381353,1764286390.521398
50c5b599-1e09-4abf-8d37-da7b45302caa,unknown,5iJw6qqAH8WspP58AAAD,1764286358.942029,0,ppo_pace_two_ing_2_seed1,default,443,4,0.0,True,"{""elapsed_time"": 31.651810884475708, ""steps_taken"": 443, ""cumulative_reward"": 0}",1764286381403,1764286390.593273
50c5b599-1e09-4abf-8d37-da7b45302caa,unknown,5iJw6qqAH8WspP58AAAD,1764286358.942029,0,ppo_pace_two_ing_2_seed1,default,444,4,-0.05000000074505806,True,"{""elapsed_time"": 31.72165274620056, ""steps_taken"": 444, ""cumulative_reward"": -0.05000000074505806}",1764286381453,1764286390.6631148
50c5b599-1e09-4abf-8d37-da7b45302caa,unknown,5iJw6qqAH8WspP58AAAD,1764286358.942029,0,ppo_pace_two_ing_2_seed1,default,445,0,0.0,True,"{""elapsed_time"": 31.79100465774536, ""steps_taken"": 445, ""cumulative_reward"": 0}",1764286381503,1764286390.7324672
