participant_id,alias_hash,session_id,session_ts,round_idx,model_id,level,step,action,reward,done,info_json,client_ts,server_ts
bc4e72da-c905-4010-a52d-805e9e9d6ac6,unknown,1at7sAklpP21sAkgAAAB,1764276780.1436217,0,,demo,1,0,0.0,False,"{""mock"": true, ""action"": 0}",1764276780311,1764276780.3125536
bc4e72da-c905-4010-a52d-805e9e9d6ac6,unknown,1at7sAklpP21sAkgAAAB,1764276780.1436217,0,,demo,2,0,0.0,False,"{""mock"": true, ""action"": 0}",1764276780411,1764276780.411664
bc4e72da-c905-4010-a52d-805e9e9d6ac6,unknown,1at7sAklpP21sAkgAAAB,1764276780.1436217,0,,demo,3,0,0.0,False,"{""mock"": true, ""action"": 0}",1764276780511,1764276780.512882
bc4e72da-c905-4010-a52d-805e9e9d6ac6,unknown,1at7sAklpP21sAkgAAAB,1764276780.1436217,0,,demo,4,0,0.0,False,"{""mock"": true, ""action"": 0}",1764276780611,1764276780.6129773
bc4e72da-c905-4010-a52d-805e9e9d6ac6,unknown,1at7sAklpP21sAkgAAAB,1764276780.1436217,0,,demo,5,0,0.0,False,"{""mock"": true, ""action"": 0}",1764276780711,1764276780.712998
bc4e72da-c905-4010-a52d-805e9e9d6ac6,unknown,1at7sAklpP21sAkgAAAB,1764276780.1436217,0,,demo,6,0,0.0,False,"{""mock"": true, ""action"": 0}",1764276780811,1764276780.8127563
bc4e72da-c905-4010-a52d-805e9e9d6ac6,unknown,1at7sAklpP21sAkgAAAB,1764276780.1436217,0,,demo,7,0,0.0,False,"{""mock"": true, ""action"": 0}",1764276780911,1764276780.9130235
bc4e72da-c905-4010-a52d-805e9e9d6ac6,unknown,1at7sAklpP21sAkgAAAB,1764276780.1436217,0,,demo,8,0,0.0,False,"{""mock"": true, ""action"": 0}",1764276781012,1764276781.0130231
bc4e72da-c905-4010-a52d-805e9e9d6ac6,unknown,1at7sAklpP21sAkgAAAB,1764276780.1436217,0,,demo,9,0,0.0,False,"{""mock"": true, ""action"": 0}",1764276781112,1764276781.113113
bc4e72da-c905-4010-a52d-805e9e9d6ac6,unknown,1at7sAklpP21sAkgAAAB,1764276780.1436217,0,,demo,10,0,0.0,False,"{""mock"": true, ""action"": 0}",1764276781219,1764276781.2200208
bc4e72da-c905-4010-a52d-805e9e9d6ac6,unknown,1at7sAklpP21sAkgAAAB,1764276780.1436217,0,,demo,11,0,0.0,False,"{""mock"": true, ""action"": 0}",1764276781319,1764276781.3206377
bc4e72da-c905-4010-a52d-805e9e9d6ac6,unknown,1at7sAklpP21sAkgAAAB,1764276780.1436217,0,,demo,12,0,0.0,False,"{""mock"": true, ""action"": 0}",1764276781420,1764276781.4205194
bc4e72da-c905-4010-a52d-805e9e9d6ac6,unknown,1at7sAklpP21sAkgAAAB,1764276780.1436217,0,,demo,13,5,0.1,False,"{""mock"": true, ""action"": 5}",1764276781520,1764276781.5217934
bc4e72da-c905-4010-a52d-805e9e9d6ac6,unknown,1at7sAklpP21sAkgAAAB,1764276780.1436217,0,,demo,14,0,0.0,False,"{""mock"": true, ""action"": 0}",1764276781619,1764276781.6210444
bc4e72da-c905-4010-a52d-805e9e9d6ac6,unknown,1at7sAklpP21sAkgAAAB,1764276780.1436217,0,,demo,15,0,0.0,False,"{""mock"": true, ""action"": 0}",1764276781719,1764276781.7207816
bc4e72da-c905-4010-a52d-805e9e9d6ac6,unknown,1at7sAklpP21sAkgAAAB,1764276780.1436217,0,,demo,16,5,0.1,False,"{""mock"": true, ""action"": 5}",1764276781819,1764276781.8209789
bc4e72da-c905-4010-a52d-805e9e9d6ac6,unknown,1at7sAklpP21sAkgAAAB,1764276780.1436217,0,,demo,17,0,0.0,False,"{""mock"": true, ""action"": 0}",1764276781920,1764276781.9208713
bc4e72da-c905-4010-a52d-805e9e9d6ac6,unknown,1at7sAklpP21sAkgAAAB,1764276780.1436217,0,,demo,18,0,0.0,False,"{""mock"": true, ""action"": 0}",1764276782020,1764276782.021756
bc4e72da-c905-4010-a52d-805e9e9d6ac6,unknown,1at7sAklpP21sAkgAAAB,1764276780.1436217,0,,demo,19,0,0.0,False,"{""mock"": true, ""action"": 0}",1764276782128,1764276782.1292994
bc4e72da-c905-4010-a52d-805e9e9d6ac6,unknown,1at7sAklpP21sAkgAAAB,1764276780.1436217,0,,demo,20,5,0.1,False,"{""mock"": true, ""action"": 5}",1764276782228,1764276782.2299569
bc4e72da-c905-4010-a52d-805e9e9d6ac6,unknown,1at7sAklpP21sAkgAAAB,1764276780.1436217,0,,demo,21,0,0.0,False,"{""mock"": true, ""action"": 0}",1764276782328,1764276782.3298857
bc4e72da-c905-4010-a52d-805e9e9d6ac6,unknown,1at7sAklpP21sAkgAAAB,1764276780.1436217,0,,demo,22,5,0.1,False,"{""mock"": true, ""action"": 5}",1764276782428,1764276782.4296844
bc4e72da-c905-4010-a52d-805e9e9d6ac6,unknown,1at7sAklpP21sAkgAAAB,1764276780.1436217,0,,demo,23,0,0.0,False,"{""mock"": true, ""action"": 0}",1764276782528,1764276782.5304942
bc4e72da-c905-4010-a52d-805e9e9d6ac6,unknown,1at7sAklpP21sAkgAAAB,1764276780.1436217,0,,demo,24,0,0.0,False,"{""mock"": true, ""action"": 0}",1764276782628,1764276782.6305852
bc4e72da-c905-4010-a52d-805e9e9d6ac6,unknown,1at7sAklpP21sAkgAAAB,1764276780.1436217,0,,demo,25,0,0.0,False,"{""mock"": true, ""action"": 0}",1764276782729,1764276782.7306461
bc4e72da-c905-4010-a52d-805e9e9d6ac6,unknown,1at7sAklpP21sAkgAAAB,1764276780.1436217,0,,demo,26,0,0.0,False,"{""mock"": true, ""action"": 0}",1764276782829,1764276782.8308477
bc4e72da-c905-4010-a52d-805e9e9d6ac6,unknown,1at7sAklpP21sAkgAAAB,1764276780.1436217,0,,demo,27,0,0.0,False,"{""mock"": true, ""action"": 0}",1764276782929,1764276782.930154
bc4e72da-c905-4010-a52d-805e9e9d6ac6,unknown,1at7sAklpP21sAkgAAAB,1764276780.1436217,0,,demo,28,3,0.1,False,"{""mock"": true, ""action"": 3}",1764276783029,1764276783.0311577
bc4e72da-c905-4010-a52d-805e9e9d6ac6,unknown,1at7sAklpP21sAkgAAAB,1764276780.1436217,0,,demo,29,1,0.1,False,"{""mock"": true, ""action"": 1}",1764276783129,1764276783.1313584
bc4e72da-c905-4010-a52d-805e9e9d6ac6,unknown,1at7sAklpP21sAkgAAAB,1764276780.1436217,0,,demo,30,3,0.1,False,"{""mock"": true, ""action"": 3}",1764276783230,1764276783.2321784
bc4e72da-c905-4010-a52d-805e9e9d6ac6,unknown,1at7sAklpP21sAkgAAAB,1764276780.1436217,0,,demo,31,3,0.1,False,"{""mock"": true, ""action"": 3}",1764276783330,1764276783.3314908
bc4e72da-c905-4010-a52d-805e9e9d6ac6,unknown,1at7sAklpP21sAkgAAAB,1764276780.1436217,0,,demo,32,2,0.1,False,"{""mock"": true, ""action"": 2}",1764276783430,1764276783.4315052
bc4e72da-c905-4010-a52d-805e9e9d6ac6,unknown,1at7sAklpP21sAkgAAAB,1764276780.1436217,0,,demo,33,2,0.1,False,"{""mock"": true, ""action"": 2}",1764276783530,1764276783.5318828
bc4e72da-c905-4010-a52d-805e9e9d6ac6,unknown,1at7sAklpP21sAkgAAAB,1764276780.1436217,0,,demo,34,4,0.1,False,"{""mock"": true, ""action"": 4}",1764276783630,1764276783.631929
bc4e72da-c905-4010-a52d-805e9e9d6ac6,unknown,1at7sAklpP21sAkgAAAB,1764276780.1436217,0,,demo,35,3,0.1,False,"{""mock"": true, ""action"": 3}",1764276783735,1764276783.7367086
bc4e72da-c905-4010-a52d-805e9e9d6ac6,unknown,1at7sAklpP21sAkgAAAB,1764276780.1436217,0,,demo,36,1,0.1,False,"{""mock"": true, ""action"": 1}",1764276783835,1764276783.83617
bc4e72da-c905-4010-a52d-805e9e9d6ac6,unknown,1at7sAklpP21sAkgAAAB,1764276780.1436217,0,,demo,37,0,0.0,False,"{""mock"": true, ""action"": 0}",1764276783935,1764276783.935903
bc4e72da-c905-4010-a52d-805e9e9d6ac6,unknown,1at7sAklpP21sAkgAAAB,1764276780.1436217,0,,demo,38,2,0.1,False,"{""mock"": true, ""action"": 2}",1764276784035,1764276784.0361307
bc4e72da-c905-4010-a52d-805e9e9d6ac6,unknown,1at7sAklpP21sAkgAAAB,1764276780.1436217,0,,demo,39,3,0.1,False,"{""mock"": true, ""action"": 3}",1764276784135,1764276784.136706
bc4e72da-c905-4010-a52d-805e9e9d6ac6,unknown,1at7sAklpP21sAkgAAAB,1764276780.1436217,0,,demo,40,3,0.1,False,"{""mock"": true, ""action"": 3}",1764276784237,1764276784.2388217
bc4e72da-c905-4010-a52d-805e9e9d6ac6,unknown,1at7sAklpP21sAkgAAAB,1764276780.1436217,0,,demo,41,0,0.0,False,"{""mock"": true, ""action"": 0}",1764276784337,1764276784.33926
bc4e72da-c905-4010-a52d-805e9e9d6ac6,unknown,1at7sAklpP21sAkgAAAB,1764276780.1436217,0,,demo,42,4,0.1,False,"{""mock"": true, ""action"": 4}",1764276784437,1764276784.439453
bc4e72da-c905-4010-a52d-805e9e9d6ac6,unknown,1at7sAklpP21sAkgAAAB,1764276780.1436217,0,,demo,43,5,0.1,False,"{""mock"": true, ""action"": 5}",1764276784538,1764276784.5397422
bc4e72da-c905-4010-a52d-805e9e9d6ac6,unknown,1at7sAklpP21sAkgAAAB,1764276780.1436217,0,,demo,44,5,0.1,False,"{""mock"": true, ""action"": 5}",1764276784638,1764276784.6400876
bc4e72da-c905-4010-a52d-805e9e9d6ac6,unknown,1at7sAklpP21sAkgAAAB,1764276780.1436217,0,,demo,45,0,0.0,False,"{""mock"": true, ""action"": 0}",1764276784739,1764276784.7402763
bc4e72da-c905-4010-a52d-805e9e9d6ac6,unknown,1at7sAklpP21sAkgAAAB,1764276780.1436217,0,,demo,46,5,0.1,False,"{""mock"": true, ""action"": 5}",1764276784839,1764276784.8405402
bc4e72da-c905-4010-a52d-805e9e9d6ac6,unknown,1at7sAklpP21sAkgAAAB,1764276780.1436217,0,,demo,47,0,0.0,False,"{""mock"": true, ""action"": 0}",1764276784939,1764276784.9404721
bc4e72da-c905-4010-a52d-805e9e9d6ac6,unknown,1at7sAklpP21sAkgAAAB,1764276780.1436217,0,,demo,48,0,0.0,False,"{""mock"": true, ""action"": 0}",1764276785039,1764276785.0407183
bc4e72da-c905-4010-a52d-805e9e9d6ac6,unknown,1at7sAklpP21sAkgAAAB,1764276780.1436217,0,,demo,49,5,0.1,False,"{""mock"": true, ""action"": 5}",1764276785139,1764276785.140403
bc4e72da-c905-4010-a52d-805e9e9d6ac6,unknown,1at7sAklpP21sAkgAAAB,1764276780.1436217,0,,demo,50,0,0.0,True,"{""mock"": true, ""action"": 0}",1764276785239,1764276785.2416341
bc4e72da-c905-4010-a52d-805e9e9d6ac6,unknown,Qpoxb911twvIAiskAAAD,1764276787.824527,0,ppo_pace_two_ing_3_seed1,default,1,0,0,True,{},1764276788077,1764276788.080009
bc4e72da-c905-4010-a52d-805e9e9d6ac6,unknown,jbEdLnKTHrf8ea-0AAAF,1764276791.2134354,0,ppo_pace_two_ing_3_seed1,default,1,0,0,True,{},1764276791424,1764276791.4254632
bc4e72da-c905-4010-a52d-805e9e9d6ac6,unknown,EeHZeGAg3iG29KQZAAAH,1764276794.5823257,0,ppo_pace_two_ing_3_seed1,default,1,0,0,True,{},1764276794771,1764276794.7723804
bc4e72da-c905-4010-a52d-805e9e9d6ac6,unknown,A66ME-7026HCgTmhAAAJ,1764276797.90046,0,ppo_pace_two_ing_3_seed1,default,1,0,0,True,{},1764276798087,1764276798.0888424
bc4e72da-c905-4010-a52d-805e9e9d6ac6,unknown,gBDR78V5WsW8kVUJAAAL,1764276801.5220351,0,ppo_pace_two_ing_3_seed1,default,1,0,0,True,{},1764276801700,1764276801.70152
bc4e72da-c905-4010-a52d-805e9e9d6ac6,unknown,rEBcLPKGYgJKAkyiAAAN,1764276804.8743513,0,ppo_pace_two_ing_3_seed1,default,1,0,0,True,{},1764276805058,1764276805.0597696
bc4e72da-c905-4010-a52d-805e9e9d6ac6,unknown,Lxi0oBTbmB57gftTAAAP,1764276808.2043202,0,ppo_pace_two_ing_3_seed1,default,1,0,0,True,{},1764276808392,1764276808.3936872
bc4e72da-c905-4010-a52d-805e9e9d6ac6,unknown,J0ZbgLybQCjubNfQAAAR,1764276811.5082157,0,ppo_pace_two_ing_3_seed1,default,1,0,0,True,{},1764276811691,1764276811.692754
bc4e72da-c905-4010-a52d-805e9e9d6ac6,unknown,4BVkpc4KkS1wrEm_AAAT,1764276814.8502898,0,ppo_pace_two_ing_3_seed1,default,1,0,0,True,{},1764276815032,1764276815.03339
bc4e72da-c905-4010-a52d-805e9e9d6ac6,unknown,BRFG7t10ABPPxrOWAAAV,1764276818.1593382,0,ppo_pace_two_ing_3_seed1,default,1,0,0,True,{},1764276818344,1764276818.3451254
bc4e72da-c905-4010-a52d-805e9e9d6ac6,unknown,-crVPCoY-pn9GQpyAAAX,1764276821.4702184,0,ppo_pace_two_ing_3_seed1,default,1,0,0,True,{},1764276821669,1764276821.670846
bc4e72da-c905-4010-a52d-805e9e9d6ac6,unknown,bETxWS6Iiddqo6y5AAAZ,1764276824.969009,0,ppo_pace_two_ing_3_seed1,default,1,0,0,True,{},1764276825164,1764276825.1654022
bc4e72da-c905-4010-a52d-805e9e9d6ac6,unknown,3xhi_Wmuw3rw99WjAAAb,1764276828.3012116,0,ppo_pace_two_ing_3_seed1,default,1,0,0,True,{},1764276828489,1764276828.5031888
bc4e72da-c905-4010-a52d-805e9e9d6ac6,unknown,DxT65QmzyrfmRQbnAAAd,1764276831.6457431,0,ppo_pace_two_ing_3_seed1,default,1,0,0,True,{},1764276831848,1764276831.8490975
bc4e72da-c905-4010-a52d-805e9e9d6ac6,unknown,xU-r4x6p0fMGjwBAAAAf,1764276834.9811466,0,ppo_pace_two_ing_3_seed1,default,1,0,0,True,{},1764276835172,1764276835.1727252
bc4e72da-c905-4010-a52d-805e9e9d6ac6,unknown,CPO472Yoz5rN80ZiAAAB,1764285677.3690665,0,ppo_pace_two_ing_3_seed1,default,201,0,0,True,"{""elapsed_time"": 20.353659868240356, ""steps_taken"": 201, ""cumulative_reward"": 0}",1764285697720,1764285697.7221491
bc4e72da-c905-4010-a52d-805e9e9d6ac6,unknown,CPO472Yoz5rN80ZiAAAB,1764285677.3690665,0,ppo_pace_two_ing_3_seed1,default,203,0,0,True,"{""elapsed_time"": 20.5541934967041, ""steps_taken"": 203, ""cumulative_reward"": 0}",1764285697920,1764285697.9226851
bc4e72da-c905-4010-a52d-805e9e9d6ac6,unknown,CPO472Yoz5rN80ZiAAAB,1764285677.3690665,0,ppo_pace_two_ing_3_seed1,default,205,0,0,True,"{""elapsed_time"": 20.755008459091187, ""steps_taken"": 205, ""cumulative_reward"": 0}",1764285698120,1764285698.1235042
bc4e72da-c905-4010-a52d-805e9e9d6ac6,unknown,CPO472Yoz5rN80ZiAAAB,1764285677.3690665,0,ppo_pace_two_ing_3_seed1,default,207,0,0,True,"{""elapsed_time"": 20.955402612686157, ""steps_taken"": 207, ""cumulative_reward"": 0}",1764285698320,1764285698.3238974
bc4e72da-c905-4010-a52d-805e9e9d6ac6,unknown,CPO472Yoz5rN80ZiAAAB,1764285677.3690665,0,ppo_pace_two_ing_3_seed1,default,209,0,0,True,"{""elapsed_time"": 21.15572166442871, ""steps_taken"": 209, ""cumulative_reward"": 0}",1764285698521,1764285698.5242155
bc4e72da-c905-4010-a52d-805e9e9d6ac6,unknown,CPO472Yoz5rN80ZiAAAB,1764285677.3690665,0,ppo_pace_two_ing_3_seed1,default,211,0,0,True,"{""elapsed_time"": 21.356109380722046, ""steps_taken"": 211, ""cumulative_reward"": 0}",1764285698721,1764285698.7246034
bc4e72da-c905-4010-a52d-805e9e9d6ac6,unknown,CPO472Yoz5rN80ZiAAAB,1764285677.3690665,0,ppo_pace_two_ing_3_seed1,default,213,0,0,True,"{""elapsed_time"": 21.556498289108276, ""steps_taken"": 213, ""cumulative_reward"": 0}",1764285698922,1764285698.9249933
bc4e72da-c905-4010-a52d-805e9e9d6ac6,unknown,CPO472Yoz5rN80ZiAAAB,1764285677.3690665,0,ppo_pace_two_ing_3_seed1,default,215,0,0,True,"{""elapsed_time"": 21.75631308555603, ""steps_taken"": 215, ""cumulative_reward"": 0}",1764285699122,1764285699.1248088
bc4e72da-c905-4010-a52d-805e9e9d6ac6,unknown,CPO472Yoz5rN80ZiAAAB,1764285677.3690665,0,ppo_pace_two_ing_3_seed1,default,217,0,0,True,"{""elapsed_time"": 21.95844030380249, ""steps_taken"": 217, ""cumulative_reward"": 0}",1764285699322,1764285699.3269272
bc4e72da-c905-4010-a52d-805e9e9d6ac6,unknown,CPO472Yoz5rN80ZiAAAB,1764285677.3690665,0,ppo_pace_two_ing_3_seed1,default,219,0,0,True,"{""elapsed_time"": 22.15930151939392, ""steps_taken"": 219, ""cumulative_reward"": 0}",1764285699523,1764285699.5277872
bc4e72da-c905-4010-a52d-805e9e9d6ac6,unknown,CPO472Yoz5rN80ZiAAAB,1764285677.3690665,0,ppo_pace_two_ing_3_seed1,default,221,0,0,True,"{""elapsed_time"": 22.36473298072815, ""steps_taken"": 221, ""cumulative_reward"": 0}",1764285699730,1764285699.7332275
bc4e72da-c905-4010-a52d-805e9e9d6ac6,unknown,CPO472Yoz5rN80ZiAAAB,1764285677.3690665,0,ppo_pace_two_ing_3_seed1,default,223,0,0,True,"{""elapsed_time"": 22.56501865386963, ""steps_taken"": 223, ""cumulative_reward"": 0}",1764285699931,1764285699.9335124
bc4e72da-c905-4010-a52d-805e9e9d6ac6,unknown,CPO472Yoz5rN80ZiAAAB,1764285677.3690665,0,ppo_pace_two_ing_3_seed1,default,225,0,0,True,"{""elapsed_time"": 22.76524543762207, ""steps_taken"": 225, ""cumulative_reward"": 0}",1764285700131,1764285700.13374
bc4e72da-c905-4010-a52d-805e9e9d6ac6,unknown,CPO472Yoz5rN80ZiAAAB,1764285677.3690665,0,ppo_pace_two_ing_3_seed1,default,227,0,0,True,"{""elapsed_time"": 22.96540641784668, ""steps_taken"": 227, ""cumulative_reward"": 0}",1764285700331,1764285700.3338954
bc4e72da-c905-4010-a52d-805e9e9d6ac6,unknown,CPO472Yoz5rN80ZiAAAB,1764285677.3690665,0,ppo_pace_two_ing_3_seed1,default,229,0,0,True,"{""elapsed_time"": 23.166104078292847, ""steps_taken"": 229, ""cumulative_reward"": 0}",1764285700531,1764285700.5345912
bc4e72da-c905-4010-a52d-805e9e9d6ac6,unknown,CPO472Yoz5rN80ZiAAAB,1764285677.3690665,0,ppo_pace_two_ing_3_seed1,default,231,0,0,True,"{""elapsed_time"": 23.366230249404907, ""steps_taken"": 231, ""cumulative_reward"": 0}",1764285700731,1764285700.7347245
bc4e72da-c905-4010-a52d-805e9e9d6ac6,unknown,CPO472Yoz5rN80ZiAAAB,1764285677.3690665,0,ppo_pace_two_ing_3_seed1,default,233,0,0,True,"{""elapsed_time"": 23.567962646484375, ""steps_taken"": 233, ""cumulative_reward"": 0}",1764285700932,1764285700.93646
bc4e72da-c905-4010-a52d-805e9e9d6ac6,unknown,CPO472Yoz5rN80ZiAAAB,1764285677.3690665,0,ppo_pace_two_ing_3_seed1,default,235,0,0,True,"{""elapsed_time"": 23.765886068344116, ""steps_taken"": 235, ""cumulative_reward"": 0}",1764285701132,1764285701.1343749
bc4e72da-c905-4010-a52d-805e9e9d6ac6,unknown,CPO472Yoz5rN80ZiAAAB,1764285677.3690665,0,ppo_pace_two_ing_3_seed1,default,237,0,0,True,"{""elapsed_time"": 23.96618342399597, ""steps_taken"": 237, ""cumulative_reward"": 0}",1764285701333,1764285701.3346722
bc4e72da-c905-4010-a52d-805e9e9d6ac6,unknown,CPO472Yoz5rN80ZiAAAB,1764285677.3690665,0,ppo_pace_two_ing_3_seed1,default,239,0,0,True,"{""elapsed_time"": 24.166037797927856, ""steps_taken"": 239, ""cumulative_reward"": 0}",1764285701533,1764285701.534525
bc4e72da-c905-4010-a52d-805e9e9d6ac6,unknown,CPO472Yoz5rN80ZiAAAB,1764285677.3690665,0,ppo_pace_two_ing_3_seed1,default,241,0,0,True,"{""elapsed_time"": 24.374584913253784, ""steps_taken"": 241, ""cumulative_reward"": 0}",1764285701740,1764285701.743079
bc4e72da-c905-4010-a52d-805e9e9d6ac6,unknown,CPO472Yoz5rN80ZiAAAB,1764285677.3690665,0,ppo_pace_two_ing_3_seed1,default,243,0,0,True,"{""elapsed_time"": 24.575812101364136, ""steps_taken"": 243, ""cumulative_reward"": 0}",1764285701941,1764285701.944306
bc4e72da-c905-4010-a52d-805e9e9d6ac6,unknown,CPO472Yoz5rN80ZiAAAB,1764285677.3690665,0,ppo_pace_two_ing_3_seed1,default,245,0,0,True,"{""elapsed_time"": 24.776191473007202, ""steps_taken"": 245, ""cumulative_reward"": 0}",1764285702142,1764285702.144686
bc4e72da-c905-4010-a52d-805e9e9d6ac6,unknown,CPO472Yoz5rN80ZiAAAB,1764285677.3690665,0,ppo_pace_two_ing_3_seed1,default,247,0,0,True,"{""elapsed_time"": 24.97663903236389, ""steps_taken"": 247, ""cumulative_reward"": 0}",1764285702342,1764285702.3451333
bc4e72da-c905-4010-a52d-805e9e9d6ac6,unknown,CPO472Yoz5rN80ZiAAAB,1764285677.3690665,0,ppo_pace_two_ing_3_seed1,default,249,0,0,True,"{""elapsed_time"": 25.176798105239868, ""steps_taken"": 249, ""cumulative_reward"": 0}",1764285702542,1764285702.5452929
bc4e72da-c905-4010-a52d-805e9e9d6ac6,unknown,CPO472Yoz5rN80ZiAAAB,1764285677.3690665,0,ppo_pace_two_ing_3_seed1,default,251,0,0,True,"{""elapsed_time"": 25.375888347625732, ""steps_taken"": 251, ""cumulative_reward"": 0}",1764285702743,1764285702.744375
bc4e72da-c905-4010-a52d-805e9e9d6ac6,unknown,CPO472Yoz5rN80ZiAAAB,1764285677.3690665,0,ppo_pace_two_ing_3_seed1,default,253,0,0,True,"{""elapsed_time"": 25.576432943344116, ""steps_taken"": 253, ""cumulative_reward"": 0}",1764285702943,1764285702.9449186
bc4e72da-c905-4010-a52d-805e9e9d6ac6,unknown,CPO472Yoz5rN80ZiAAAB,1764285677.3690665,0,ppo_pace_two_ing_3_seed1,default,255,0,0,True,"{""elapsed_time"": 25.7778799533844, ""steps_taken"": 255, ""cumulative_reward"": 0}",1764285703144,1764285703.1463714
bc4e72da-c905-4010-a52d-805e9e9d6ac6,unknown,CPO472Yoz5rN80ZiAAAB,1764285677.3690665,0,ppo_pace_two_ing_3_seed1,default,257,0,0,True,"{""elapsed_time"": 25.977210998535156, ""steps_taken"": 257, ""cumulative_reward"": 0}",1764285703343,1764285703.345701
bc4e72da-c905-4010-a52d-805e9e9d6ac6,unknown,CPO472Yoz5rN80ZiAAAB,1764285677.3690665,0,ppo_pace_two_ing_3_seed1,default,259,0,0,True,"{""elapsed_time"": 26.17666792869568, ""steps_taken"": 259, ""cumulative_reward"": 0}",1764285703544,1764285703.5451527
bc4e72da-c905-4010-a52d-805e9e9d6ac6,unknown,CPO472Yoz5rN80ZiAAAB,1764285677.3690665,0,ppo_pace_two_ing_3_seed1,default,261,0,0,True,"{""elapsed_time"": 26.37873601913452, ""steps_taken"": 261, ""cumulative_reward"": 0}",1764285703744,1764285703.7472308
bc4e72da-c905-4010-a52d-805e9e9d6ac6,unknown,CPO472Yoz5rN80ZiAAAB,1764285677.3690665,0,ppo_pace_two_ing_3_seed1,default,263,0,0,True,"{""elapsed_time"": 26.57800531387329, ""steps_taken"": 263, ""cumulative_reward"": 0}",1764285703944,1764285703.946495
bc4e72da-c905-4010-a52d-805e9e9d6ac6,unknown,CPO472Yoz5rN80ZiAAAB,1764285677.3690665,0,ppo_pace_two_ing_3_seed1,default,265,0,0,True,"{""elapsed_time"": 26.777451515197754, ""steps_taken"": 265, ""cumulative_reward"": 0}",1764285704145,1764285704.1459372
bc4e72da-c905-4010-a52d-805e9e9d6ac6,unknown,CPO472Yoz5rN80ZiAAAB,1764285677.3690665,0,ppo_pace_two_ing_3_seed1,default,267,0,0,True,"{""elapsed_time"": 26.978086709976196, ""steps_taken"": 267, ""cumulative_reward"": 0}",1764285704345,1764285704.3465734
bc4e72da-c905-4010-a52d-805e9e9d6ac6,unknown,CPO472Yoz5rN80ZiAAAB,1764285677.3690665,0,ppo_pace_two_ing_3_seed1,default,269,0,0,True,"{""elapsed_time"": 27.1815128326416, ""steps_taken"": 269, ""cumulative_reward"": 0}",1764285704547,1764285704.5500004
bc4e72da-c905-4010-a52d-805e9e9d6ac6,unknown,CPO472Yoz5rN80ZiAAAB,1764285677.3690665,0,ppo_pace_two_ing_3_seed1,default,271,0,0,True,"{""elapsed_time"": 27.382792472839355, ""steps_taken"": 271, ""cumulative_reward"": 0}",1764285704748,1764285704.7512887
bc4e72da-c905-4010-a52d-805e9e9d6ac6,unknown,CPO472Yoz5rN80ZiAAAB,1764285677.3690665,0,ppo_pace_two_ing_3_seed1,default,273,0,0,True,"{""elapsed_time"": 27.581578969955444, ""steps_taken"": 273, ""cumulative_reward"": 0}",1764285704948,1764285704.950065
bc4e72da-c905-4010-a52d-805e9e9d6ac6,unknown,CPO472Yoz5rN80ZiAAAB,1764285677.3690665,0,ppo_pace_two_ing_3_seed1,default,275,0,0,True,"{""elapsed_time"": 27.78333616256714, ""steps_taken"": 275, ""cumulative_reward"": 0}",1764285705149,1764285705.151823
bc4e72da-c905-4010-a52d-805e9e9d6ac6,unknown,CPO472Yoz5rN80ZiAAAB,1764285677.3690665,0,ppo_pace_two_ing_3_seed1,default,277,0,0,True,"{""elapsed_time"": 27.983105659484863, ""steps_taken"": 277, ""cumulative_reward"": 0}",1764285705349,1764285705.3515966
bc4e72da-c905-4010-a52d-805e9e9d6ac6,unknown,CPO472Yoz5rN80ZiAAAB,1764285677.3690665,0,ppo_pace_two_ing_3_seed1,default,279,0,0,True,"{""elapsed_time"": 28.1845121383667, ""steps_taken"": 279, ""cumulative_reward"": 0}",1764285705552,1764285705.5529976
bc4e72da-c905-4010-a52d-805e9e9d6ac6,unknown,CPO472Yoz5rN80ZiAAAB,1764285677.3690665,0,ppo_pace_two_ing_3_seed1,default,281,0,0,True,"{""elapsed_time"": 28.385143756866455, ""steps_taken"": 281, ""cumulative_reward"": 0}",1764285705752,1764285705.7536285
bc4e72da-c905-4010-a52d-805e9e9d6ac6,unknown,CPO472Yoz5rN80ZiAAAB,1764285677.3690665,0,ppo_pace_two_ing_3_seed1,default,283,0,0,True,"{""elapsed_time"": 28.58534264564514, ""steps_taken"": 283, ""cumulative_reward"": 0}",1764285705952,1764285705.9538274
bc4e72da-c905-4010-a52d-805e9e9d6ac6,unknown,CPO472Yoz5rN80ZiAAAB,1764285677.3690665,0,ppo_pace_two_ing_3_seed1,default,285,0,0,True,"{""elapsed_time"": 28.785587549209595, ""steps_taken"": 285, ""cumulative_reward"": 0}",1764285706152,1764285706.154072
bc4e72da-c905-4010-a52d-805e9e9d6ac6,unknown,CPO472Yoz5rN80ZiAAAB,1764285677.3690665,0,ppo_pace_two_ing_3_seed1,default,287,0,0,True,"{""elapsed_time"": 28.987428188323975, ""steps_taken"": 287, ""cumulative_reward"": 0}",1764285706353,1764285706.355923
bc4e72da-c905-4010-a52d-805e9e9d6ac6,unknown,CPO472Yoz5rN80ZiAAAB,1764285677.3690665,0,ppo_pace_two_ing_3_seed1,default,289,0,0,True,"{""elapsed_time"": 29.186312198638916, ""steps_taken"": 289, ""cumulative_reward"": 0}",1764285706553,1764285706.554799
bc4e72da-c905-4010-a52d-805e9e9d6ac6,unknown,CPO472Yoz5rN80ZiAAAB,1764285677.3690665,0,ppo_pace_two_ing_3_seed1,default,291,0,0,True,"{""elapsed_time"": 29.388041257858276, ""steps_taken"": 291, ""cumulative_reward"": 0}",1764285706753,1764285706.7565365
bc4e72da-c905-4010-a52d-805e9e9d6ac6,unknown,CPO472Yoz5rN80ZiAAAB,1764285677.3690665,0,ppo_pace_two_ing_3_seed1,default,293,0,0,True,"{""elapsed_time"": 29.586876392364502, ""steps_taken"": 293, ""cumulative_reward"": 0}",1764285706954,1764285706.9553633
bc4e72da-c905-4010-a52d-805e9e9d6ac6,unknown,CPO472Yoz5rN80ZiAAAB,1764285677.3690665,0,ppo_pace_two_ing_3_seed1,default,295,0,0,True,"{""elapsed_time"": 29.787236213684082, ""steps_taken"": 295, ""cumulative_reward"": 0}",1764285707154,1764285707.1557221
bc4e72da-c905-4010-a52d-805e9e9d6ac6,unknown,CPO472Yoz5rN80ZiAAAB,1764285677.3690665,0,ppo_pace_two_ing_3_seed1,default,297,0,0,True,"{""elapsed_time"": 29.988820552825928, ""steps_taken"": 297, ""cumulative_reward"": 0}",1764285707354,1764285707.357315
bc4e72da-c905-4010-a52d-805e9e9d6ac6,unknown,CPO472Yoz5rN80ZiAAAB,1764285677.3690665,0,ppo_pace_two_ing_3_seed1,default,299,0,0,True,"{""elapsed_time"": 30.18835711479187, ""steps_taken"": 299, ""cumulative_reward"": 0}",1764285707555,1764285707.5568469
bc4e72da-c905-4010-a52d-805e9e9d6ac6,unknown,CPO472Yoz5rN80ZiAAAB,1764285677.3690665,0,ppo_pace_two_ing_3_seed1,default,301,0,0,True,"{""elapsed_time"": 30.387884616851807, ""steps_taken"": 301, ""cumulative_reward"": 0}",1764285707755,1764285707.75637
bc4e72da-c905-4010-a52d-805e9e9d6ac6,unknown,CPO472Yoz5rN80ZiAAAB,1764285677.3690665,0,ppo_pace_two_ing_3_seed1,default,303,0,0,True,"{""elapsed_time"": 30.58971071243286, ""steps_taken"": 303, ""cumulative_reward"": 0}",1764285707955,1764285707.9582052
bc4e72da-c905-4010-a52d-805e9e9d6ac6,unknown,CPO472Yoz5rN80ZiAAAB,1764285677.3690665,0,ppo_pace_two_ing_3_seed1,default,305,0,0,True,"{""elapsed_time"": 30.79006552696228, ""steps_taken"": 305, ""cumulative_reward"": 0}",1764285708156,1764285708.158561
bc4e72da-c905-4010-a52d-805e9e9d6ac6,unknown,CPO472Yoz5rN80ZiAAAB,1764285677.3690665,0,ppo_pace_two_ing_3_seed1,default,307,0,0,True,"{""elapsed_time"": 30.990410804748535, ""steps_taken"": 307, ""cumulative_reward"": 0}",1764285708355,1764285708.3589058
bc4e72da-c905-4010-a52d-805e9e9d6ac6,unknown,CPO472Yoz5rN80ZiAAAB,1764285677.3690665,0,ppo_pace_two_ing_3_seed1,default,309,0,0,True,"{""elapsed_time"": 31.190680503845215, ""steps_taken"": 309, ""cumulative_reward"": 0}",1764285708556,1764285708.559176
bc4e72da-c905-4010-a52d-805e9e9d6ac6,unknown,CPO472Yoz5rN80ZiAAAB,1764285677.3690665,0,ppo_pace_two_ing_3_seed1,default,311,0,0,True,"{""elapsed_time"": 31.390644788742065, ""steps_taken"": 311, ""cumulative_reward"": 0}",1764285708756,1764285708.759134
bc4e72da-c905-4010-a52d-805e9e9d6ac6,unknown,CPO472Yoz5rN80ZiAAAB,1764285677.3690665,0,ppo_pace_two_ing_3_seed1,default,313,0,0,True,"{""elapsed_time"": 31.590243101119995, ""steps_taken"": 313, ""cumulative_reward"": 0}",1764285708957,1764285708.9587314
bc4e72da-c905-4010-a52d-805e9e9d6ac6,unknown,CPO472Yoz5rN80ZiAAAB,1764285677.3690665,0,ppo_pace_two_ing_3_seed1,default,315,0,0,True,"{""elapsed_time"": 31.792041063308716, ""steps_taken"": 315, ""cumulative_reward"": 0}",1764285709158,1764285709.1605327
bc4e72da-c905-4010-a52d-805e9e9d6ac6,unknown,CPO472Yoz5rN80ZiAAAB,1764285677.3690665,0,ppo_pace_two_ing_3_seed1,default,317,0,0,True,"{""elapsed_time"": 31.993983030319214, ""steps_taken"": 317, ""cumulative_reward"": 0}",1764285709358,1764285709.3624775
bc4e72da-c905-4010-a52d-805e9e9d6ac6,unknown,CPO472Yoz5rN80ZiAAAB,1764285677.3690665,0,ppo_pace_two_ing_3_seed1,default,319,0,0,True,"{""elapsed_time"": 32.19394063949585, ""steps_taken"": 319, ""cumulative_reward"": 0}",1764285709558,1764285709.5624363
bc4e72da-c905-4010-a52d-805e9e9d6ac6,unknown,CPO472Yoz5rN80ZiAAAB,1764285677.3690665,0,ppo_pace_two_ing_3_seed1,default,321,0,0,True,"{""elapsed_time"": 32.394859790802, ""steps_taken"": 321, ""cumulative_reward"": 0}",1764285709759,1764285709.7633557
bc4e72da-c905-4010-a52d-805e9e9d6ac6,unknown,CPO472Yoz5rN80ZiAAAB,1764285677.3690665,0,ppo_pace_two_ing_3_seed1,default,323,0,0,True,"{""elapsed_time"": 32.594274282455444, ""steps_taken"": 323, ""cumulative_reward"": 0}",1764285709960,1764285709.9627662
bc4e72da-c905-4010-a52d-805e9e9d6ac6,unknown,CPO472Yoz5rN80ZiAAAB,1764285677.3690665,0,ppo_pace_two_ing_3_seed1,default,325,0,0,True,"{""elapsed_time"": 32.793580770492554, ""steps_taken"": 325, ""cumulative_reward"": 0}",1764285710160,1764285710.1620667
bc4e72da-c905-4010-a52d-805e9e9d6ac6,unknown,CPO472Yoz5rN80ZiAAAB,1764285677.3690665,0,ppo_pace_two_ing_3_seed1,default,327,0,0,True,"{""elapsed_time"": 32.99387216567993, ""steps_taken"": 327, ""cumulative_reward"": 0}",1764285710360,1764285710.362357
bc4e72da-c905-4010-a52d-805e9e9d6ac6,unknown,CPO472Yoz5rN80ZiAAAB,1764285677.3690665,0,ppo_pace_two_ing_3_seed1,default,329,0,0,True,"{""elapsed_time"": 33.19509267807007, ""steps_taken"": 329, ""cumulative_reward"": 0}",1764285710561,1764285710.5635846
bc4e72da-c905-4010-a52d-805e9e9d6ac6,unknown,CPO472Yoz5rN80ZiAAAB,1764285677.3690665,0,ppo_pace_two_ing_3_seed1,default,331,0,0,True,"{""elapsed_time"": 33.39494824409485, ""steps_taken"": 331, ""cumulative_reward"": 0}",1764285710761,1764285710.7634387
bc4e72da-c905-4010-a52d-805e9e9d6ac6,unknown,CPO472Yoz5rN80ZiAAAB,1764285677.3690665,0,ppo_pace_two_ing_3_seed1,default,333,0,0,True,"{""elapsed_time"": 33.595682859420776, ""steps_taken"": 333, ""cumulative_reward"": 0}",1764285710961,1764285710.9641764
bc4e72da-c905-4010-a52d-805e9e9d6ac6,unknown,CPO472Yoz5rN80ZiAAAB,1764285677.3690665,0,ppo_pace_two_ing_3_seed1,default,335,0,0,True,"{""elapsed_time"": 33.796369791030884, ""steps_taken"": 335, ""cumulative_reward"": 0}",1764285711162,1764285711.1648643
bc4e72da-c905-4010-a52d-805e9e9d6ac6,unknown,CPO472Yoz5rN80ZiAAAB,1764285677.3690665,0,ppo_pace_two_ing_3_seed1,default,337,0,0,True,"{""elapsed_time"": 33.99553942680359, ""steps_taken"": 337, ""cumulative_reward"": 0}",1764285711362,1764285711.3640275
bc4e72da-c905-4010-a52d-805e9e9d6ac6,unknown,CPO472Yoz5rN80ZiAAAB,1764285677.3690665,0,ppo_pace_two_ing_3_seed1,default,339,0,0,True,"{""elapsed_time"": 34.19709086418152, ""steps_taken"": 339, ""cumulative_reward"": 0}",1764285711562,1764285711.5655851
bc4e72da-c905-4010-a52d-805e9e9d6ac6,unknown,CPO472Yoz5rN80ZiAAAB,1764285677.3690665,0,ppo_pace_two_ing_3_seed1,default,341,0,0,True,"{""elapsed_time"": 34.397040367126465, ""steps_taken"": 341, ""cumulative_reward"": 0}",1764285711762,1764285711.7655346
bc4e72da-c905-4010-a52d-805e9e9d6ac6,unknown,CPO472Yoz5rN80ZiAAAB,1764285677.3690665,0,ppo_pace_two_ing_3_seed1,default,343,0,0,True,"{""elapsed_time"": 34.59753370285034, ""steps_taken"": 343, ""cumulative_reward"": 0}",1764285711962,1764285711.9660301
bc4e72da-c905-4010-a52d-805e9e9d6ac6,unknown,CPO472Yoz5rN80ZiAAAB,1764285677.3690665,0,ppo_pace_two_ing_3_seed1,default,345,0,0,True,"{""elapsed_time"": 34.796281814575195, ""steps_taken"": 345, ""cumulative_reward"": 0}",1764285712163,1764285712.1647673
bc4e72da-c905-4010-a52d-805e9e9d6ac6,unknown,CPO472Yoz5rN80ZiAAAB,1764285677.3690665,0,ppo_pace_two_ing_3_seed1,default,347,0,0,True,"{""elapsed_time"": 34.99658942222595, ""steps_taken"": 347, ""cumulative_reward"": 0}",1764285712363,1764285712.3650746
bc4e72da-c905-4010-a52d-805e9e9d6ac6,unknown,CPO472Yoz5rN80ZiAAAB,1764285677.3690665,0,ppo_pace_two_ing_3_seed1,default,349,0,0,True,"{""elapsed_time"": 35.196815729141235, ""steps_taken"": 349, ""cumulative_reward"": 0}",1764285712563,1764285712.5653012
bc4e72da-c905-4010-a52d-805e9e9d6ac6,unknown,CPO472Yoz5rN80ZiAAAB,1764285677.3690665,0,ppo_pace_two_ing_3_seed1,default,351,0,0,True,"{""elapsed_time"": 35.3986873626709, ""steps_taken"": 351, ""cumulative_reward"": 0}",1764285712764,1764285712.7671819
bc4e72da-c905-4010-a52d-805e9e9d6ac6,unknown,CPO472Yoz5rN80ZiAAAB,1764285677.3690665,0,ppo_pace_two_ing_3_seed1,default,353,0,0,True,"{""elapsed_time"": 35.5982723236084, ""steps_taken"": 353, ""cumulative_reward"": 0}",1764285712964,1764285712.9667616
bc4e72da-c905-4010-a52d-805e9e9d6ac6,unknown,CPO472Yoz5rN80ZiAAAB,1764285677.3690665,0,ppo_pace_two_ing_3_seed1,default,355,0,0,True,"{""elapsed_time"": 35.79762125015259, ""steps_taken"": 355, ""cumulative_reward"": 0}",1764285713164,1764285713.1661062
bc4e72da-c905-4010-a52d-805e9e9d6ac6,unknown,CPO472Yoz5rN80ZiAAAB,1764285677.3690665,0,ppo_pace_two_ing_3_seed1,default,357,0,0,True,"{""elapsed_time"": 35.99787378311157, ""steps_taken"": 357, ""cumulative_reward"": 0}",1764285713365,1764285713.3663595
bc4e72da-c905-4010-a52d-805e9e9d6ac6,unknown,CPO472Yoz5rN80ZiAAAB,1764285677.3690665,0,ppo_pace_two_ing_3_seed1,default,359,0,0,True,"{""elapsed_time"": 36.198246717453, ""steps_taken"": 359, ""cumulative_reward"": 0}",1764285713565,1764285713.5667317
bc4e72da-c905-4010-a52d-805e9e9d6ac6,unknown,CPO472Yoz5rN80ZiAAAB,1764285677.3690665,0,ppo_pace_two_ing_3_seed1,default,361,0,0,True,"{""elapsed_time"": 36.39862012863159, ""steps_taken"": 361, ""cumulative_reward"": 0}",1764285713765,1764285713.7671056
bc4e72da-c905-4010-a52d-805e9e9d6ac6,unknown,CPO472Yoz5rN80ZiAAAB,1764285677.3690665,0,ppo_pace_two_ing_3_seed1,default,363,0,0,True,"{""elapsed_time"": 36.598797082901, ""steps_taken"": 363, ""cumulative_reward"": 0}",1764285713965,1764285713.967282
bc4e72da-c905-4010-a52d-805e9e9d6ac6,unknown,CPO472Yoz5rN80ZiAAAB,1764285677.3690665,0,ppo_pace_two_ing_3_seed1,default,365,0,0,True,"{""elapsed_time"": 36.80057096481323, ""steps_taken"": 365, ""cumulative_reward"": 0}",1764285714166,1764285714.1690574
bc4e72da-c905-4010-a52d-805e9e9d6ac6,unknown,CPO472Yoz5rN80ZiAAAB,1764285677.3690665,0,ppo_pace_two_ing_3_seed1,default,367,0,0,True,"{""elapsed_time"": 37.001341581344604, ""steps_taken"": 367, ""cumulative_reward"": 0}",1764285714367,1764285714.3698366
bc4e72da-c905-4010-a52d-805e9e9d6ac6,unknown,CPO472Yoz5rN80ZiAAAB,1764285677.3690665,0,ppo_pace_two_ing_3_seed1,default,369,0,0,True,"{""elapsed_time"": 37.19999885559082, ""steps_taken"": 369, ""cumulative_reward"": 0}",1764285714567,1764285714.568483
bc4e72da-c905-4010-a52d-805e9e9d6ac6,unknown,CPO472Yoz5rN80ZiAAAB,1764285677.3690665,0,ppo_pace_two_ing_3_seed1,default,371,0,0,True,"{""elapsed_time"": 37.400975704193115, ""steps_taken"": 371, ""cumulative_reward"": 0}",1764285714767,1764285714.769465
bc4e72da-c905-4010-a52d-805e9e9d6ac6,unknown,CPO472Yoz5rN80ZiAAAB,1764285677.3690665,0,ppo_pace_two_ing_3_seed1,default,373,0,0,True,"{""elapsed_time"": 37.60146903991699, ""steps_taken"": 373, ""cumulative_reward"": 0}",1764285714967,1764285714.9699597
bc4e72da-c905-4010-a52d-805e9e9d6ac6,unknown,CPO472Yoz5rN80ZiAAAB,1764285677.3690665,0,ppo_pace_two_ing_3_seed1,default,375,0,0,True,"{""elapsed_time"": 37.8036572933197, ""steps_taken"": 375, ""cumulative_reward"": 0}",1764285715167,1764285715.172153
bc4e72da-c905-4010-a52d-805e9e9d6ac6,unknown,CPO472Yoz5rN80ZiAAAB,1764285677.3690665,0,ppo_pace_two_ing_3_seed1,default,377,0,0,True,"{""elapsed_time"": 38.00460696220398, ""steps_taken"": 377, ""cumulative_reward"": 0}",1764285715368,1764285715.3731017
bc4e72da-c905-4010-a52d-805e9e9d6ac6,unknown,CPO472Yoz5rN80ZiAAAB,1764285677.3690665,0,ppo_pace_two_ing_3_seed1,default,379,0,0,True,"{""elapsed_time"": 38.20482802391052, ""steps_taken"": 379, ""cumulative_reward"": 0}",1764285715569,1764285715.5733228
bc4e72da-c905-4010-a52d-805e9e9d6ac6,unknown,CPO472Yoz5rN80ZiAAAB,1764285677.3690665,0,ppo_pace_two_ing_3_seed1,default,381,0,0,True,"{""elapsed_time"": 38.403000354766846, ""steps_taken"": 381, ""cumulative_reward"": 0}",1764285715768,1764285715.7714863
bc4e72da-c905-4010-a52d-805e9e9d6ac6,unknown,CPO472Yoz5rN80ZiAAAB,1764285677.3690665,0,ppo_pace_two_ing_3_seed1,default,383,0,0,True,"{""elapsed_time"": 38.603610038757324, ""steps_taken"": 383, ""cumulative_reward"": 0}",1764285715969,1764285715.9721067
bc4e72da-c905-4010-a52d-805e9e9d6ac6,unknown,CPO472Yoz5rN80ZiAAAB,1764285677.3690665,0,ppo_pace_two_ing_3_seed1,default,385,0,0,True,"{""elapsed_time"": 38.803799629211426, ""steps_taken"": 385, ""cumulative_reward"": 0}",1764285716170,1764285716.1722941
bc4e72da-c905-4010-a52d-805e9e9d6ac6,unknown,CPO472Yoz5rN80ZiAAAB,1764285677.3690665,0,ppo_pace_two_ing_3_seed1,default,387,0,0,True,"{""elapsed_time"": 39.00419044494629, ""steps_taken"": 387, ""cumulative_reward"": 0}",1764285716370,1764285716.372686
bc4e72da-c905-4010-a52d-805e9e9d6ac6,unknown,CPO472Yoz5rN80ZiAAAB,1764285677.3690665,0,ppo_pace_two_ing_3_seed1,default,389,0,0,True,"{""elapsed_time"": 39.20399737358093, ""steps_taken"": 389, ""cumulative_reward"": 0}",1764285716570,1764285716.57249
bc4e72da-c905-4010-a52d-805e9e9d6ac6,unknown,CPO472Yoz5rN80ZiAAAB,1764285677.3690665,0,ppo_pace_two_ing_3_seed1,default,391,0,0,True,"{""elapsed_time"": 39.403467655181885, ""steps_taken"": 391, ""cumulative_reward"": 0}",1764285716770,1764285716.7719545
bc4e72da-c905-4010-a52d-805e9e9d6ac6,unknown,CPO472Yoz5rN80ZiAAAB,1764285677.3690665,0,ppo_pace_two_ing_3_seed1,default,393,0,0,True,"{""elapsed_time"": 39.6111159324646, ""steps_taken"": 393, ""cumulative_reward"": 0}",1764285716978,1764285716.9796052
bc4e72da-c905-4010-a52d-805e9e9d6ac6,unknown,CPO472Yoz5rN80ZiAAAB,1764285677.3690665,0,ppo_pace_two_ing_3_seed1,default,395,0,0,True,"{""elapsed_time"": 39.81251096725464, ""steps_taken"": 395, ""cumulative_reward"": 0}",1764285717178,1764285717.1810071
bc4e72da-c905-4010-a52d-805e9e9d6ac6,unknown,CPO472Yoz5rN80ZiAAAB,1764285677.3690665,0,ppo_pace_two_ing_3_seed1,default,397,0,0,True,"{""elapsed_time"": 40.01278781890869, ""steps_taken"": 397, ""cumulative_reward"": 0}",1764285717378,1764285717.3812833
bc4e72da-c905-4010-a52d-805e9e9d6ac6,unknown,CPO472Yoz5rN80ZiAAAB,1764285677.3690665,0,ppo_pace_two_ing_3_seed1,default,399,0,0,True,"{""elapsed_time"": 40.21267223358154, ""steps_taken"": 399, ""cumulative_reward"": 0}",1764285717579,1764285717.5811603
bc4e72da-c905-4010-a52d-805e9e9d6ac6,unknown,CPO472Yoz5rN80ZiAAAB,1764285677.3690665,0,ppo_pace_two_ing_3_seed1,default,401,0,0,True,"{""elapsed_time"": 40.41296076774597, ""steps_taken"": 401, ""cumulative_reward"": 0}",1764285717779,1764285717.781452
bc4e72da-c905-4010-a52d-805e9e9d6ac6,unknown,CPO472Yoz5rN80ZiAAAB,1764285677.3690665,0,ppo_pace_two_ing_3_seed1,default,403,0,0,True,"{""elapsed_time"": 40.61303448677063, ""steps_taken"": 403, ""cumulative_reward"": 0}",1764285717979,1764285717.9815264
bc4e72da-c905-4010-a52d-805e9e9d6ac6,unknown,CPO472Yoz5rN80ZiAAAB,1764285677.3690665,0,ppo_pace_two_ing_3_seed1,default,405,0,0,True,"{""elapsed_time"": 40.81230545043945, ""steps_taken"": 405, ""cumulative_reward"": 0}",1764285718180,1764285718.1807904
bc4e72da-c905-4010-a52d-805e9e9d6ac6,unknown,CPO472Yoz5rN80ZiAAAB,1764285677.3690665,0,ppo_pace_two_ing_3_seed1,default,407,0,0,True,"{""elapsed_time"": 41.01371169090271, ""steps_taken"": 407, ""cumulative_reward"": 0}",1764285718379,1764285718.3822033
bc4e72da-c905-4010-a52d-805e9e9d6ac6,unknown,CPO472Yoz5rN80ZiAAAB,1764285677.3690665,0,ppo_pace_two_ing_3_seed1,default,409,0,0,True,"{""elapsed_time"": 41.21351194381714, ""steps_taken"": 409, ""cumulative_reward"": 0}",1764285718580,1764285718.581998
bc4e72da-c905-4010-a52d-805e9e9d6ac6,unknown,Uf-lBoEEXPLRr26WAAAB,1764285734.640165,0,ppo_pace_two_ing_3_seed1,default,1,0,-0.05000000074505806,False,"{""elapsed_time"": 0.26616859436035156, ""steps_taken"": 1, ""cumulative_reward"": -0.05000000074505806}",1764285734901,1764285734.9055972
bc4e72da-c905-4010-a52d-805e9e9d6ac6,unknown,Uf-lBoEEXPLRr26WAAAB,1764285734.640165,0,ppo_pace_two_ing_3_seed1,default,2,0,-0.05000000074505806,False,"{""elapsed_time"": 0.3649468421936035, ""steps_taken"": 2, ""cumulative_reward"": -0.05000000074505806}",1764285735001,1764285735.0043776
bc4e72da-c905-4010-a52d-805e9e9d6ac6,unknown,Uf-lBoEEXPLRr26WAAAB,1764285734.640165,0,ppo_pace_two_ing_3_seed1,default,3,0,-0.05000000074505806,False,"{""elapsed_time"": 0.4637463092803955, ""steps_taken"": 3, ""cumulative_reward"": -0.05000000074505806}",1764285735101,1764285735.103173
bc4e72da-c905-4010-a52d-805e9e9d6ac6,unknown,Uf-lBoEEXPLRr26WAAAB,1764285734.640165,0,ppo_pace_two_ing_3_seed1,default,4,0,-0.05000000074505806,False,"{""elapsed_time"": 0.564406156539917, ""steps_taken"": 4, ""cumulative_reward"": -0.05000000074505806}",1764285735201,1764285735.2038305
bc4e72da-c905-4010-a52d-805e9e9d6ac6,unknown,Uf-lBoEEXPLRr26WAAAB,1764285734.640165,0,ppo_pace_two_ing_3_seed1,default,5,0,-0.05000000074505806,False,"{""elapsed_time"": 0.6640157699584961, ""steps_taken"": 5, ""cumulative_reward"": -0.05000000074505806}",1764285735301,1764285735.30344
bc4e72da-c905-4010-a52d-805e9e9d6ac6,unknown,Uf-lBoEEXPLRr26WAAAB,1764285734.640165,0,ppo_pace_two_ing_3_seed1,default,6,0,-0.05000000074505806,False,"{""elapsed_time"": 0.7645556926727295, ""steps_taken"": 6, ""cumulative_reward"": -0.05000000074505806}",1764285735401,1764285735.4039795
bc4e72da-c905-4010-a52d-805e9e9d6ac6,unknown,Uf-lBoEEXPLRr26WAAAB,1764285734.640165,0,ppo_pace_two_ing_3_seed1,default,7,0,-0.05000000074505806,False,"{""elapsed_time"": 0.8648197650909424, ""steps_taken"": 7, ""cumulative_reward"": -0.05000000074505806}",1764285735501,1764285735.5042446
bc4e72da-c905-4010-a52d-805e9e9d6ac6,unknown,Uf-lBoEEXPLRr26WAAAB,1764285734.640165,0,ppo_pace_two_ing_3_seed1,default,8,0,-0.05000000074505806,False,"{""elapsed_time"": 0.9648380279541016, ""steps_taken"": 8, ""cumulative_reward"": -0.05000000074505806}",1764285735602,1764285735.6042614
bc4e72da-c905-4010-a52d-805e9e9d6ac6,unknown,Uf-lBoEEXPLRr26WAAAB,1764285734.640165,0,ppo_pace_two_ing_3_seed1,default,9,0,-0.05000000074505806,False,"{""elapsed_time"": 1.0647375583648682, ""steps_taken"": 9, ""cumulative_reward"": -0.05000000074505806}",1764285735702,1764285735.7041626
bc4e72da-c905-4010-a52d-805e9e9d6ac6,unknown,Uf-lBoEEXPLRr26WAAAB,1764285734.640165,0,ppo_pace_two_ing_3_seed1,default,10,0,-0.05000000074505806,False,"{""elapsed_time"": 1.1686985492706299, ""steps_taken"": 10, ""cumulative_reward"": -0.05000000074505806}",1764285735804,1764285735.8081264
bc4e72da-c905-4010-a52d-805e9e9d6ac6,unknown,Uf-lBoEEXPLRr26WAAAB,1764285734.640165,0,ppo_pace_two_ing_3_seed1,default,11,0,-0.05000000074505806,False,"{""elapsed_time"": 1.267198085784912, ""steps_taken"": 11, ""cumulative_reward"": -0.05000000074505806}",1764285735904,1764285735.9066224
bc4e72da-c905-4010-a52d-805e9e9d6ac6,unknown,Uf-lBoEEXPLRr26WAAAB,1764285734.640165,0,ppo_pace_two_ing_3_seed1,default,12,0,-0.05000000074505806,False,"{""elapsed_time"": 1.367530107498169, ""steps_taken"": 12, ""cumulative_reward"": -0.05000000074505806}",1764285736004,1764285736.006956
bc4e72da-c905-4010-a52d-805e9e9d6ac6,unknown,Uf-lBoEEXPLRr26WAAAB,1764285734.640165,0,ppo_pace_two_ing_3_seed1,default,13,0,-0.05000000074505806,False,"{""elapsed_time"": 1.4681332111358643, ""steps_taken"": 13, ""cumulative_reward"": -0.05000000074505806}",1764285736105,1764285736.1075566
bc4e72da-c905-4010-a52d-805e9e9d6ac6,unknown,Uf-lBoEEXPLRr26WAAAB,1764285734.640165,0,ppo_pace_two_ing_3_seed1,default,14,0,-0.05000000074505806,False,"{""elapsed_time"": 1.5679371356964111, ""steps_taken"": 14, ""cumulative_reward"": -0.05000000074505806}",1764285736205,1764285736.2073607
bc4e72da-c905-4010-a52d-805e9e9d6ac6,unknown,Uf-lBoEEXPLRr26WAAAB,1764285734.640165,0,ppo_pace_two_ing_3_seed1,default,15,0,-0.05000000074505806,False,"{""elapsed_time"": 1.6684925556182861, ""steps_taken"": 15, ""cumulative_reward"": -0.05000000074505806}",1764285736305,1764285736.3079169
bc4e72da-c905-4010-a52d-805e9e9d6ac6,unknown,Uf-lBoEEXPLRr26WAAAB,1764285734.640165,0,ppo_pace_two_ing_3_seed1,default,16,0,-0.05000000074505806,False,"{""elapsed_time"": 1.7691352367401123, ""steps_taken"": 16, ""cumulative_reward"": -0.05000000074505806}",1764285736406,1764285736.408559
bc4e72da-c905-4010-a52d-805e9e9d6ac6,unknown,Uf-lBoEEXPLRr26WAAAB,1764285734.640165,0,ppo_pace_two_ing_3_seed1,default,17,0,-0.05000000074505806,False,"{""elapsed_time"": 1.8690125942230225, ""steps_taken"": 17, ""cumulative_reward"": -0.05000000074505806}",1764285736506,1764285736.5084374
bc4e72da-c905-4010-a52d-805e9e9d6ac6,unknown,Uf-lBoEEXPLRr26WAAAB,1764285734.640165,0,ppo_pace_two_ing_3_seed1,default,18,0,-0.05000000074505806,False,"{""elapsed_time"": 1.968937635421753, ""steps_taken"": 18, ""cumulative_reward"": -0.05000000074505806}",1764285736606,1764285736.6083624
bc4e72da-c905-4010-a52d-805e9e9d6ac6,unknown,Uf-lBoEEXPLRr26WAAAB,1764285734.640165,0,ppo_pace_two_ing_3_seed1,default,19,0,-0.05000000074505806,False,"{""elapsed_time"": 2.0703225135803223, ""steps_taken"": 19, ""cumulative_reward"": -0.05000000074505806}",1764285736706,1764285736.7097514
bc4e72da-c905-4010-a52d-805e9e9d6ac6,unknown,Uf-lBoEEXPLRr26WAAAB,1764285734.640165,0,ppo_pace_two_ing_3_seed1,default,20,0,-0.05000000074505806,False,"{""elapsed_time"": 2.1811177730560303, ""steps_taken"": 20, ""cumulative_reward"": -0.05000000074505806}",1764285736816,1764285736.8205485
bc4e72da-c905-4010-a52d-805e9e9d6ac6,unknown,Uf-lBoEEXPLRr26WAAAB,1764285734.640165,0,ppo_pace_two_ing_3_seed1,default,21,0,-0.05000000074505806,False,"{""elapsed_time"": 2.2798426151275635, ""steps_taken"": 21, ""cumulative_reward"": -0.05000000074505806}",1764285736916,1764285736.9192674
bc4e72da-c905-4010-a52d-805e9e9d6ac6,unknown,Uf-lBoEEXPLRr26WAAAB,1764285734.640165,0,ppo_pace_two_ing_3_seed1,default,22,0,-0.05000000074505806,False,"{""elapsed_time"": 2.379499673843384, ""steps_taken"": 22, ""cumulative_reward"": -0.05000000074505806}",1764285737016,1764285737.018924
bc4e72da-c905-4010-a52d-805e9e9d6ac6,unknown,Uf-lBoEEXPLRr26WAAAB,1764285734.640165,0,ppo_pace_two_ing_3_seed1,default,23,0,-0.05000000074505806,False,"{""elapsed_time"": 2.479801654815674, ""steps_taken"": 23, ""cumulative_reward"": -0.05000000074505806}",1764285737116,1764285737.1192267
bc4e72da-c905-4010-a52d-805e9e9d6ac6,unknown,Uf-lBoEEXPLRr26WAAAB,1764285734.640165,0,ppo_pace_two_ing_3_seed1,default,24,0,-0.05000000074505806,False,"{""elapsed_time"": 2.579927444458008, ""steps_taken"": 24, ""cumulative_reward"": -0.05000000074505806}",1764285737217,1764285737.219351
bc4e72da-c905-4010-a52d-805e9e9d6ac6,unknown,Uf-lBoEEXPLRr26WAAAB,1764285734.640165,0,ppo_pace_two_ing_3_seed1,default,25,0,-0.05000000074505806,False,"{""elapsed_time"": 2.6802659034729004, ""steps_taken"": 25, ""cumulative_reward"": -0.05000000074505806}",1764285737317,1764285737.3196893
bc4e72da-c905-4010-a52d-805e9e9d6ac6,unknown,Uf-lBoEEXPLRr26WAAAB,1764285734.640165,0,ppo_pace_two_ing_3_seed1,default,26,0,-0.05000000074505806,False,"{""elapsed_time"": 2.7804462909698486, ""steps_taken"": 26, ""cumulative_reward"": -0.05000000074505806}",1764285737418,1764285737.4198704
bc4e72da-c905-4010-a52d-805e9e9d6ac6,unknown,Uf-lBoEEXPLRr26WAAAB,1764285734.640165,0,ppo_pace_two_ing_3_seed1,default,27,0,-0.05000000074505806,False,"{""elapsed_time"": 2.880556344985962, ""steps_taken"": 27, ""cumulative_reward"": -0.05000000074505806}",1764285737518,1764285737.5199826
bc4e72da-c905-4010-a52d-805e9e9d6ac6,unknown,Uf-lBoEEXPLRr26WAAAB,1764285734.640165,0,ppo_pace_two_ing_3_seed1,default,28,0,-0.05000000074505806,False,"{""elapsed_time"": 2.980996608734131, ""steps_taken"": 28, ""cumulative_reward"": -0.05000000074505806}",1764285737618,1764285737.6204207
bc4e72da-c905-4010-a52d-805e9e9d6ac6,unknown,Uf-lBoEEXPLRr26WAAAB,1764285734.640165,0,ppo_pace_two_ing_3_seed1,default,29,0,-0.05000000074505806,False,"{""elapsed_time"": 3.0810065269470215, ""steps_taken"": 29, ""cumulative_reward"": -0.05000000074505806}",1764285737718,1764285737.7204309
bc4e72da-c905-4010-a52d-805e9e9d6ac6,unknown,Uf-lBoEEXPLRr26WAAAB,1764285734.640165,0,ppo_pace_two_ing_3_seed1,default,30,0,-0.05000000074505806,False,"{""elapsed_time"": 3.181652307510376, ""steps_taken"": 30, ""cumulative_reward"": -0.05000000074505806}",1764285737819,1764285737.8210807
bc4e72da-c905-4010-a52d-805e9e9d6ac6,unknown,Uf-lBoEEXPLRr26WAAAB,1764285734.640165,0,ppo_pace_two_ing_3_seed1,default,31,0,-0.05000000074505806,False,"{""elapsed_time"": 3.2820441722869873, ""steps_taken"": 31, ""cumulative_reward"": -0.05000000074505806}",1764285737919,1764285737.92147
bc4e72da-c905-4010-a52d-805e9e9d6ac6,unknown,Uf-lBoEEXPLRr26WAAAB,1764285734.640165,0,ppo_pace_two_ing_3_seed1,default,32,0,-0.05000000074505806,False,"{""elapsed_time"": 3.3815395832061768, ""steps_taken"": 32, ""cumulative_reward"": -0.05000000074505806}",1764285738018,1764285738.0209646
bc4e72da-c905-4010-a52d-805e9e9d6ac6,unknown,Uf-lBoEEXPLRr26WAAAB,1764285734.640165,0,ppo_pace_two_ing_3_seed1,default,33,0,-0.05000000074505806,False,"{""elapsed_time"": 3.4818429946899414, ""steps_taken"": 33, ""cumulative_reward"": -0.05000000074505806}",1764285738119,1764285738.1212676
bc4e72da-c905-4010-a52d-805e9e9d6ac6,unknown,Uf-lBoEEXPLRr26WAAAB,1764285734.640165,0,ppo_pace_two_ing_3_seed1,default,34,0,-0.05000000074505806,False,"{""elapsed_time"": 3.581990957260132, ""steps_taken"": 34, ""cumulative_reward"": -0.05000000074505806}",1764285738220,1764285738.2214143
bc4e72da-c905-4010-a52d-805e9e9d6ac6,unknown,Uf-lBoEEXPLRr26WAAAB,1764285734.640165,0,ppo_pace_two_ing_3_seed1,default,35,0,-0.05000000074505806,False,"{""elapsed_time"": 3.6820757389068604, ""steps_taken"": 35, ""cumulative_reward"": -0.05000000074505806}",1764285738319,1764285738.3214996
bc4e72da-c905-4010-a52d-805e9e9d6ac6,unknown,Uf-lBoEEXPLRr26WAAAB,1764285734.640165,0,ppo_pace_two_ing_3_seed1,default,36,0,-0.05000000074505806,False,"{""elapsed_time"": 3.782172441482544, ""steps_taken"": 36, ""cumulative_reward"": -0.05000000074505806}",1764285738419,1764285738.4215975
bc4e72da-c905-4010-a52d-805e9e9d6ac6,unknown,Uf-lBoEEXPLRr26WAAAB,1764285734.640165,0,ppo_pace_two_ing_3_seed1,default,37,0,-0.05000000074505806,False,"{""elapsed_time"": 3.8855140209198, ""steps_taken"": 37, ""cumulative_reward"": -0.05000000074505806}",1764285738519,1764285738.5249457
bc4e72da-c905-4010-a52d-805e9e9d6ac6,unknown,Uf-lBoEEXPLRr26WAAAB,1764285734.640165,0,ppo_pace_two_ing_3_seed1,default,38,0,-0.05000000074505806,False,"{""elapsed_time"": 3.982581377029419, ""steps_taken"": 38, ""cumulative_reward"": -0.05000000074505806}",1764285738619,1764285738.6220057
bc4e72da-c905-4010-a52d-805e9e9d6ac6,unknown,Uf-lBoEEXPLRr26WAAAB,1764285734.640165,0,ppo_pace_two_ing_3_seed1,default,39,0,-0.05000000074505806,False,"{""elapsed_time"": 4.082876682281494, ""steps_taken"": 39, ""cumulative_reward"": -0.05000000074505806}",1764285738719,1764285738.722301
bc4e72da-c905-4010-a52d-805e9e9d6ac6,unknown,Uf-lBoEEXPLRr26WAAAB,1764285734.640165,0,ppo_pace_two_ing_3_seed1,default,40,0,-0.05000000074505806,False,"{""elapsed_time"": 4.183887720108032, ""steps_taken"": 40, ""cumulative_reward"": -0.05000000074505806}",1764285738820,1764285738.8233168
bc4e72da-c905-4010-a52d-805e9e9d6ac6,unknown,Uf-lBoEEXPLRr26WAAAB,1764285734.640165,0,ppo_pace_two_ing_3_seed1,default,41,0,-0.05000000074505806,False,"{""elapsed_time"": 4.284576416015625, ""steps_taken"": 41, ""cumulative_reward"": -0.05000000074505806}",1764285738920,1764285738.924
bc4e72da-c905-4010-a52d-805e9e9d6ac6,unknown,Uf-lBoEEXPLRr26WAAAB,1764285734.640165,0,ppo_pace_two_ing_3_seed1,default,42,0,-0.05000000074505806,False,"{""elapsed_time"": 4.384481430053711, ""steps_taken"": 42, ""cumulative_reward"": -0.05000000074505806}",1764285739020,1764285739.0239055
bc4e72da-c905-4010-a52d-805e9e9d6ac6,unknown,Uf-lBoEEXPLRr26WAAAB,1764285734.640165,0,ppo_pace_two_ing_3_seed1,default,43,0,-0.05000000074505806,False,"{""elapsed_time"": 4.484537601470947, ""steps_taken"": 43, ""cumulative_reward"": -0.05000000074505806}",1764285739120,1764285739.1239622
bc4e72da-c905-4010-a52d-805e9e9d6ac6,unknown,Uf-lBoEEXPLRr26WAAAB,1764285734.640165,0,ppo_pace_two_ing_3_seed1,default,44,0,-0.05000000074505806,False,"{""elapsed_time"": 4.583375930786133, ""steps_taken"": 44, ""cumulative_reward"": -0.05000000074505806}",1764285739221,1764285739.2227995
bc4e72da-c905-4010-a52d-805e9e9d6ac6,unknown,Uf-lBoEEXPLRr26WAAAB,1764285734.640165,0,ppo_pace_two_ing_3_seed1,default,45,0,-0.05000000074505806,False,"{""elapsed_time"": 4.683354616165161, ""steps_taken"": 45, ""cumulative_reward"": -0.05000000074505806}",1764285739320,1764285739.3227787
bc4e72da-c905-4010-a52d-805e9e9d6ac6,unknown,Uf-lBoEEXPLRr26WAAAB,1764285734.640165,0,ppo_pace_two_ing_3_seed1,default,46,0,-0.05000000074505806,False,"{""elapsed_time"": 4.783463478088379, ""steps_taken"": 46, ""cumulative_reward"": -0.05000000074505806}",1764285739420,1764285739.4228876
bc4e72da-c905-4010-a52d-805e9e9d6ac6,unknown,Uf-lBoEEXPLRr26WAAAB,1764285734.640165,0,ppo_pace_two_ing_3_seed1,default,47,0,-0.05000000074505806,False,"{""elapsed_time"": 4.88374400138855, ""steps_taken"": 47, ""cumulative_reward"": -0.05000000074505806}",1764285739520,1764285739.5231678
bc4e72da-c905-4010-a52d-805e9e9d6ac6,unknown,Uf-lBoEEXPLRr26WAAAB,1764285734.640165,0,ppo_pace_two_ing_3_seed1,default,48,0,-0.05000000074505806,False,"{""elapsed_time"": 4.985452890396118, ""steps_taken"": 48, ""cumulative_reward"": -0.05000000074505806}",1764285739621,1764285739.6248791
bc4e72da-c905-4010-a52d-805e9e9d6ac6,unknown,Uf-lBoEEXPLRr26WAAAB,1764285734.640165,0,ppo_pace_two_ing_3_seed1,default,49,0,-0.05000000074505806,False,"{""elapsed_time"": 5.085545301437378, ""steps_taken"": 49, ""cumulative_reward"": -0.05000000074505806}",1764285739721,1764285739.7249706
bc4e72da-c905-4010-a52d-805e9e9d6ac6,unknown,Uf-lBoEEXPLRr26WAAAB,1764285734.640165,0,ppo_pace_two_ing_3_seed1,default,50,0,-0.05000000074505806,False,"{""elapsed_time"": 5.184052228927612, ""steps_taken"": 50, ""cumulative_reward"": -0.05000000074505806}",1764285739821,1764285739.8234768
bc4e72da-c905-4010-a52d-805e9e9d6ac6,unknown,Ajl_AFDYWVZxwXMMAAAB,1764285749.2443407,0,ppo_pace_two_ing_3_seed1,default,1,0,-0.05000000074505806,False,"{""elapsed_time"": 0.28784775733947754, ""steps_taken"": 1, ""cumulative_reward"": -0.05000000074505806}",1764285749526,1764285749.5310998
bc4e72da-c905-4010-a52d-805e9e9d6ac6,unknown,Ajl_AFDYWVZxwXMMAAAB,1764285749.2443407,0,ppo_pace_two_ing_3_seed1,default,2,0,-0.05000000074505806,False,"{""elapsed_time"": 0.38785433769226074, ""steps_taken"": 2, ""cumulative_reward"": -0.05000000074505806}",1764285749626,1764285749.6311052
bc4e72da-c905-4010-a52d-805e9e9d6ac6,unknown,Ajl_AFDYWVZxwXMMAAAB,1764285749.2443407,0,ppo_pace_two_ing_3_seed1,default,3,0,-0.05000000074505806,False,"{""elapsed_time"": 0.4868161678314209, ""steps_taken"": 3, ""cumulative_reward"": -0.05000000074505806}",1764285749727,1764285749.730068
bc4e72da-c905-4010-a52d-805e9e9d6ac6,unknown,Ajl_AFDYWVZxwXMMAAAB,1764285749.2443407,0,ppo_pace_two_ing_3_seed1,default,4,0,-0.05000000074505806,False,"{""elapsed_time"": 0.5855147838592529, ""steps_taken"": 4, ""cumulative_reward"": -0.05000000074505806}",1764285749827,1764285749.8287628
bc4e72da-c905-4010-a52d-805e9e9d6ac6,unknown,Ajl_AFDYWVZxwXMMAAAB,1764285749.2443407,0,ppo_pace_two_ing_3_seed1,default,5,0,-0.05000000074505806,False,"{""elapsed_time"": 0.686896800994873, ""steps_taken"": 5, ""cumulative_reward"": -0.05000000074505806}",1764285749927,1764285749.930146
bc4e72da-c905-4010-a52d-805e9e9d6ac6,unknown,Ajl_AFDYWVZxwXMMAAAB,1764285749.2443407,0,ppo_pace_two_ing_3_seed1,default,6,0,-0.05000000074505806,False,"{""elapsed_time"": 0.7859184741973877, ""steps_taken"": 6, ""cumulative_reward"": -0.05000000074505806}",1764285750027,1764285750.0291662
bc4e72da-c905-4010-a52d-805e9e9d6ac6,unknown,Ajl_AFDYWVZxwXMMAAAB,1764285749.2443407,0,ppo_pace_two_ing_3_seed1,default,7,0,-0.05000000074505806,False,"{""elapsed_time"": 0.8869099617004395, ""steps_taken"": 7, ""cumulative_reward"": -0.05000000074505806}",1764285750127,1764285750.1301591
bc4e72da-c905-4010-a52d-805e9e9d6ac6,unknown,Ajl_AFDYWVZxwXMMAAAB,1764285749.2443407,0,ppo_pace_two_ing_3_seed1,default,8,0,-0.05000000074505806,False,"{""elapsed_time"": 0.9874999523162842, ""steps_taken"": 8, ""cumulative_reward"": -0.05000000074505806}",1764285750228,1764285750.230748
bc4e72da-c905-4010-a52d-805e9e9d6ac6,unknown,Ajl_AFDYWVZxwXMMAAAB,1764285749.2443407,0,ppo_pace_two_ing_3_seed1,default,9,0,-0.05000000074505806,False,"{""elapsed_time"": 1.0866780281066895, ""steps_taken"": 9, ""cumulative_reward"": -0.05000000074505806}",1764285750328,1764285750.3299267
bc4e72da-c905-4010-a52d-805e9e9d6ac6,unknown,Ajl_AFDYWVZxwXMMAAAB,1764285749.2443407,0,ppo_pace_two_ing_3_seed1,default,10,0,-0.05000000074505806,False,"{""elapsed_time"": 1.1896605491638184, ""steps_taken"": 10, ""cumulative_reward"": -0.05000000074505806}",1764285750429,1764285750.4329097
bc4e72da-c905-4010-a52d-805e9e9d6ac6,unknown,Ajl_AFDYWVZxwXMMAAAB,1764285749.2443407,0,ppo_pace_two_ing_3_seed1,default,11,0,-0.05000000074505806,False,"{""elapsed_time"": 1.2901427745819092, ""steps_taken"": 11, ""cumulative_reward"": -0.05000000074505806}",1764285750529,1764285750.533394
bc4e72da-c905-4010-a52d-805e9e9d6ac6,unknown,Ajl_AFDYWVZxwXMMAAAB,1764285749.2443407,0,ppo_pace_two_ing_3_seed1,default,12,0,-0.05000000074505806,False,"{""elapsed_time"": 1.3917999267578125, ""steps_taken"": 12, ""cumulative_reward"": -0.05000000074505806}",1764285750630,1764285750.6350565
bc4e72da-c905-4010-a52d-805e9e9d6ac6,unknown,Ajl_AFDYWVZxwXMMAAAB,1764285749.2443407,0,ppo_pace_two_ing_3_seed1,default,13,0,-0.05000000074505806,False,"{""elapsed_time"": 1.489349603652954, ""steps_taken"": 13, ""cumulative_reward"": -0.05000000074505806}",1764285750730,1764285750.7325976
bc4e72da-c905-4010-a52d-805e9e9d6ac6,unknown,Ajl_AFDYWVZxwXMMAAAB,1764285749.2443407,0,ppo_pace_two_ing_3_seed1,default,14,0,-0.05000000074505806,False,"{""elapsed_time"": 1.5888452529907227, ""steps_taken"": 14, ""cumulative_reward"": -0.05000000074505806}",1764285750830,1764285750.8320932
bc4e72da-c905-4010-a52d-805e9e9d6ac6,unknown,Ajl_AFDYWVZxwXMMAAAB,1764285749.2443407,0,ppo_pace_two_ing_3_seed1,default,15,0,-0.05000000074505806,False,"{""elapsed_time"": 1.6890640258789062, ""steps_taken"": 15, ""cumulative_reward"": -0.05000000074505806}",1764285750930,1764285750.9323118
bc4e72da-c905-4010-a52d-805e9e9d6ac6,unknown,Ajl_AFDYWVZxwXMMAAAB,1764285749.2443407,0,ppo_pace_two_ing_3_seed1,default,16,0,-0.05000000074505806,False,"{""elapsed_time"": 1.7891645431518555, ""steps_taken"": 16, ""cumulative_reward"": -0.05000000074505806}",1764285751030,1764285751.0324128
bc4e72da-c905-4010-a52d-805e9e9d6ac6,unknown,Ajl_AFDYWVZxwXMMAAAB,1764285749.2443407,0,ppo_pace_two_ing_3_seed1,default,17,0,-0.05000000074505806,False,"{""elapsed_time"": 1.890392780303955, ""steps_taken"": 17, ""cumulative_reward"": -0.05000000074505806}",1764285751131,1764285751.133644
bc4e72da-c905-4010-a52d-805e9e9d6ac6,unknown,Ajl_AFDYWVZxwXMMAAAB,1764285749.2443407,0,ppo_pace_two_ing_3_seed1,default,18,0,-0.05000000074505806,False,"{""elapsed_time"": 1.9894368648529053, ""steps_taken"": 18, ""cumulative_reward"": -0.05000000074505806}",1764285751231,1764285751.232685
bc4e72da-c905-4010-a52d-805e9e9d6ac6,unknown,Ajl_AFDYWVZxwXMMAAAB,1764285749.2443407,0,ppo_pace_two_ing_3_seed1,default,19,0,-0.05000000074505806,False,"{""elapsed_time"": 2.089599609375, ""steps_taken"": 19, ""cumulative_reward"": -0.05000000074505806}",1764285751331,1764285751.3328488
bc4e72da-c905-4010-a52d-805e9e9d6ac6,unknown,Ajl_AFDYWVZxwXMMAAAB,1764285749.2443407,0,ppo_pace_two_ing_3_seed1,default,20,0,-0.05000000074505806,False,"{""elapsed_time"": 2.2001843452453613, ""steps_taken"": 20, ""cumulative_reward"": -0.05000000074505806}",1764285751441,1764285751.4434347
bc4e72da-c905-4010-a52d-805e9e9d6ac6,unknown,Ajl_AFDYWVZxwXMMAAAB,1764285749.2443407,0,ppo_pace_two_ing_3_seed1,default,21,0,-0.05000000074505806,False,"{""elapsed_time"": 2.2996091842651367, ""steps_taken"": 21, ""cumulative_reward"": -0.05000000074505806}",1764285751541,1764285751.5428574
bc4e72da-c905-4010-a52d-805e9e9d6ac6,unknown,Ajl_AFDYWVZxwXMMAAAB,1764285749.2443407,0,ppo_pace_two_ing_3_seed1,default,22,0,-0.05000000074505806,False,"{""elapsed_time"": 2.399749755859375, ""steps_taken"": 22, ""cumulative_reward"": -0.05000000074505806}",1764285751641,1764285751.6429985
bc4e72da-c905-4010-a52d-805e9e9d6ac6,unknown,Ajl_AFDYWVZxwXMMAAAB,1764285749.2443407,0,ppo_pace_two_ing_3_seed1,default,23,0,-0.05000000074505806,False,"{""elapsed_time"": 2.4999146461486816, ""steps_taken"": 23, ""cumulative_reward"": -0.05000000074505806}",1764285751741,1764285751.743163
bc4e72da-c905-4010-a52d-805e9e9d6ac6,unknown,Ajl_AFDYWVZxwXMMAAAB,1764285749.2443407,0,ppo_pace_two_ing_3_seed1,default,24,0,-0.05000000074505806,False,"{""elapsed_time"": 2.6004533767700195, ""steps_taken"": 24, ""cumulative_reward"": -0.05000000074505806}",1764285751841,1764285751.8437026
bc4e72da-c905-4010-a52d-805e9e9d6ac6,unknown,Ajl_AFDYWVZxwXMMAAAB,1764285749.2443407,0,ppo_pace_two_ing_3_seed1,default,25,0,-0.05000000074505806,False,"{""elapsed_time"": 2.700216054916382, ""steps_taken"": 25, ""cumulative_reward"": -0.05000000074505806}",1764285751941,1764285751.943464
bc4e72da-c905-4010-a52d-805e9e9d6ac6,unknown,Ajl_AFDYWVZxwXMMAAAB,1764285749.2443407,0,ppo_pace_two_ing_3_seed1,default,26,0,-0.05000000074505806,False,"{""elapsed_time"": 2.8002543449401855, ""steps_taken"": 26, ""cumulative_reward"": -0.05000000074505806}",1764285752041,1764285752.0435019
bc4e72da-c905-4010-a52d-805e9e9d6ac6,unknown,Ajl_AFDYWVZxwXMMAAAB,1764285749.2443407,0,ppo_pace_two_ing_3_seed1,default,27,0,-0.05000000074505806,False,"{""elapsed_time"": 2.900697708129883, ""steps_taken"": 27, ""cumulative_reward"": -0.05000000074505806}",1764285752141,1764285752.1439476
bc4e72da-c905-4010-a52d-805e9e9d6ac6,unknown,Ajl_AFDYWVZxwXMMAAAB,1764285749.2443407,0,ppo_pace_two_ing_3_seed1,default,28,0,-0.05000000074505806,False,"{""elapsed_time"": 3.002049207687378, ""steps_taken"": 28, ""cumulative_reward"": -0.05000000074505806}",1764285752241,1764285752.2452972
bc4e72da-c905-4010-a52d-805e9e9d6ac6,unknown,Ajl_AFDYWVZxwXMMAAAB,1764285749.2443407,0,ppo_pace_two_ing_3_seed1,default,29,0,-0.05000000074505806,False,"{""elapsed_time"": 3.100705623626709, ""steps_taken"": 29, ""cumulative_reward"": -0.05000000074505806}",1764285752342,1764285752.3439538
bc4e72da-c905-4010-a52d-805e9e9d6ac6,unknown,Ajl_AFDYWVZxwXMMAAAB,1764285749.2443407,0,ppo_pace_two_ing_3_seed1,default,30,0,-0.05000000074505806,False,"{""elapsed_time"": 3.2008726596832275, ""steps_taken"": 30, ""cumulative_reward"": -0.05000000074505806}",1764285752442,1764285752.4441226
bc4e72da-c905-4010-a52d-805e9e9d6ac6,unknown,Ajl_AFDYWVZxwXMMAAAB,1764285749.2443407,0,ppo_pace_two_ing_3_seed1,default,31,0,-0.05000000074505806,False,"{""elapsed_time"": 3.3008878231048584, ""steps_taken"": 31, ""cumulative_reward"": -0.05000000074505806}",1764285752542,1764285752.5441375
bc4e72da-c905-4010-a52d-805e9e9d6ac6,unknown,Ajl_AFDYWVZxwXMMAAAB,1764285749.2443407,0,ppo_pace_two_ing_3_seed1,default,32,0,-0.05000000074505806,False,"{""elapsed_time"": 3.4011406898498535, ""steps_taken"": 32, ""cumulative_reward"": -0.05000000074505806}",1764285752642,1764285752.6443887
bc4e72da-c905-4010-a52d-805e9e9d6ac6,unknown,Ajl_AFDYWVZxwXMMAAAB,1764285749.2443407,0,ppo_pace_two_ing_3_seed1,default,33,0,-0.05000000074505806,False,"{""elapsed_time"": 3.501173496246338, ""steps_taken"": 33, ""cumulative_reward"": -0.05000000074505806}",1764285752742,1764285752.7444224
bc4e72da-c905-4010-a52d-805e9e9d6ac6,unknown,Ajl_AFDYWVZxwXMMAAAB,1764285749.2443407,0,ppo_pace_two_ing_3_seed1,default,34,0,-0.05000000074505806,False,"{""elapsed_time"": 3.6015779972076416, ""steps_taken"": 34, ""cumulative_reward"": -0.05000000074505806}",1764285752842,1764285752.844827
bc4e72da-c905-4010-a52d-805e9e9d6ac6,unknown,Ajl_AFDYWVZxwXMMAAAB,1764285749.2443407,0,ppo_pace_two_ing_3_seed1,default,35,0,-0.05000000074505806,False,"{""elapsed_time"": 3.7016797065734863, ""steps_taken"": 35, ""cumulative_reward"": -0.05000000074505806}",1764285752943,1764285752.9449284
bc4e72da-c905-4010-a52d-805e9e9d6ac6,unknown,Ajl_AFDYWVZxwXMMAAAB,1764285749.2443407,0,ppo_pace_two_ing_3_seed1,default,36,0,-0.05000000074505806,False,"{""elapsed_time"": 3.803452253341675, ""steps_taken"": 36, ""cumulative_reward"": -0.05000000074505806}",1764285753043,1764285753.0467036
bc4e72da-c905-4010-a52d-805e9e9d6ac6,unknown,Ajl_AFDYWVZxwXMMAAAB,1764285749.2443407,0,ppo_pace_two_ing_3_seed1,default,37,0,-0.05000000074505806,False,"{""elapsed_time"": 3.9032862186431885, ""steps_taken"": 37, ""cumulative_reward"": -0.05000000074505806}",1764285753143,1764285753.1465383
bc4e72da-c905-4010-a52d-805e9e9d6ac6,unknown,Ajl_AFDYWVZxwXMMAAAB,1764285749.2443407,0,ppo_pace_two_ing_3_seed1,default,38,0,-0.05000000074505806,False,"{""elapsed_time"": 4.003668308258057, ""steps_taken"": 38, ""cumulative_reward"": -0.05000000074505806}",1764285753243,1764285753.2469203
bc4e72da-c905-4010-a52d-805e9e9d6ac6,unknown,Ajl_AFDYWVZxwXMMAAAB,1764285749.2443407,0,ppo_pace_two_ing_3_seed1,default,39,0,-0.05000000074505806,False,"{""elapsed_time"": 4.1032023429870605, ""steps_taken"": 39, ""cumulative_reward"": -0.05000000074505806}",1764285753343,1764285753.346453
bc4e72da-c905-4010-a52d-805e9e9d6ac6,unknown,Ajl_AFDYWVZxwXMMAAAB,1764285749.2443407,0,ppo_pace_two_ing_3_seed1,default,40,0,-0.05000000074505806,False,"{""elapsed_time"": 4.203425645828247, ""steps_taken"": 40, ""cumulative_reward"": -0.05000000074505806}",1764285753443,1764285753.446675
bc4e72da-c905-4010-a52d-805e9e9d6ac6,unknown,Ajl_AFDYWVZxwXMMAAAB,1764285749.2443407,0,ppo_pace_two_ing_3_seed1,default,41,0,-0.05000000074505806,False,"{""elapsed_time"": 4.302155256271362, ""steps_taken"": 41, ""cumulative_reward"": -0.05000000074505806}",1764285753543,1764285753.545404
bc4e72da-c905-4010-a52d-805e9e9d6ac6,unknown,Ajl_AFDYWVZxwXMMAAAB,1764285749.2443407,0,ppo_pace_two_ing_3_seed1,default,42,0,-0.05000000074505806,False,"{""elapsed_time"": 4.40390682220459, ""steps_taken"": 42, ""cumulative_reward"": -0.05000000074505806}",1764285753643,1764285753.6471555
bc4e72da-c905-4010-a52d-805e9e9d6ac6,unknown,Ajl_AFDYWVZxwXMMAAAB,1764285749.2443407,0,ppo_pace_two_ing_3_seed1,default,43,0,-0.05000000074505806,False,"{""elapsed_time"": 4.5025975704193115, ""steps_taken"": 43, ""cumulative_reward"": -0.05000000074505806}",1764285753743,1764285753.7458458
bc4e72da-c905-4010-a52d-805e9e9d6ac6,unknown,Ajl_AFDYWVZxwXMMAAAB,1764285749.2443407,0,ppo_pace_two_ing_3_seed1,default,44,0,-0.05000000074505806,False,"{""elapsed_time"": 4.602594375610352, ""steps_taken"": 44, ""cumulative_reward"": -0.05000000074505806}",1764285753843,1764285753.8458433
bc4e72da-c905-4010-a52d-805e9e9d6ac6,unknown,Ajl_AFDYWVZxwXMMAAAB,1764285749.2443407,0,ppo_pace_two_ing_3_seed1,default,45,0,-0.05000000074505806,False,"{""elapsed_time"": 4.70276403427124, ""steps_taken"": 45, ""cumulative_reward"": -0.05000000074505806}",1764285753944,1764285753.9460125
bc4e72da-c905-4010-a52d-805e9e9d6ac6,unknown,Ajl_AFDYWVZxwXMMAAAB,1764285749.2443407,0,ppo_pace_two_ing_3_seed1,default,46,0,-0.05000000074505806,False,"{""elapsed_time"": 4.802857398986816, ""steps_taken"": 46, ""cumulative_reward"": -0.05000000074505806}",1764285754044,1764285754.046105
bc4e72da-c905-4010-a52d-805e9e9d6ac6,unknown,Ajl_AFDYWVZxwXMMAAAB,1764285749.2443407,0,ppo_pace_two_ing_3_seed1,default,47,0,-0.05000000074505806,False,"{""elapsed_time"": 4.903009653091431, ""steps_taken"": 47, ""cumulative_reward"": -0.05000000074505806}",1764285754144,1764285754.1462579
bc4e72da-c905-4010-a52d-805e9e9d6ac6,unknown,Ajl_AFDYWVZxwXMMAAAB,1764285749.2443407,0,ppo_pace_two_ing_3_seed1,default,48,0,-0.05000000074505806,False,"{""elapsed_time"": 5.003159046173096, ""steps_taken"": 48, ""cumulative_reward"": -0.05000000074505806}",1764285754244,1764285754.246408
bc4e72da-c905-4010-a52d-805e9e9d6ac6,unknown,Ajl_AFDYWVZxwXMMAAAB,1764285749.2443407,0,ppo_pace_two_ing_3_seed1,default,49,0,-0.05000000074505806,False,"{""elapsed_time"": 5.103447675704956, ""steps_taken"": 49, ""cumulative_reward"": -0.05000000074505806}",1764285754344,1764285754.3466957
bc4e72da-c905-4010-a52d-805e9e9d6ac6,unknown,Ajl_AFDYWVZxwXMMAAAB,1764285749.2443407,0,ppo_pace_two_ing_3_seed1,default,50,0,-0.05000000074505806,False,"{""elapsed_time"": 5.203704357147217, ""steps_taken"": 50, ""cumulative_reward"": -0.05000000074505806}",1764285754444,1764285754.446953
bc4e72da-c905-4010-a52d-805e9e9d6ac6,unknown,Ajl_AFDYWVZxwXMMAAAB,1764285749.2443407,0,ppo_pace_two_ing_3_seed1,default,51,0,-0.05000000074505806,False,"{""elapsed_time"": 5.304940223693848, ""steps_taken"": 51, ""cumulative_reward"": -0.05000000074505806}",1764285754545,1764285754.548188
bc4e72da-c905-4010-a52d-805e9e9d6ac6,unknown,Ajl_AFDYWVZxwXMMAAAB,1764285749.2443407,0,ppo_pace_two_ing_3_seed1,default,52,0,-0.05000000074505806,False,"{""elapsed_time"": 5.403813123703003, ""steps_taken"": 52, ""cumulative_reward"": -0.05000000074505806}",1764285754645,1764285754.6470613
bc4e72da-c905-4010-a52d-805e9e9d6ac6,unknown,Ajl_AFDYWVZxwXMMAAAB,1764285749.2443407,0,ppo_pace_two_ing_3_seed1,default,53,0,-0.05000000074505806,False,"{""elapsed_time"": 5.504359245300293, ""steps_taken"": 53, ""cumulative_reward"": -0.05000000074505806}",1764285754745,1764285754.7476084
bc4e72da-c905-4010-a52d-805e9e9d6ac6,unknown,Ajl_AFDYWVZxwXMMAAAB,1764285749.2443407,0,ppo_pace_two_ing_3_seed1,default,54,0,-0.05000000074505806,False,"{""elapsed_time"": 5.603980302810669, ""steps_taken"": 54, ""cumulative_reward"": -0.05000000074505806}",1764285754845,1764285754.8472276
bc4e72da-c905-4010-a52d-805e9e9d6ac6,unknown,Ajl_AFDYWVZxwXMMAAAB,1764285749.2443407,0,ppo_pace_two_ing_3_seed1,default,55,0,-0.05000000074505806,False,"{""elapsed_time"": 5.704983472824097, ""steps_taken"": 55, ""cumulative_reward"": -0.05000000074505806}",1764285754945,1764285754.9482324
bc4e72da-c905-4010-a52d-805e9e9d6ac6,unknown,Ajl_AFDYWVZxwXMMAAAB,1764285749.2443407,0,ppo_pace_two_ing_3_seed1,default,56,0,-0.05000000074505806,False,"{""elapsed_time"": 5.804287910461426, ""steps_taken"": 56, ""cumulative_reward"": -0.05000000074505806}",1764285755046,1764285755.0475357
bc4e72da-c905-4010-a52d-805e9e9d6ac6,unknown,Ajl_AFDYWVZxwXMMAAAB,1764285749.2443407,0,ppo_pace_two_ing_3_seed1,default,57,0,-0.05000000074505806,False,"{""elapsed_time"": 5.904497146606445, ""steps_taken"": 57, ""cumulative_reward"": -0.05000000074505806}",1764285755146,1764285755.1477451
bc4e72da-c905-4010-a52d-805e9e9d6ac6,unknown,Ajl_AFDYWVZxwXMMAAAB,1764285749.2443407,0,ppo_pace_two_ing_3_seed1,default,58,0,-0.05000000074505806,False,"{""elapsed_time"": 6.004662990570068, ""steps_taken"": 58, ""cumulative_reward"": -0.05000000074505806}",1764285755245,1764285755.2479105
bc4e72da-c905-4010-a52d-805e9e9d6ac6,unknown,Ajl_AFDYWVZxwXMMAAAB,1764285749.2443407,0,ppo_pace_two_ing_3_seed1,default,59,0,-0.05000000074505806,False,"{""elapsed_time"": 6.104824066162109, ""steps_taken"": 59, ""cumulative_reward"": -0.05000000074505806}",1764285755345,1764285755.3480725
bc4e72da-c905-4010-a52d-805e9e9d6ac6,unknown,Ajl_AFDYWVZxwXMMAAAB,1764285749.2443407,0,ppo_pace_two_ing_3_seed1,default,60,0,-0.05000000074505806,False,"{""elapsed_time"": 6.204761981964111, ""steps_taken"": 60, ""cumulative_reward"": -0.05000000074505806}",1764285755446,1764285755.4480104
bc4e72da-c905-4010-a52d-805e9e9d6ac6,unknown,Ajl_AFDYWVZxwXMMAAAB,1764285749.2443407,0,ppo_pace_two_ing_3_seed1,default,61,0,-0.05000000074505806,False,"{""elapsed_time"": 6.304896593093872, ""steps_taken"": 61, ""cumulative_reward"": -0.05000000074505806}",1764285755546,1764285755.548145
bc4e72da-c905-4010-a52d-805e9e9d6ac6,unknown,Ajl_AFDYWVZxwXMMAAAB,1764285749.2443407,0,ppo_pace_two_ing_3_seed1,default,62,0,-0.05000000074505806,False,"{""elapsed_time"": 6.405102729797363, ""steps_taken"": 62, ""cumulative_reward"": -0.05000000074505806}",1764285755646,1764285755.6483507
bc4e72da-c905-4010-a52d-805e9e9d6ac6,unknown,Ajl_AFDYWVZxwXMMAAAB,1764285749.2443407,0,ppo_pace_two_ing_3_seed1,default,63,0,-0.05000000074505806,False,"{""elapsed_time"": 6.505794525146484, ""steps_taken"": 63, ""cumulative_reward"": -0.05000000074505806}",1764285755746,1764285755.7490442
bc4e72da-c905-4010-a52d-805e9e9d6ac6,unknown,Ajl_AFDYWVZxwXMMAAAB,1764285749.2443407,0,ppo_pace_two_ing_3_seed1,default,64,0,-0.05000000074505806,False,"{""elapsed_time"": 6.605861663818359, ""steps_taken"": 64, ""cumulative_reward"": -0.05000000074505806}",1764285755846,1764285755.849112
bc4e72da-c905-4010-a52d-805e9e9d6ac6,unknown,Ajl_AFDYWVZxwXMMAAAB,1764285749.2443407,0,ppo_pace_two_ing_3_seed1,default,65,0,-0.05000000074505806,False,"{""elapsed_time"": 6.705732107162476, ""steps_taken"": 65, ""cumulative_reward"": -0.05000000074505806}",1764285755947,1764285755.9489806
bc4e72da-c905-4010-a52d-805e9e9d6ac6,unknown,Ajl_AFDYWVZxwXMMAAAB,1764285749.2443407,0,ppo_pace_two_ing_3_seed1,default,66,0,-0.05000000074505806,False,"{""elapsed_time"": 6.805806636810303, ""steps_taken"": 66, ""cumulative_reward"": -0.05000000074505806}",1764285756047,1764285756.0490556
bc4e72da-c905-4010-a52d-805e9e9d6ac6,unknown,Ajl_AFDYWVZxwXMMAAAB,1764285749.2443407,0,ppo_pace_two_ing_3_seed1,default,67,0,-0.05000000074505806,False,"{""elapsed_time"": 6.912348508834839, ""steps_taken"": 67, ""cumulative_reward"": -0.05000000074505806}",1764285756147,1764285756.1556013
bc4e72da-c905-4010-a52d-805e9e9d6ac6,unknown,Ajl_AFDYWVZxwXMMAAAB,1764285749.2443407,0,ppo_pace_two_ing_3_seed1,default,68,0,-0.05000000074505806,False,"{""elapsed_time"": 7.005964756011963, ""steps_taken"": 68, ""cumulative_reward"": -0.05000000074505806}",1764285756247,1764285756.2492123
bc4e72da-c905-4010-a52d-805e9e9d6ac6,unknown,Ajl_AFDYWVZxwXMMAAAB,1764285749.2443407,0,ppo_pace_two_ing_3_seed1,default,69,0,-0.05000000074505806,False,"{""elapsed_time"": 7.107728719711304, ""steps_taken"": 69, ""cumulative_reward"": -0.05000000074505806}",1764285756347,1764285756.350978
bc4e72da-c905-4010-a52d-805e9e9d6ac6,unknown,Ajl_AFDYWVZxwXMMAAAB,1764285749.2443407,0,ppo_pace_two_ing_3_seed1,default,70,0,-0.05000000074505806,False,"{""elapsed_time"": 7.206825494766235, ""steps_taken"": 70, ""cumulative_reward"": -0.05000000074505806}",1764285756447,1764285756.4500766
bc4e72da-c905-4010-a52d-805e9e9d6ac6,unknown,Ajl_AFDYWVZxwXMMAAAB,1764285749.2443407,0,ppo_pace_two_ing_3_seed1,default,71,0,-0.05000000074505806,False,"{""elapsed_time"": 7.306778907775879, ""steps_taken"": 71, ""cumulative_reward"": -0.05000000074505806}",1764285756547,1764285756.5500274
bc4e72da-c905-4010-a52d-805e9e9d6ac6,unknown,Ajl_AFDYWVZxwXMMAAAB,1764285749.2443407,0,ppo_pace_two_ing_3_seed1,default,72,0,-0.05000000074505806,False,"{""elapsed_time"": 7.407695293426514, ""steps_taken"": 72, ""cumulative_reward"": -0.05000000074505806}",1764285756648,1764285756.6509469
bc4e72da-c905-4010-a52d-805e9e9d6ac6,unknown,Ajl_AFDYWVZxwXMMAAAB,1764285749.2443407,0,ppo_pace_two_ing_3_seed1,default,73,0,-0.05000000074505806,False,"{""elapsed_time"": 7.507711887359619, ""steps_taken"": 73, ""cumulative_reward"": -0.05000000074505806}",1764285756748,1764285756.7509618
bc4e72da-c905-4010-a52d-805e9e9d6ac6,unknown,Ajl_AFDYWVZxwXMMAAAB,1764285749.2443407,0,ppo_pace_two_ing_3_seed1,default,74,0,-0.05000000074505806,False,"{""elapsed_time"": 7.607114553451538, ""steps_taken"": 74, ""cumulative_reward"": -0.05000000074505806}",1764285756848,1764285756.8503633
bc4e72da-c905-4010-a52d-805e9e9d6ac6,unknown,Ajl_AFDYWVZxwXMMAAAB,1764285749.2443407,0,ppo_pace_two_ing_3_seed1,default,75,0,-0.05000000074505806,False,"{""elapsed_time"": 7.708451271057129, ""steps_taken"": 75, ""cumulative_reward"": -0.05000000074505806}",1764285756948,1764285756.951701
bc4e72da-c905-4010-a52d-805e9e9d6ac6,unknown,Ajl_AFDYWVZxwXMMAAAB,1764285749.2443407,0,ppo_pace_two_ing_3_seed1,default,76,0,-0.05000000074505806,False,"{""elapsed_time"": 7.807523965835571, ""steps_taken"": 76, ""cumulative_reward"": -0.05000000074505806}",1764285757048,1764285757.050772
bc4e72da-c905-4010-a52d-805e9e9d6ac6,unknown,Ajl_AFDYWVZxwXMMAAAB,1764285749.2443407,0,ppo_pace_two_ing_3_seed1,default,77,0,-0.05000000074505806,False,"{""elapsed_time"": 7.908741235733032, ""steps_taken"": 77, ""cumulative_reward"": -0.05000000074505806}",1764285757148,1764285757.1519926
bc4e72da-c905-4010-a52d-805e9e9d6ac6,unknown,Ajl_AFDYWVZxwXMMAAAB,1764285749.2443407,0,ppo_pace_two_ing_3_seed1,default,78,0,-0.05000000074505806,False,"{""elapsed_time"": 8.007858276367188, ""steps_taken"": 78, ""cumulative_reward"": -0.05000000074505806}",1764285757248,1764285757.2511067
bc4e72da-c905-4010-a52d-805e9e9d6ac6,unknown,Ajl_AFDYWVZxwXMMAAAB,1764285749.2443407,0,ppo_pace_two_ing_3_seed1,default,79,0,-0.05000000074505806,False,"{""elapsed_time"": 8.108068943023682, ""steps_taken"": 79, ""cumulative_reward"": -0.05000000074505806}",1764285757349,1764285757.3513172
bc4e72da-c905-4010-a52d-805e9e9d6ac6,unknown,Ajl_AFDYWVZxwXMMAAAB,1764285749.2443407,0,ppo_pace_two_ing_3_seed1,default,80,0,-0.05000000074505806,False,"{""elapsed_time"": 8.210667848587036, ""steps_taken"": 80, ""cumulative_reward"": -0.05000000074505806}",1764285757452,1764285757.453917
bc4e72da-c905-4010-a52d-805e9e9d6ac6,unknown,Ajl_AFDYWVZxwXMMAAAB,1764285749.2443407,0,ppo_pace_two_ing_3_seed1,default,81,0,-0.05000000074505806,False,"{""elapsed_time"": 8.310760259628296, ""steps_taken"": 81, ""cumulative_reward"": -0.05000000074505806}",1764285757552,1764285757.5540087
bc4e72da-c905-4010-a52d-805e9e9d6ac6,unknown,Ajl_AFDYWVZxwXMMAAAB,1764285749.2443407,0,ppo_pace_two_ing_3_seed1,default,82,0,-0.05000000074505806,False,"{""elapsed_time"": 8.411315679550171, ""steps_taken"": 82, ""cumulative_reward"": -0.05000000074505806}",1764285757652,1764285757.6545644
bc4e72da-c905-4010-a52d-805e9e9d6ac6,unknown,Ajl_AFDYWVZxwXMMAAAB,1764285749.2443407,0,ppo_pace_two_ing_3_seed1,default,83,0,-0.05000000074505806,False,"{""elapsed_time"": 8.511445045471191, ""steps_taken"": 83, ""cumulative_reward"": -0.05000000074505806}",1764285757752,1764285757.7546933
bc4e72da-c905-4010-a52d-805e9e9d6ac6,unknown,Ajl_AFDYWVZxwXMMAAAB,1764285749.2443407,0,ppo_pace_two_ing_3_seed1,default,84,0,-0.05000000074505806,False,"{""elapsed_time"": 8.611215829849243, ""steps_taken"": 84, ""cumulative_reward"": -0.05000000074505806}",1764285757852,1764285757.8544636
bc4e72da-c905-4010-a52d-805e9e9d6ac6,unknown,Ajl_AFDYWVZxwXMMAAAB,1764285749.2443407,0,ppo_pace_two_ing_3_seed1,default,85,0,-0.05000000074505806,False,"{""elapsed_time"": 8.711375713348389, ""steps_taken"": 85, ""cumulative_reward"": -0.05000000074505806}",1764285757952,1764285757.954624
bc4e72da-c905-4010-a52d-805e9e9d6ac6,unknown,Ajl_AFDYWVZxwXMMAAAB,1764285749.2443407,0,ppo_pace_two_ing_3_seed1,default,86,0,-0.05000000074505806,False,"{""elapsed_time"": 8.811676263809204, ""steps_taken"": 86, ""cumulative_reward"": -0.05000000074505806}",1764285758053,1764285758.0549245
bc4e72da-c905-4010-a52d-805e9e9d6ac6,unknown,Ajl_AFDYWVZxwXMMAAAB,1764285749.2443407,0,ppo_pace_two_ing_3_seed1,default,87,0,-0.05000000074505806,False,"{""elapsed_time"": 8.911361932754517, ""steps_taken"": 87, ""cumulative_reward"": -0.05000000074505806}",1764285758153,1764285758.1546094
bc4e72da-c905-4010-a52d-805e9e9d6ac6,unknown,Ajl_AFDYWVZxwXMMAAAB,1764285749.2443407,0,ppo_pace_two_ing_3_seed1,default,88,0,-0.05000000074505806,False,"{""elapsed_time"": 9.011568784713745, ""steps_taken"": 88, ""cumulative_reward"": -0.05000000074505806}",1764285758253,1764285758.2548175
bc4e72da-c905-4010-a52d-805e9e9d6ac6,unknown,Ajl_AFDYWVZxwXMMAAAB,1764285749.2443407,0,ppo_pace_two_ing_3_seed1,default,89,0,-0.05000000074505806,False,"{""elapsed_time"": 9.111716032028198, ""steps_taken"": 89, ""cumulative_reward"": -0.05000000074505806}",1764285758353,1764285758.3549638
bc4e72da-c905-4010-a52d-805e9e9d6ac6,unknown,Ajl_AFDYWVZxwXMMAAAB,1764285749.2443407,0,ppo_pace_two_ing_3_seed1,default,90,0,-0.05000000074505806,False,"{""elapsed_time"": 9.21192193031311, ""steps_taken"": 90, ""cumulative_reward"": -0.05000000074505806}",1764285758452,1764285758.4551718
bc4e72da-c905-4010-a52d-805e9e9d6ac6,unknown,Ajl_AFDYWVZxwXMMAAAB,1764285749.2443407,0,ppo_pace_two_ing_3_seed1,default,91,0,-0.05000000074505806,False,"{""elapsed_time"": 9.312418937683105, ""steps_taken"": 91, ""cumulative_reward"": -0.05000000074505806}",1764285758553,1764285758.5556676
bc4e72da-c905-4010-a52d-805e9e9d6ac6,unknown,Ajl_AFDYWVZxwXMMAAAB,1764285749.2443407,0,ppo_pace_two_ing_3_seed1,default,92,0,-0.05000000074505806,False,"{""elapsed_time"": 9.411996364593506, ""steps_taken"": 92, ""cumulative_reward"": -0.05000000074505806}",1764285758653,1764285758.655245
bc4e72da-c905-4010-a52d-805e9e9d6ac6,unknown,Ajl_AFDYWVZxwXMMAAAB,1764285749.2443407,0,ppo_pace_two_ing_3_seed1,default,93,0,-0.05000000074505806,False,"{""elapsed_time"": 9.512129545211792, ""steps_taken"": 93, ""cumulative_reward"": -0.05000000074505806}",1764285758753,1764285758.7553778
bc4e72da-c905-4010-a52d-805e9e9d6ac6,unknown,Ajl_AFDYWVZxwXMMAAAB,1764285749.2443407,0,ppo_pace_two_ing_3_seed1,default,94,0,-0.05000000074505806,False,"{""elapsed_time"": 9.612573623657227, ""steps_taken"": 94, ""cumulative_reward"": -0.05000000074505806}",1764285758854,1764285758.8558245
bc4e72da-c905-4010-a52d-805e9e9d6ac6,unknown,Ajl_AFDYWVZxwXMMAAAB,1764285749.2443407,0,ppo_pace_two_ing_3_seed1,default,95,0,-0.05000000074505806,False,"{""elapsed_time"": 9.712678670883179, ""steps_taken"": 95, ""cumulative_reward"": -0.05000000074505806}",1764285758953,1764285758.9559278
bc4e72da-c905-4010-a52d-805e9e9d6ac6,unknown,Ajl_AFDYWVZxwXMMAAAB,1764285749.2443407,0,ppo_pace_two_ing_3_seed1,default,96,0,-0.05000000074505806,False,"{""elapsed_time"": 9.812511682510376, ""steps_taken"": 96, ""cumulative_reward"": -0.05000000074505806}",1764285759054,1764285759.05576
bc4e72da-c905-4010-a52d-805e9e9d6ac6,unknown,Ajl_AFDYWVZxwXMMAAAB,1764285749.2443407,0,ppo_pace_two_ing_3_seed1,default,97,0,-0.05000000074505806,False,"{""elapsed_time"": 9.912622690200806, ""steps_taken"": 97, ""cumulative_reward"": -0.05000000074505806}",1764285759154,1764285759.1558702
bc4e72da-c905-4010-a52d-805e9e9d6ac6,unknown,Ajl_AFDYWVZxwXMMAAAB,1764285749.2443407,0,ppo_pace_two_ing_3_seed1,default,98,0,-0.05000000074505806,False,"{""elapsed_time"": 10.012749910354614, ""steps_taken"": 98, ""cumulative_reward"": -0.05000000074505806}",1764285759253,1764285759.2559984
bc4e72da-c905-4010-a52d-805e9e9d6ac6,unknown,Ajl_AFDYWVZxwXMMAAAB,1764285749.2443407,0,ppo_pace_two_ing_3_seed1,default,99,0,-0.05000000074505806,False,"{""elapsed_time"": 10.113042116165161, ""steps_taken"": 99, ""cumulative_reward"": -0.05000000074505806}",1764285759354,1764285759.3562899
bc4e72da-c905-4010-a52d-805e9e9d6ac6,unknown,Ajl_AFDYWVZxwXMMAAAB,1764285749.2443407,0,ppo_pace_two_ing_3_seed1,default,100,0,-0.05000000074505806,False,"{""elapsed_time"": 10.221834659576416, ""steps_taken"": 100, ""cumulative_reward"": -0.05000000074505806}",1764285759462,1764285759.4650855
bc4e72da-c905-4010-a52d-805e9e9d6ac6,unknown,Ajl_AFDYWVZxwXMMAAAB,1764285749.2443407,0,ppo_pace_two_ing_3_seed1,default,101,0,-0.05000000074505806,False,"{""elapsed_time"": 10.320749759674072, ""steps_taken"": 101, ""cumulative_reward"": -0.05000000074505806}",1764285759562,1764285759.5639977
bc4e72da-c905-4010-a52d-805e9e9d6ac6,unknown,Ajl_AFDYWVZxwXMMAAAB,1764285749.2443407,0,ppo_pace_two_ing_3_seed1,default,102,0,-0.05000000074505806,False,"{""elapsed_time"": 10.420948266983032, ""steps_taken"": 102, ""cumulative_reward"": -0.05000000074505806}",1764285759662,1764285759.6641965
bc4e72da-c905-4010-a52d-805e9e9d6ac6,unknown,Ajl_AFDYWVZxwXMMAAAB,1764285749.2443407,0,ppo_pace_two_ing_3_seed1,default,103,0,-0.05000000074505806,False,"{""elapsed_time"": 10.522646188735962, ""steps_taken"": 103, ""cumulative_reward"": -0.05000000074505806}",1764285759763,1764285759.7658954
bc4e72da-c905-4010-a52d-805e9e9d6ac6,unknown,Ajl_AFDYWVZxwXMMAAAB,1764285749.2443407,0,ppo_pace_two_ing_3_seed1,default,104,0,-0.05000000074505806,False,"{""elapsed_time"": 10.621155023574829, ""steps_taken"": 104, ""cumulative_reward"": -0.05000000074505806}",1764285759862,1764285759.8644028
bc4e72da-c905-4010-a52d-805e9e9d6ac6,unknown,Ajl_AFDYWVZxwXMMAAAB,1764285749.2443407,0,ppo_pace_two_ing_3_seed1,default,105,0,-0.05000000074505806,False,"{""elapsed_time"": 10.722756385803223, ""steps_taken"": 105, ""cumulative_reward"": -0.05000000074505806}",1764285759963,1764285759.9660056
bc4e72da-c905-4010-a52d-805e9e9d6ac6,unknown,Ajl_AFDYWVZxwXMMAAAB,1764285749.2443407,0,ppo_pace_two_ing_3_seed1,default,106,0,-0.05000000074505806,False,"{""elapsed_time"": 10.821358442306519, ""steps_taken"": 106, ""cumulative_reward"": -0.05000000074505806}",1764285760062,1764285760.064606
bc4e72da-c905-4010-a52d-805e9e9d6ac6,unknown,Ajl_AFDYWVZxwXMMAAAB,1764285749.2443407,0,ppo_pace_two_ing_3_seed1,default,107,0,-0.05000000074505806,False,"{""elapsed_time"": 10.921796321868896, ""steps_taken"": 107, ""cumulative_reward"": -0.05000000074505806}",1764285760163,1764285760.1650443
bc4e72da-c905-4010-a52d-805e9e9d6ac6,unknown,Ajl_AFDYWVZxwXMMAAAB,1764285749.2443407,0,ppo_pace_two_ing_3_seed1,default,108,0,-0.05000000074505806,False,"{""elapsed_time"": 11.021644115447998, ""steps_taken"": 108, ""cumulative_reward"": -0.05000000074505806}",1764285760263,1764285760.2648919
bc4e72da-c905-4010-a52d-805e9e9d6ac6,unknown,Ajl_AFDYWVZxwXMMAAAB,1764285749.2443407,0,ppo_pace_two_ing_3_seed1,default,109,0,-0.05000000074505806,False,"{""elapsed_time"": 11.122175931930542, ""steps_taken"": 109, ""cumulative_reward"": -0.05000000074505806}",1764285760363,1764285760.3654244
bc4e72da-c905-4010-a52d-805e9e9d6ac6,unknown,Ajl_AFDYWVZxwXMMAAAB,1764285749.2443407,0,ppo_pace_two_ing_3_seed1,default,110,0,-0.05000000074505806,False,"{""elapsed_time"": 11.221889734268188, ""steps_taken"": 110, ""cumulative_reward"": -0.05000000074505806}",1764285760463,1764285760.4651387
bc4e72da-c905-4010-a52d-805e9e9d6ac6,unknown,Ajl_AFDYWVZxwXMMAAAB,1764285749.2443407,0,ppo_pace_two_ing_3_seed1,default,111,0,-0.05000000074505806,False,"{""elapsed_time"": 11.321951627731323, ""steps_taken"": 111, ""cumulative_reward"": -0.05000000074505806}",1764285760563,1764285760.5651991
bc4e72da-c905-4010-a52d-805e9e9d6ac6,unknown,Ajl_AFDYWVZxwXMMAAAB,1764285749.2443407,0,ppo_pace_two_ing_3_seed1,default,112,0,-0.05000000074505806,False,"{""elapsed_time"": 11.423377275466919, ""steps_taken"": 112, ""cumulative_reward"": -0.05000000074505806}",1764285760663,1764285760.6666296
bc4e72da-c905-4010-a52d-805e9e9d6ac6,unknown,Ajl_AFDYWVZxwXMMAAAB,1764285749.2443407,0,ppo_pace_two_ing_3_seed1,default,113,0,-0.05000000074505806,False,"{""elapsed_time"": 11.522095918655396, ""steps_taken"": 113, ""cumulative_reward"": -0.05000000074505806}",1764285760764,1764285760.765344
bc4e72da-c905-4010-a52d-805e9e9d6ac6,unknown,Ajl_AFDYWVZxwXMMAAAB,1764285749.2443407,0,ppo_pace_two_ing_3_seed1,default,114,0,-0.05000000074505806,False,"{""elapsed_time"": 11.622267246246338, ""steps_taken"": 114, ""cumulative_reward"": -0.05000000074505806}",1764285760863,1764285760.865516
bc4e72da-c905-4010-a52d-805e9e9d6ac6,unknown,Ajl_AFDYWVZxwXMMAAAB,1764285749.2443407,0,ppo_pace_two_ing_3_seed1,default,115,0,-0.05000000074505806,False,"{""elapsed_time"": 11.723908424377441, ""steps_taken"": 115, ""cumulative_reward"": -0.05000000074505806}",1764285760964,1764285760.9671602
bc4e72da-c905-4010-a52d-805e9e9d6ac6,unknown,Ajl_AFDYWVZxwXMMAAAB,1764285749.2443407,0,ppo_pace_two_ing_3_seed1,default,116,0,-0.05000000074505806,False,"{""elapsed_time"": 11.824238300323486, ""steps_taken"": 116, ""cumulative_reward"": -0.05000000074505806}",1764285761063,1764285761.0674906
bc4e72da-c905-4010-a52d-805e9e9d6ac6,unknown,Ajl_AFDYWVZxwXMMAAAB,1764285749.2443407,0,ppo_pace_two_ing_3_seed1,default,117,0,-0.05000000074505806,False,"{""elapsed_time"": 11.924332618713379, ""steps_taken"": 117, ""cumulative_reward"": -0.05000000074505806}",1764285761164,1764285761.1675844
bc4e72da-c905-4010-a52d-805e9e9d6ac6,unknown,Ajl_AFDYWVZxwXMMAAAB,1764285749.2443407,0,ppo_pace_two_ing_3_seed1,default,118,0,-0.05000000074505806,False,"{""elapsed_time"": 12.024351835250854, ""steps_taken"": 118, ""cumulative_reward"": -0.05000000074505806}",1764285761263,1764285761.2676015
bc4e72da-c905-4010-a52d-805e9e9d6ac6,unknown,Ajl_AFDYWVZxwXMMAAAB,1764285749.2443407,0,ppo_pace_two_ing_3_seed1,default,119,0,-0.05000000074505806,False,"{""elapsed_time"": 12.122987270355225, ""steps_taken"": 119, ""cumulative_reward"": -0.05000000074505806}",1764285761364,1764285761.3662362
bc4e72da-c905-4010-a52d-805e9e9d6ac6,unknown,Ajl_AFDYWVZxwXMMAAAB,1764285749.2443407,0,ppo_pace_two_ing_3_seed1,default,120,0,-0.05000000074505806,False,"{""elapsed_time"": 12.23099422454834, ""steps_taken"": 120, ""cumulative_reward"": -0.05000000074505806}",1764285761472,1764285761.4742439
bc4e72da-c905-4010-a52d-805e9e9d6ac6,unknown,Ajl_AFDYWVZxwXMMAAAB,1764285749.2443407,0,ppo_pace_two_ing_3_seed1,default,121,0,-0.05000000074505806,False,"{""elapsed_time"": 12.330333471298218, ""steps_taken"": 121, ""cumulative_reward"": -0.05000000074505806}",1764285761572,1764285761.5735822
bc4e72da-c905-4010-a52d-805e9e9d6ac6,unknown,Ajl_AFDYWVZxwXMMAAAB,1764285749.2443407,0,ppo_pace_two_ing_3_seed1,default,122,0,-0.05000000074505806,False,"{""elapsed_time"": 12.430493116378784, ""steps_taken"": 122, ""cumulative_reward"": -0.05000000074505806}",1764285761672,1764285761.673741
bc4e72da-c905-4010-a52d-805e9e9d6ac6,unknown,Ajl_AFDYWVZxwXMMAAAB,1764285749.2443407,0,ppo_pace_two_ing_3_seed1,default,123,0,-0.05000000074505806,False,"{""elapsed_time"": 12.530652046203613, ""steps_taken"": 123, ""cumulative_reward"": -0.05000000074505806}",1764285761772,1764285761.7738998
bc4e72da-c905-4010-a52d-805e9e9d6ac6,unknown,Ajl_AFDYWVZxwXMMAAAB,1764285749.2443407,0,ppo_pace_two_ing_3_seed1,default,124,0,-0.05000000074505806,False,"{""elapsed_time"": 12.630785465240479, ""steps_taken"": 124, ""cumulative_reward"": -0.05000000074505806}",1764285761871,1764285761.8740335
bc4e72da-c905-4010-a52d-805e9e9d6ac6,unknown,Ajl_AFDYWVZxwXMMAAAB,1764285749.2443407,0,ppo_pace_two_ing_3_seed1,default,125,0,-0.05000000074505806,False,"{""elapsed_time"": 12.730886220932007, ""steps_taken"": 125, ""cumulative_reward"": -0.05000000074505806}",1764285761972,1764285761.9741342
bc4e72da-c905-4010-a52d-805e9e9d6ac6,unknown,Ajl_AFDYWVZxwXMMAAAB,1764285749.2443407,0,ppo_pace_two_ing_3_seed1,default,126,0,-0.05000000074505806,False,"{""elapsed_time"": 12.831317663192749, ""steps_taken"": 126, ""cumulative_reward"": -0.05000000074505806}",1764285762073,1764285762.0745656
bc4e72da-c905-4010-a52d-805e9e9d6ac6,unknown,Ajl_AFDYWVZxwXMMAAAB,1764285749.2443407,0,ppo_pace_two_ing_3_seed1,default,127,0,-0.05000000074505806,False,"{""elapsed_time"": 12.931068181991577, ""steps_taken"": 127, ""cumulative_reward"": -0.05000000074505806}",1764285762172,1764285762.174316
bc4e72da-c905-4010-a52d-805e9e9d6ac6,unknown,Ajl_AFDYWVZxwXMMAAAB,1764285749.2443407,0,ppo_pace_two_ing_3_seed1,default,128,0,-0.05000000074505806,False,"{""elapsed_time"": 13.031262874603271, ""steps_taken"": 128, ""cumulative_reward"": -0.05000000074505806}",1764285762272,1764285762.2745104
bc4e72da-c905-4010-a52d-805e9e9d6ac6,unknown,Ajl_AFDYWVZxwXMMAAAB,1764285749.2443407,0,ppo_pace_two_ing_3_seed1,default,129,0,-0.05000000074505806,False,"{""elapsed_time"": 13.13215446472168, ""steps_taken"": 129, ""cumulative_reward"": -0.05000000074505806}",1764285762372,1764285762.3754027
bc4e72da-c905-4010-a52d-805e9e9d6ac6,unknown,Ajl_AFDYWVZxwXMMAAAB,1764285749.2443407,0,ppo_pace_two_ing_3_seed1,default,130,0,-0.05000000074505806,False,"{""elapsed_time"": 13.23158073425293, ""steps_taken"": 130, ""cumulative_reward"": -0.05000000074505806}",1764285762472,1764285762.4748297
bc4e72da-c905-4010-a52d-805e9e9d6ac6,unknown,Ajl_AFDYWVZxwXMMAAAB,1764285749.2443407,0,ppo_pace_two_ing_3_seed1,default,131,0,-0.05000000074505806,False,"{""elapsed_time"": 13.33152174949646, ""steps_taken"": 131, ""cumulative_reward"": -0.05000000074505806}",1764285762572,1764285762.5747702
bc4e72da-c905-4010-a52d-805e9e9d6ac6,unknown,Ajl_AFDYWVZxwXMMAAAB,1764285749.2443407,0,ppo_pace_two_ing_3_seed1,default,132,0,-0.05000000074505806,False,"{""elapsed_time"": 13.433629989624023, ""steps_taken"": 132, ""cumulative_reward"": -0.05000000074505806}",1764285762673,1764285762.6768785
bc4e72da-c905-4010-a52d-805e9e9d6ac6,unknown,Ajl_AFDYWVZxwXMMAAAB,1764285749.2443407,0,ppo_pace_two_ing_3_seed1,default,133,0,-0.05000000074505806,False,"{""elapsed_time"": 13.532159805297852, ""steps_taken"": 133, ""cumulative_reward"": -0.05000000074505806}",1764285762773,1764285762.775408
bc4e72da-c905-4010-a52d-805e9e9d6ac6,unknown,Ajl_AFDYWVZxwXMMAAAB,1764285749.2443407,0,ppo_pace_two_ing_3_seed1,default,134,0,-0.05000000074505806,False,"{""elapsed_time"": 13.633629560470581, ""steps_taken"": 134, ""cumulative_reward"": -0.05000000074505806}",1764285762873,1764285762.8768806
bc4e72da-c905-4010-a52d-805e9e9d6ac6,unknown,Ajl_AFDYWVZxwXMMAAAB,1764285749.2443407,0,ppo_pace_two_ing_3_seed1,default,135,0,-0.05000000074505806,False,"{""elapsed_time"": 13.734066009521484, ""steps_taken"": 135, ""cumulative_reward"": -0.05000000074505806}",1764285762973,1764285762.9773192
bc4e72da-c905-4010-a52d-805e9e9d6ac6,unknown,Ajl_AFDYWVZxwXMMAAAB,1764285749.2443407,0,ppo_pace_two_ing_3_seed1,default,136,0,-0.05000000074505806,False,"{""elapsed_time"": 13.832242727279663, ""steps_taken"": 136, ""cumulative_reward"": -0.05000000074505806}",1764285763073,1764285763.0754912
bc4e72da-c905-4010-a52d-805e9e9d6ac6,unknown,Ajl_AFDYWVZxwXMMAAAB,1764285749.2443407,0,ppo_pace_two_ing_3_seed1,default,137,0,-0.05000000074505806,False,"{""elapsed_time"": 13.933240413665771, ""steps_taken"": 137, ""cumulative_reward"": -0.05000000074505806}",1764285763174,1764285763.1764884
bc4e72da-c905-4010-a52d-805e9e9d6ac6,unknown,Ajl_AFDYWVZxwXMMAAAB,1764285749.2443407,0,ppo_pace_two_ing_3_seed1,default,138,0,-0.05000000074505806,False,"{""elapsed_time"": 14.032527923583984, ""steps_taken"": 138, ""cumulative_reward"": -0.05000000074505806}",1764285763274,1764285763.2757757
bc4e72da-c905-4010-a52d-805e9e9d6ac6,unknown,Ajl_AFDYWVZxwXMMAAAB,1764285749.2443407,0,ppo_pace_two_ing_3_seed1,default,139,0,-0.05000000074505806,False,"{""elapsed_time"": 14.132794618606567, ""steps_taken"": 139, ""cumulative_reward"": -0.05000000074505806}",1764285763374,1764285763.3760438
bc4e72da-c905-4010-a52d-805e9e9d6ac6,unknown,Ajl_AFDYWVZxwXMMAAAB,1764285749.2443407,0,ppo_pace_two_ing_3_seed1,default,140,0,-0.05000000074505806,False,"{""elapsed_time"": 14.233403444290161, ""steps_taken"": 140, ""cumulative_reward"": -0.05000000074505806}",1764285763473,1764285763.4766548
bc4e72da-c905-4010-a52d-805e9e9d6ac6,unknown,Ajl_AFDYWVZxwXMMAAAB,1764285749.2443407,0,ppo_pace_two_ing_3_seed1,default,141,0,-0.05000000074505806,False,"{""elapsed_time"": 14.33299469947815, ""steps_taken"": 141, ""cumulative_reward"": -0.05000000074505806}",1764285763574,1764285763.576243
bc4e72da-c905-4010-a52d-805e9e9d6ac6,unknown,Ajl_AFDYWVZxwXMMAAAB,1764285749.2443407,0,ppo_pace_two_ing_3_seed1,default,142,0,-0.05000000074505806,False,"{""elapsed_time"": 14.433021783828735, ""steps_taken"": 142, ""cumulative_reward"": -0.05000000074505806}",1764285763675,1764285763.6762698
bc4e72da-c905-4010-a52d-805e9e9d6ac6,unknown,Ajl_AFDYWVZxwXMMAAAB,1764285749.2443407,0,ppo_pace_two_ing_3_seed1,default,143,0,-0.05000000074505806,False,"{""elapsed_time"": 14.533141851425171, ""steps_taken"": 143, ""cumulative_reward"": -0.05000000074505806}",1764285763774,1764285763.7763896
bc4e72da-c905-4010-a52d-805e9e9d6ac6,unknown,Ajl_AFDYWVZxwXMMAAAB,1764285749.2443407,0,ppo_pace_two_ing_3_seed1,default,144,0,-0.05000000074505806,False,"{""elapsed_time"": 14.633311033248901, ""steps_taken"": 144, ""cumulative_reward"": -0.05000000074505806}",1764285763874,1764285763.8765593
bc4e72da-c905-4010-a52d-805e9e9d6ac6,unknown,Ajl_AFDYWVZxwXMMAAAB,1764285749.2443407,0,ppo_pace_two_ing_3_seed1,default,145,0,-0.05000000074505806,False,"{""elapsed_time"": 14.733642101287842, ""steps_taken"": 145, ""cumulative_reward"": -0.05000000074505806}",1764285763974,1764285763.9768903
bc4e72da-c905-4010-a52d-805e9e9d6ac6,unknown,Ajl_AFDYWVZxwXMMAAAB,1764285749.2443407,0,ppo_pace_two_ing_3_seed1,default,146,0,-0.05000000074505806,False,"{""elapsed_time"": 14.835153102874756, ""steps_taken"": 146, ""cumulative_reward"": -0.05000000074505806}",1764285764074,1764285764.0784047
bc4e72da-c905-4010-a52d-805e9e9d6ac6,unknown,Ajl_AFDYWVZxwXMMAAAB,1764285749.2443407,0,ppo_pace_two_ing_3_seed1,default,147,0,-0.05000000074505806,False,"{""elapsed_time"": 14.935351371765137, ""steps_taken"": 147, ""cumulative_reward"": -0.05000000074505806}",1764285764175,1764285764.178604
bc4e72da-c905-4010-a52d-805e9e9d6ac6,unknown,Ajl_AFDYWVZxwXMMAAAB,1764285749.2443407,0,ppo_pace_two_ing_3_seed1,default,148,0,-0.05000000074505806,False,"{""elapsed_time"": 15.034420251846313, ""steps_taken"": 148, ""cumulative_reward"": -0.05000000074505806}",1764285764275,1764285764.277668
bc4e72da-c905-4010-a52d-805e9e9d6ac6,unknown,Ajl_AFDYWVZxwXMMAAAB,1764285749.2443407,0,ppo_pace_two_ing_3_seed1,default,149,0,-0.05000000074505806,False,"{""elapsed_time"": 15.135724067687988, ""steps_taken"": 149, ""cumulative_reward"": -0.05000000074505806}",1764285764375,1764285764.3789754
bc4e72da-c905-4010-a52d-805e9e9d6ac6,unknown,Ajl_AFDYWVZxwXMMAAAB,1764285749.2443407,0,ppo_pace_two_ing_3_seed1,default,150,0,-0.05000000074505806,False,"{""elapsed_time"": 15.236329793930054, ""steps_taken"": 150, ""cumulative_reward"": -0.05000000074505806}",1764285764475,1764285764.4795835
bc4e72da-c905-4010-a52d-805e9e9d6ac6,unknown,Ajl_AFDYWVZxwXMMAAAB,1764285749.2443407,0,ppo_pace_two_ing_3_seed1,default,151,0,-0.05000000074505806,False,"{""elapsed_time"": 15.334270238876343, ""steps_taken"": 151, ""cumulative_reward"": -0.05000000074505806}",1764285764575,1764285764.577518
bc4e72da-c905-4010-a52d-805e9e9d6ac6,unknown,Ajl_AFDYWVZxwXMMAAAB,1764285749.2443407,0,ppo_pace_two_ing_3_seed1,default,152,0,-0.05000000074505806,False,"{""elapsed_time"": 15.434433937072754, ""steps_taken"": 152, ""cumulative_reward"": -0.05000000074505806}",1764285764675,1764285764.677682
bc4e72da-c905-4010-a52d-805e9e9d6ac6,unknown,Ajl_AFDYWVZxwXMMAAAB,1764285749.2443407,0,ppo_pace_two_ing_3_seed1,default,153,0,-0.05000000074505806,False,"{""elapsed_time"": 15.53619122505188, ""steps_taken"": 153, ""cumulative_reward"": -0.05000000074505806}",1764285764776,1764285764.7794447
bc4e72da-c905-4010-a52d-805e9e9d6ac6,unknown,Ajl_AFDYWVZxwXMMAAAB,1764285749.2443407,0,ppo_pace_two_ing_3_seed1,default,154,0,-0.05000000074505806,False,"{""elapsed_time"": 15.63562536239624, ""steps_taken"": 154, ""cumulative_reward"": -0.05000000074505806}",1764285764876,1764285764.878874
bc4e72da-c905-4010-a52d-805e9e9d6ac6,unknown,Ajl_AFDYWVZxwXMMAAAB,1764285749.2443407,0,ppo_pace_two_ing_3_seed1,default,155,0,-0.05000000074505806,False,"{""elapsed_time"": 15.734769582748413, ""steps_taken"": 155, ""cumulative_reward"": -0.05000000074505806}",1764285764976,1764285764.9780183
bc4e72da-c905-4010-a52d-805e9e9d6ac6,unknown,Ajl_AFDYWVZxwXMMAAAB,1764285749.2443407,0,ppo_pace_two_ing_3_seed1,default,156,0,-0.05000000074505806,False,"{""elapsed_time"": 15.835967779159546, ""steps_taken"": 156, ""cumulative_reward"": -0.05000000074505806}",1764285765076,1764285765.0792198
bc4e72da-c905-4010-a52d-805e9e9d6ac6,unknown,Ajl_AFDYWVZxwXMMAAAB,1764285749.2443407,0,ppo_pace_two_ing_3_seed1,default,157,0,-0.05000000074505806,False,"{""elapsed_time"": 15.936943769454956, ""steps_taken"": 157, ""cumulative_reward"": -0.05000000074505806}",1764285765176,1764285765.1801944
bc4e72da-c905-4010-a52d-805e9e9d6ac6,unknown,Ajl_AFDYWVZxwXMMAAAB,1764285749.2443407,0,ppo_pace_two_ing_3_seed1,default,158,0,-0.05000000074505806,False,"{""elapsed_time"": 16.035441398620605, ""steps_taken"": 158, ""cumulative_reward"": -0.05000000074505806}",1764285765276,1764285765.278691
bc4e72da-c905-4010-a52d-805e9e9d6ac6,unknown,Ajl_AFDYWVZxwXMMAAAB,1764285749.2443407,0,ppo_pace_two_ing_3_seed1,default,159,0,-0.05000000074505806,False,"{""elapsed_time"": 16.14058542251587, ""steps_taken"": 159, ""cumulative_reward"": -0.05000000074505806}",1764285765378,1764285765.3838367
bc4e72da-c905-4010-a52d-805e9e9d6ac6,unknown,Ajl_AFDYWVZxwXMMAAAB,1764285749.2443407,0,ppo_pace_two_ing_3_seed1,default,160,0,-0.05000000074505806,False,"{""elapsed_time"": 16.236943006515503, ""steps_taken"": 160, ""cumulative_reward"": -0.05000000074505806}",1764285765477,1764285765.4801924
bc4e72da-c905-4010-a52d-805e9e9d6ac6,unknown,Ajl_AFDYWVZxwXMMAAAB,1764285749.2443407,0,ppo_pace_two_ing_3_seed1,default,161,0,-0.05000000074505806,False,"{""elapsed_time"": 16.337875366210938, ""steps_taken"": 161, ""cumulative_reward"": -0.05000000074505806}",1764285765578,1764285765.5811243
bc4e72da-c905-4010-a52d-805e9e9d6ac6,unknown,Ajl_AFDYWVZxwXMMAAAB,1764285749.2443407,0,ppo_pace_two_ing_3_seed1,default,162,0,-0.05000000074505806,False,"{""elapsed_time"": 16.437580585479736, ""steps_taken"": 162, ""cumulative_reward"": -0.05000000074505806}",1764285765679,1764285765.6808295
bc4e72da-c905-4010-a52d-805e9e9d6ac6,unknown,Ajl_AFDYWVZxwXMMAAAB,1764285749.2443407,0,ppo_pace_two_ing_3_seed1,default,163,0,-0.05000000074505806,False,"{""elapsed_time"": 16.53815269470215, ""steps_taken"": 163, ""cumulative_reward"": -0.05000000074505806}",1764285765779,1764285765.7814019
bc4e72da-c905-4010-a52d-805e9e9d6ac6,unknown,Ajl_AFDYWVZxwXMMAAAB,1764285749.2443407,0,ppo_pace_two_ing_3_seed1,default,164,0,-0.05000000074505806,False,"{""elapsed_time"": 16.637596607208252, ""steps_taken"": 164, ""cumulative_reward"": -0.05000000074505806}",1764285765879,1764285765.880845
bc4e72da-c905-4010-a52d-805e9e9d6ac6,unknown,Ajl_AFDYWVZxwXMMAAAB,1764285749.2443407,0,ppo_pace_two_ing_3_seed1,default,165,0,-0.05000000074505806,False,"{""elapsed_time"": 16.738959312438965, ""steps_taken"": 165, ""cumulative_reward"": -0.05000000074505806}",1764285765979,1764285765.9822085
bc4e72da-c905-4010-a52d-805e9e9d6ac6,unknown,Ajl_AFDYWVZxwXMMAAAB,1764285749.2443407,0,ppo_pace_two_ing_3_seed1,default,166,0,-0.05000000074505806,False,"{""elapsed_time"": 16.837898015975952, ""steps_taken"": 166, ""cumulative_reward"": -0.05000000074505806}",1764285766079,1764285766.081146
bc4e72da-c905-4010-a52d-805e9e9d6ac6,unknown,Ajl_AFDYWVZxwXMMAAAB,1764285749.2443407,0,ppo_pace_two_ing_3_seed1,default,167,0,-0.05000000074505806,False,"{""elapsed_time"": 16.940056085586548, ""steps_taken"": 167, ""cumulative_reward"": -0.05000000074505806}",1764285766179,1764285766.1833088
bc4e72da-c905-4010-a52d-805e9e9d6ac6,unknown,Ajl_AFDYWVZxwXMMAAAB,1764285749.2443407,0,ppo_pace_two_ing_3_seed1,default,168,0,-0.05000000074505806,False,"{""elapsed_time"": 17.039840698242188, ""steps_taken"": 168, ""cumulative_reward"": -0.05000000074505806}",1764285766280,1764285766.28309
bc4e72da-c905-4010-a52d-805e9e9d6ac6,unknown,Ajl_AFDYWVZxwXMMAAAB,1764285749.2443407,0,ppo_pace_two_ing_3_seed1,default,169,0,-0.05000000074505806,False,"{""elapsed_time"": 17.13833212852478, ""steps_taken"": 169, ""cumulative_reward"": -0.05000000074505806}",1764285766380,1764285766.3815799
bc4e72da-c905-4010-a52d-805e9e9d6ac6,unknown,Ajl_AFDYWVZxwXMMAAAB,1764285749.2443407,0,ppo_pace_two_ing_3_seed1,default,170,0,-0.05000000074505806,False,"{""elapsed_time"": 17.23892617225647, ""steps_taken"": 170, ""cumulative_reward"": -0.05000000074505806}",1764285766479,1764285766.4821744
bc4e72da-c905-4010-a52d-805e9e9d6ac6,unknown,Ajl_AFDYWVZxwXMMAAAB,1764285749.2443407,0,ppo_pace_two_ing_3_seed1,default,171,0,-0.05000000074505806,False,"{""elapsed_time"": 17.33918285369873, ""steps_taken"": 171, ""cumulative_reward"": -0.05000000074505806}",1764285766579,1764285766.5824325
bc4e72da-c905-4010-a52d-805e9e9d6ac6,unknown,Ajl_AFDYWVZxwXMMAAAB,1764285749.2443407,0,ppo_pace_two_ing_3_seed1,default,172,0,-0.05000000074505806,False,"{""elapsed_time"": 17.43930697441101, ""steps_taken"": 172, ""cumulative_reward"": -0.05000000074505806}",1764285766679,1764285766.6825547
bc4e72da-c905-4010-a52d-805e9e9d6ac6,unknown,Ajl_AFDYWVZxwXMMAAAB,1764285749.2443407,0,ppo_pace_two_ing_3_seed1,default,173,0,-0.05000000074505806,False,"{""elapsed_time"": 17.539052486419678, ""steps_taken"": 173, ""cumulative_reward"": -0.05000000074505806}",1764285766780,1764285766.7823014
bc4e72da-c905-4010-a52d-805e9e9d6ac6,unknown,Ajl_AFDYWVZxwXMMAAAB,1764285749.2443407,0,ppo_pace_two_ing_3_seed1,default,174,0,-0.05000000074505806,False,"{""elapsed_time"": 17.63974356651306, ""steps_taken"": 174, ""cumulative_reward"": -0.05000000074505806}",1764285766880,1764285766.8829918
bc4e72da-c905-4010-a52d-805e9e9d6ac6,unknown,Ajl_AFDYWVZxwXMMAAAB,1764285749.2443407,0,ppo_pace_two_ing_3_seed1,default,175,0,-0.05000000074505806,False,"{""elapsed_time"": 17.739890813827515, ""steps_taken"": 175, ""cumulative_reward"": -0.05000000074505806}",1764285766981,1764285766.9831386
bc4e72da-c905-4010-a52d-805e9e9d6ac6,unknown,Ajl_AFDYWVZxwXMMAAAB,1764285749.2443407,0,ppo_pace_two_ing_3_seed1,default,176,0,-0.05000000074505806,False,"{""elapsed_time"": 17.839772939682007, ""steps_taken"": 176, ""cumulative_reward"": -0.05000000074505806}",1764285767081,1764285767.0830216
bc4e72da-c905-4010-a52d-805e9e9d6ac6,unknown,Ajl_AFDYWVZxwXMMAAAB,1764285749.2443407,0,ppo_pace_two_ing_3_seed1,default,177,0,-0.05000000074505806,False,"{""elapsed_time"": 17.940162181854248, ""steps_taken"": 177, ""cumulative_reward"": -0.05000000074505806}",1764285767181,1764285767.1834102
bc4e72da-c905-4010-a52d-805e9e9d6ac6,unknown,Ajl_AFDYWVZxwXMMAAAB,1764285749.2443407,0,ppo_pace_two_ing_3_seed1,default,178,0,-0.05000000074505806,False,"{""elapsed_time"": 18.040226221084595, ""steps_taken"": 178, ""cumulative_reward"": -0.05000000074505806}",1764285767281,1764285767.2834737
bc4e72da-c905-4010-a52d-805e9e9d6ac6,unknown,Ajl_AFDYWVZxwXMMAAAB,1764285749.2443407,0,ppo_pace_two_ing_3_seed1,default,179,0,-0.05000000074505806,False,"{""elapsed_time"": 18.140538215637207, ""steps_taken"": 179, ""cumulative_reward"": -0.05000000074505806}",1764285767381,1764285767.3837864
bc4e72da-c905-4010-a52d-805e9e9d6ac6,unknown,Ajl_AFDYWVZxwXMMAAAB,1764285749.2443407,0,ppo_pace_two_ing_3_seed1,default,180,0,-0.05000000074505806,False,"{""elapsed_time"": 18.24114990234375, ""steps_taken"": 180, ""cumulative_reward"": -0.05000000074505806}",1764285767481,1764285767.4843984
bc4e72da-c905-4010-a52d-805e9e9d6ac6,unknown,Ajl_AFDYWVZxwXMMAAAB,1764285749.2443407,0,ppo_pace_two_ing_3_seed1,default,181,0,-0.05000000074505806,False,"{""elapsed_time"": 18.340728998184204, ""steps_taken"": 181, ""cumulative_reward"": -0.05000000074505806}",1764285767581,1764285767.583978
bc4e72da-c905-4010-a52d-805e9e9d6ac6,unknown,Ajl_AFDYWVZxwXMMAAAB,1764285749.2443407,0,ppo_pace_two_ing_3_seed1,default,182,0,-0.05000000074505806,False,"{""elapsed_time"": 18.443811655044556, ""steps_taken"": 182, ""cumulative_reward"": -0.05000000074505806}",1764285767682,1764285767.6870656
bc4e72da-c905-4010-a52d-805e9e9d6ac6,unknown,Ajl_AFDYWVZxwXMMAAAB,1764285749.2443407,0,ppo_pace_two_ing_3_seed1,default,183,0,-0.05000000074505806,False,"{""elapsed_time"": 18.541311025619507, ""steps_taken"": 183, ""cumulative_reward"": -0.05000000074505806}",1764285767782,1764285767.7845592
bc4e72da-c905-4010-a52d-805e9e9d6ac6,unknown,Ajl_AFDYWVZxwXMMAAAB,1764285749.2443407,0,ppo_pace_two_ing_3_seed1,default,184,0,-0.05000000074505806,False,"{""elapsed_time"": 18.644343852996826, ""steps_taken"": 184, ""cumulative_reward"": -0.05000000074505806}",1764285767882,1764285767.8876
bc4e72da-c905-4010-a52d-805e9e9d6ac6,unknown,Ajl_AFDYWVZxwXMMAAAB,1764285749.2443407,0,ppo_pace_two_ing_3_seed1,default,185,0,-0.05000000074505806,False,"{""elapsed_time"": 18.741525173187256, ""steps_taken"": 185, ""cumulative_reward"": -0.05000000074505806}",1764285767983,1764285767.9847727
bc4e72da-c905-4010-a52d-805e9e9d6ac6,unknown,Ajl_AFDYWVZxwXMMAAAB,1764285749.2443407,0,ppo_pace_two_ing_3_seed1,default,186,0,-0.05000000074505806,False,"{""elapsed_time"": 18.84165358543396, ""steps_taken"": 186, ""cumulative_reward"": -0.05000000074505806}",1764285768082,1764285768.0849013
bc4e72da-c905-4010-a52d-805e9e9d6ac6,unknown,Ajl_AFDYWVZxwXMMAAAB,1764285749.2443407,0,ppo_pace_two_ing_3_seed1,default,187,0,-0.05000000074505806,False,"{""elapsed_time"": 18.943900108337402, ""steps_taken"": 187, ""cumulative_reward"": -0.05000000074505806}",1764285768183,1764285768.187153
bc4e72da-c905-4010-a52d-805e9e9d6ac6,unknown,Ajl_AFDYWVZxwXMMAAAB,1764285749.2443407,0,ppo_pace_two_ing_3_seed1,default,188,0,-0.05000000074505806,False,"{""elapsed_time"": 19.042173147201538, ""steps_taken"": 188, ""cumulative_reward"": -0.05000000074505806}",1764285768283,1764285768.2854202
bc4e72da-c905-4010-a52d-805e9e9d6ac6,unknown,Ajl_AFDYWVZxwXMMAAAB,1764285749.2443407,0,ppo_pace_two_ing_3_seed1,default,189,0,-0.05000000074505806,False,"{""elapsed_time"": 19.142204761505127, ""steps_taken"": 189, ""cumulative_reward"": -0.05000000074505806}",1764285768383,1764285768.385454
bc4e72da-c905-4010-a52d-805e9e9d6ac6,unknown,Ajl_AFDYWVZxwXMMAAAB,1764285749.2443407,0,ppo_pace_two_ing_3_seed1,default,190,0,-0.05000000074505806,False,"{""elapsed_time"": 19.2423095703125, ""steps_taken"": 190, ""cumulative_reward"": -0.05000000074505806}",1764285768483,1764285768.4855578
bc4e72da-c905-4010-a52d-805e9e9d6ac6,unknown,Ajl_AFDYWVZxwXMMAAAB,1764285749.2443407,0,ppo_pace_two_ing_3_seed1,default,191,0,-0.05000000074505806,False,"{""elapsed_time"": 19.342618703842163, ""steps_taken"": 191, ""cumulative_reward"": -0.05000000074505806}",1764285768584,1764285768.5858665
bc4e72da-c905-4010-a52d-805e9e9d6ac6,unknown,Ajl_AFDYWVZxwXMMAAAB,1764285749.2443407,0,ppo_pace_two_ing_3_seed1,default,192,0,-0.05000000074505806,False,"{""elapsed_time"": 19.445618867874146, ""steps_taken"": 192, ""cumulative_reward"": -0.05000000074505806}",1764285768685,1764285768.6888697
bc4e72da-c905-4010-a52d-805e9e9d6ac6,unknown,Ajl_AFDYWVZxwXMMAAAB,1764285749.2443407,0,ppo_pace_two_ing_3_seed1,default,193,0,-0.05000000074505806,False,"{""elapsed_time"": 19.544684886932373, ""steps_taken"": 193, ""cumulative_reward"": -0.05000000074505806}",1764285768785,1764285768.7879343
bc4e72da-c905-4010-a52d-805e9e9d6ac6,unknown,Ajl_AFDYWVZxwXMMAAAB,1764285749.2443407,0,ppo_pace_two_ing_3_seed1,default,194,0,-0.05000000074505806,False,"{""elapsed_time"": 19.64573621749878, ""steps_taken"": 194, ""cumulative_reward"": -0.05000000074505806}",1764285768885,1764285768.8889868
bc4e72da-c905-4010-a52d-805e9e9d6ac6,unknown,Ajl_AFDYWVZxwXMMAAAB,1764285749.2443407,0,ppo_pace_two_ing_3_seed1,default,195,0,-0.05000000074505806,False,"{""elapsed_time"": 19.744792461395264, ""steps_taken"": 195, ""cumulative_reward"": -0.05000000074505806}",1764285768985,1764285768.988041
bc4e72da-c905-4010-a52d-805e9e9d6ac6,unknown,Ajl_AFDYWVZxwXMMAAAB,1764285749.2443407,0,ppo_pace_two_ing_3_seed1,default,196,0,-0.05000000074505806,False,"{""elapsed_time"": 19.84652352333069, ""steps_taken"": 196, ""cumulative_reward"": -0.05000000074505806}",1764285769086,1764285769.0897734
bc4e72da-c905-4010-a52d-805e9e9d6ac6,unknown,Ajl_AFDYWVZxwXMMAAAB,1764285749.2443407,0,ppo_pace_two_ing_3_seed1,default,197,0,-0.05000000074505806,False,"{""elapsed_time"": 19.94677209854126, ""steps_taken"": 197, ""cumulative_reward"": -0.05000000074505806}",1764285769186,1764285769.1900206
bc4e72da-c905-4010-a52d-805e9e9d6ac6,unknown,Ajl_AFDYWVZxwXMMAAAB,1764285749.2443407,0,ppo_pace_two_ing_3_seed1,default,198,0,-0.05000000074505806,False,"{""elapsed_time"": 20.046008586883545, ""steps_taken"": 198, ""cumulative_reward"": -0.05000000074505806}",1764285769286,1764285769.289258
bc4e72da-c905-4010-a52d-805e9e9d6ac6,unknown,Ajl_AFDYWVZxwXMMAAAB,1764285749.2443407,0,ppo_pace_two_ing_3_seed1,default,199,0,-0.05000000074505806,False,"{""elapsed_time"": 20.1459641456604, ""steps_taken"": 199, ""cumulative_reward"": -0.05000000074505806}",1764285769387,1764285769.3892124
bc4e72da-c905-4010-a52d-805e9e9d6ac6,unknown,Ajl_AFDYWVZxwXMMAAAB,1764285749.2443407,0,ppo_pace_two_ing_3_seed1,default,200,0,-0.05000000074505806,True,"{""elapsed_time"": 20.24614405632019, ""steps_taken"": 200, ""cumulative_reward"": -0.05000000074505806}",1764285769487,1764285769.4893944
bc4e72da-c905-4010-a52d-805e9e9d6ac6,unknown,Ajl_AFDYWVZxwXMMAAAB,1764285749.2443407,0,ppo_pace_two_ing_3_seed1,default,201,0,0.0,True,"{""elapsed_time"": 20.345438241958618, ""steps_taken"": 201, ""cumulative_reward"": 0}",1764285769587,1764285769.5886898
bc4e72da-c905-4010-a52d-805e9e9d6ac6,unknown,Ajl_AFDYWVZxwXMMAAAB,1764285749.2443407,0,ppo_pace_two_ing_3_seed1,default,202,0,-0.05000000074505806,True,"{""elapsed_time"": 20.4461886882782, ""steps_taken"": 202, ""cumulative_reward"": -0.05000000074505806}",1764285769688,1764285769.689438
bc4e72da-c905-4010-a52d-805e9e9d6ac6,unknown,Ajl_AFDYWVZxwXMMAAAB,1764285749.2443407,0,ppo_pace_two_ing_3_seed1,default,203,0,0.0,True,"{""elapsed_time"": 20.546252727508545, ""steps_taken"": 203, ""cumulative_reward"": 0}",1764285769788,1764285769.7895036
bc4e72da-c905-4010-a52d-805e9e9d6ac6,unknown,Ajl_AFDYWVZxwXMMAAAB,1764285749.2443407,0,ppo_pace_two_ing_3_seed1,default,204,0,-0.05000000074505806,True,"{""elapsed_time"": 20.64787244796753, ""steps_taken"": 204, ""cumulative_reward"": -0.05000000074505806}",1764285769887,1764285769.8911226
bc4e72da-c905-4010-a52d-805e9e9d6ac6,unknown,Ajl_AFDYWVZxwXMMAAAB,1764285749.2443407,0,ppo_pace_two_ing_3_seed1,default,205,0,0.0,True,"{""elapsed_time"": 20.746639490127563, ""steps_taken"": 205, ""cumulative_reward"": 0}",1764285769988,1764285769.9898896
bc4e72da-c905-4010-a52d-805e9e9d6ac6,unknown,Ajl_AFDYWVZxwXMMAAAB,1764285749.2443407,0,ppo_pace_two_ing_3_seed1,default,206,0,-0.05000000074505806,True,"{""elapsed_time"": 20.84687876701355, ""steps_taken"": 206, ""cumulative_reward"": -0.05000000074505806}",1764285770088,1764285770.0901277
bc4e72da-c905-4010-a52d-805e9e9d6ac6,unknown,Ajl_AFDYWVZxwXMMAAAB,1764285749.2443407,0,ppo_pace_two_ing_3_seed1,default,207,0,0.0,True,"{""elapsed_time"": 20.946542739868164, ""steps_taken"": 207, ""cumulative_reward"": 0}",1764285770188,1764285770.1897922
bc4e72da-c905-4010-a52d-805e9e9d6ac6,unknown,Ajl_AFDYWVZxwXMMAAAB,1764285749.2443407,0,ppo_pace_two_ing_3_seed1,default,208,0,-0.05000000074505806,True,"{""elapsed_time"": 21.04756760597229, ""steps_taken"": 208, ""cumulative_reward"": -0.05000000074505806}",1764285770288,1764285770.2908168
bc4e72da-c905-4010-a52d-805e9e9d6ac6,unknown,Ajl_AFDYWVZxwXMMAAAB,1764285749.2443407,0,ppo_pace_two_ing_3_seed1,default,209,0,0.0,True,"{""elapsed_time"": 21.146971702575684, ""steps_taken"": 209, ""cumulative_reward"": 0}",1764285770388,1764285770.3902214
bc4e72da-c905-4010-a52d-805e9e9d6ac6,unknown,Ajl_AFDYWVZxwXMMAAAB,1764285749.2443407,0,ppo_pace_two_ing_3_seed1,default,210,0,-0.05000000074505806,True,"{""elapsed_time"": 21.250315189361572, ""steps_taken"": 210, ""cumulative_reward"": -0.05000000074505806}",1764285770491,1764285770.4935648
bc4e72da-c905-4010-a52d-805e9e9d6ac6,unknown,Ajl_AFDYWVZxwXMMAAAB,1764285749.2443407,0,ppo_pace_two_ing_3_seed1,default,211,0,0.0,True,"{""elapsed_time"": 21.350695848464966, ""steps_taken"": 211, ""cumulative_reward"": 0}",1764285770592,1764285770.5939453
bc4e72da-c905-4010-a52d-805e9e9d6ac6,unknown,Ajl_AFDYWVZxwXMMAAAB,1764285749.2443407,0,ppo_pace_two_ing_3_seed1,default,212,0,-0.05000000074505806,True,"{""elapsed_time"": 21.451380729675293, ""steps_taken"": 212, ""cumulative_reward"": -0.05000000074505806}",1764285770692,1764285770.6946309
bc4e72da-c905-4010-a52d-805e9e9d6ac6,unknown,Ajl_AFDYWVZxwXMMAAAB,1764285749.2443407,0,ppo_pace_two_ing_3_seed1,default,213,0,0.0,True,"{""elapsed_time"": 21.550959587097168, ""steps_taken"": 213, ""cumulative_reward"": 0}",1764285770792,1764285770.794212
bc4e72da-c905-4010-a52d-805e9e9d6ac6,unknown,Ajl_AFDYWVZxwXMMAAAB,1764285749.2443407,0,ppo_pace_two_ing_3_seed1,default,214,0,-0.05000000074505806,True,"{""elapsed_time"": 21.65101671218872, ""steps_taken"": 214, ""cumulative_reward"": -0.05000000074505806}",1764285770892,1764285770.894267
bc4e72da-c905-4010-a52d-805e9e9d6ac6,unknown,Ajl_AFDYWVZxwXMMAAAB,1764285749.2443407,0,ppo_pace_two_ing_3_seed1,default,215,0,0.0,True,"{""elapsed_time"": 21.750871419906616, ""steps_taken"": 215, ""cumulative_reward"": 0}",1764285770992,1764285770.994121
bc4e72da-c905-4010-a52d-805e9e9d6ac6,unknown,Ajl_AFDYWVZxwXMMAAAB,1764285749.2443407,0,ppo_pace_two_ing_3_seed1,default,216,0,-0.05000000074505806,True,"{""elapsed_time"": 21.85114097595215, ""steps_taken"": 216, ""cumulative_reward"": -0.05000000074505806}",1764285771093,1764285771.0943909
bc4e72da-c905-4010-a52d-805e9e9d6ac6,unknown,Ajl_AFDYWVZxwXMMAAAB,1764285749.2443407,0,ppo_pace_two_ing_3_seed1,default,217,0,0.0,True,"{""elapsed_time"": 21.950518131256104, ""steps_taken"": 217, ""cumulative_reward"": 0}",1764285771192,1764285771.1937673
bc4e72da-c905-4010-a52d-805e9e9d6ac6,unknown,Ajl_AFDYWVZxwXMMAAAB,1764285749.2443407,0,ppo_pace_two_ing_3_seed1,default,218,0,-0.05000000074505806,True,"{""elapsed_time"": 22.05309295654297, ""steps_taken"": 218, ""cumulative_reward"": -0.05000000074505806}",1764285771292,1764285771.2963467
bc4e72da-c905-4010-a52d-805e9e9d6ac6,unknown,Ajl_AFDYWVZxwXMMAAAB,1764285749.2443407,0,ppo_pace_two_ing_3_seed1,default,219,0,0.0,True,"{""elapsed_time"": 22.150700330734253, ""steps_taken"": 219, ""cumulative_reward"": 0}",1764285771392,1764285771.3939505
bc4e72da-c905-4010-a52d-805e9e9d6ac6,unknown,Ajl_AFDYWVZxwXMMAAAB,1764285749.2443407,0,ppo_pace_two_ing_3_seed1,default,220,0,-0.05000000074505806,True,"{""elapsed_time"": 22.25173568725586, ""steps_taken"": 220, ""cumulative_reward"": -0.05000000074505806}",1764285771492,1764285771.4949858
bc4e72da-c905-4010-a52d-805e9e9d6ac6,unknown,Ajl_AFDYWVZxwXMMAAAB,1764285749.2443407,0,ppo_pace_two_ing_3_seed1,default,221,0,0.0,True,"{""elapsed_time"": 22.35088562965393, ""steps_taken"": 221, ""cumulative_reward"": 0}",1764285771592,1764285771.5941358
bc4e72da-c905-4010-a52d-805e9e9d6ac6,unknown,Ajl_AFDYWVZxwXMMAAAB,1764285749.2443407,0,ppo_pace_two_ing_3_seed1,default,222,0,-0.05000000074505806,True,"{""elapsed_time"": 22.451788902282715, ""steps_taken"": 222, ""cumulative_reward"": -0.05000000074505806}",1764285771693,1764285771.6950383
bc4e72da-c905-4010-a52d-805e9e9d6ac6,unknown,Ajl_AFDYWVZxwXMMAAAB,1764285749.2443407,0,ppo_pace_two_ing_3_seed1,default,223,0,0.0,True,"{""elapsed_time"": 22.55141592025757, ""steps_taken"": 223, ""cumulative_reward"": 0}",1764285771793,1764285771.7946665
bc4e72da-c905-4010-a52d-805e9e9d6ac6,unknown,Ajl_AFDYWVZxwXMMAAAB,1764285749.2443407,0,ppo_pace_two_ing_3_seed1,default,224,0,-0.05000000074505806,True,"{""elapsed_time"": 22.65188980102539, ""steps_taken"": 224, ""cumulative_reward"": -0.05000000074505806}",1764285771893,1764285771.8951383
bc4e72da-c905-4010-a52d-805e9e9d6ac6,unknown,Ajl_AFDYWVZxwXMMAAAB,1764285749.2443407,0,ppo_pace_two_ing_3_seed1,default,225,0,0.0,True,"{""elapsed_time"": 22.75130534172058, ""steps_taken"": 225, ""cumulative_reward"": 0}",1764285771993,1764285771.994555
bc4e72da-c905-4010-a52d-805e9e9d6ac6,unknown,Ajl_AFDYWVZxwXMMAAAB,1764285749.2443407,0,ppo_pace_two_ing_3_seed1,default,226,0,-0.05000000074505806,True,"{""elapsed_time"": 22.85255718231201, ""steps_taken"": 226, ""cumulative_reward"": -0.05000000074505806}",1764285772093,1764285772.095814
bc4e72da-c905-4010-a52d-805e9e9d6ac6,unknown,Ajl_AFDYWVZxwXMMAAAB,1764285749.2443407,0,ppo_pace_two_ing_3_seed1,default,227,0,0.0,True,"{""elapsed_time"": 22.95244812965393, ""steps_taken"": 227, ""cumulative_reward"": 0}",1764285772194,1764285772.195701
bc4e72da-c905-4010-a52d-805e9e9d6ac6,unknown,Ajl_AFDYWVZxwXMMAAAB,1764285749.2443407,0,ppo_pace_two_ing_3_seed1,default,228,0,-0.05000000074505806,True,"{""elapsed_time"": 23.052362203598022, ""steps_taken"": 228, ""cumulative_reward"": -0.05000000074505806}",1764285772293,1764285772.2956116
bc4e72da-c905-4010-a52d-805e9e9d6ac6,unknown,Ajl_AFDYWVZxwXMMAAAB,1764285749.2443407,0,ppo_pace_two_ing_3_seed1,default,229,0,0.0,True,"{""elapsed_time"": 23.151845693588257, ""steps_taken"": 229, ""cumulative_reward"": 0}",1764285772393,1764285772.3950956
bc4e72da-c905-4010-a52d-805e9e9d6ac6,unknown,Ajl_AFDYWVZxwXMMAAAB,1764285749.2443407,0,ppo_pace_two_ing_3_seed1,default,230,0,-0.05000000074505806,True,"{""elapsed_time"": 23.260848999023438, ""steps_taken"": 230, ""cumulative_reward"": -0.05000000074505806}",1764285772502,1764285772.504099
bc4e72da-c905-4010-a52d-805e9e9d6ac6,unknown,Ajl_AFDYWVZxwXMMAAAB,1764285749.2443407,0,ppo_pace_two_ing_3_seed1,default,231,0,0.0,True,"{""elapsed_time"": 23.36027431488037, ""steps_taken"": 231, ""cumulative_reward"": 0}",1764285772602,1764285772.6035237
bc4e72da-c905-4010-a52d-805e9e9d6ac6,unknown,Ajl_AFDYWVZxwXMMAAAB,1764285749.2443407,0,ppo_pace_two_ing_3_seed1,default,232,0,-0.05000000074505806,True,"{""elapsed_time"": 23.461060285568237, ""steps_taken"": 232, ""cumulative_reward"": -0.05000000074505806}",1764285772702,1764285772.7043095
bc4e72da-c905-4010-a52d-805e9e9d6ac6,unknown,Ajl_AFDYWVZxwXMMAAAB,1764285749.2443407,0,ppo_pace_two_ing_3_seed1,default,233,0,0.0,True,"{""elapsed_time"": 23.560465574264526, ""steps_taken"": 233, ""cumulative_reward"": 0}",1764285772802,1764285772.803714
bc4e72da-c905-4010-a52d-805e9e9d6ac6,unknown,Ajl_AFDYWVZxwXMMAAAB,1764285749.2443407,0,ppo_pace_two_ing_3_seed1,default,234,0,-0.05000000074505806,True,"{""elapsed_time"": 23.661614894866943, ""steps_taken"": 234, ""cumulative_reward"": -0.05000000074505806}",1764285772903,1764285772.9048643
bc4e72da-c905-4010-a52d-805e9e9d6ac6,unknown,Ajl_AFDYWVZxwXMMAAAB,1764285749.2443407,0,ppo_pace_two_ing_3_seed1,default,235,0,0.0,True,"{""elapsed_time"": 23.76067590713501, ""steps_taken"": 235, ""cumulative_reward"": 0}",1764285773003,1764285773.0039253
bc4e72da-c905-4010-a52d-805e9e9d6ac6,unknown,Ajl_AFDYWVZxwXMMAAAB,1764285749.2443407,0,ppo_pace_two_ing_3_seed1,default,236,0,-0.05000000074505806,True,"{""elapsed_time"": 23.861680269241333, ""steps_taken"": 236, ""cumulative_reward"": -0.05000000074505806}",1764285773103,1764285773.104929
bc4e72da-c905-4010-a52d-805e9e9d6ac6,unknown,Ajl_AFDYWVZxwXMMAAAB,1764285749.2443407,0,ppo_pace_two_ing_3_seed1,default,237,0,0.0,True,"{""elapsed_time"": 23.960877895355225, ""steps_taken"": 237, ""cumulative_reward"": 0}",1764285773203,1764285773.204127
bc4e72da-c905-4010-a52d-805e9e9d6ac6,unknown,Ajl_AFDYWVZxwXMMAAAB,1764285749.2443407,0,ppo_pace_two_ing_3_seed1,default,238,0,-0.05000000074505806,True,"{""elapsed_time"": 24.061753511428833, ""steps_taken"": 238, ""cumulative_reward"": -0.05000000074505806}",1764285773303,1764285773.3050022
bc4e72da-c905-4010-a52d-805e9e9d6ac6,unknown,Ajl_AFDYWVZxwXMMAAAB,1764285749.2443407,0,ppo_pace_two_ing_3_seed1,default,239,0,0.0,True,"{""elapsed_time"": 24.161530256271362, ""steps_taken"": 239, ""cumulative_reward"": 0}",1764285773403,1764285773.404779
bc4e72da-c905-4010-a52d-805e9e9d6ac6,unknown,Ajl_AFDYWVZxwXMMAAAB,1764285749.2443407,0,ppo_pace_two_ing_3_seed1,default,240,0,-0.05000000074505806,True,"{""elapsed_time"": 24.262688636779785, ""steps_taken"": 240, ""cumulative_reward"": -0.05000000074505806}",1764285773503,1764285773.5059392
bc4e72da-c905-4010-a52d-805e9e9d6ac6,unknown,Ajl_AFDYWVZxwXMMAAAB,1764285749.2443407,0,ppo_pace_two_ing_3_seed1,default,241,0,0.0,True,"{""elapsed_time"": 24.36187219619751, ""steps_taken"": 241, ""cumulative_reward"": 0}",1764285773603,1764285773.6051216
bc4e72da-c905-4010-a52d-805e9e9d6ac6,unknown,Ajl_AFDYWVZxwXMMAAAB,1764285749.2443407,0,ppo_pace_two_ing_3_seed1,default,242,0,-0.05000000074505806,True,"{""elapsed_time"": 24.462376832962036, ""steps_taken"": 242, ""cumulative_reward"": -0.05000000074505806}",1764285773703,1764285773.7056267
bc4e72da-c905-4010-a52d-805e9e9d6ac6,unknown,Ajl_AFDYWVZxwXMMAAAB,1764285749.2443407,0,ppo_pace_two_ing_3_seed1,default,243,0,0.0,True,"{""elapsed_time"": 24.56183099746704, ""steps_taken"": 243, ""cumulative_reward"": 0}",1764285773804,1764285773.8050797
bc4e72da-c905-4010-a52d-805e9e9d6ac6,unknown,Ajl_AFDYWVZxwXMMAAAB,1764285749.2443407,0,ppo_pace_two_ing_3_seed1,default,244,0,-0.05000000074505806,True,"{""elapsed_time"": 24.662704706192017, ""steps_taken"": 244, ""cumulative_reward"": -0.05000000074505806}",1764285773904,1764285773.905953
bc4e72da-c905-4010-a52d-805e9e9d6ac6,unknown,Ajl_AFDYWVZxwXMMAAAB,1764285749.2443407,0,ppo_pace_two_ing_3_seed1,default,245,0,0.0,True,"{""elapsed_time"": 24.76209306716919, ""steps_taken"": 245, ""cumulative_reward"": 0}",1764285774004,1764285774.0053425
bc4e72da-c905-4010-a52d-805e9e9d6ac6,unknown,Ajl_AFDYWVZxwXMMAAAB,1764285749.2443407,0,ppo_pace_two_ing_3_seed1,default,246,0,-0.05000000074505806,True,"{""elapsed_time"": 24.86546516418457, ""steps_taken"": 246, ""cumulative_reward"": -0.05000000074505806}",1764285774105,1764285774.10872
bc4e72da-c905-4010-a52d-805e9e9d6ac6,unknown,Ajl_AFDYWVZxwXMMAAAB,1764285749.2443407,0,ppo_pace_two_ing_3_seed1,default,247,0,0.0,True,"{""elapsed_time"": 24.96316409111023, ""steps_taken"": 247, ""cumulative_reward"": 0}",1764285774205,1764285774.2064133
bc4e72da-c905-4010-a52d-805e9e9d6ac6,unknown,Ajl_AFDYWVZxwXMMAAAB,1764285749.2443407,0,ppo_pace_two_ing_3_seed1,default,248,0,-0.05000000074505806,True,"{""elapsed_time"": 25.067288637161255, ""steps_taken"": 248, ""cumulative_reward"": -0.05000000074505806}",1764285774305,1764285774.310539
bc4e72da-c905-4010-a52d-805e9e9d6ac6,unknown,Ajl_AFDYWVZxwXMMAAAB,1764285749.2443407,0,ppo_pace_two_ing_3_seed1,default,249,0,0.0,True,"{""elapsed_time"": 25.16354274749756, ""steps_taken"": 249, ""cumulative_reward"": 0}",1764285774406,1764285774.4067917
bc4e72da-c905-4010-a52d-805e9e9d6ac6,unknown,Ajl_AFDYWVZxwXMMAAAB,1764285749.2443407,0,ppo_pace_two_ing_3_seed1,default,250,0,-0.05000000074505806,True,"{""elapsed_time"": 25.264410495758057, ""steps_taken"": 250, ""cumulative_reward"": -0.05000000074505806}",1764285774506,1764285774.5076597
bc4e72da-c905-4010-a52d-805e9e9d6ac6,unknown,Ajl_AFDYWVZxwXMMAAAB,1764285749.2443407,0,ppo_pace_two_ing_3_seed1,default,251,0,0.0,True,"{""elapsed_time"": 25.36398959159851, ""steps_taken"": 251, ""cumulative_reward"": 0}",1764285774606,1764285774.6072388
bc4e72da-c905-4010-a52d-805e9e9d6ac6,unknown,Ajl_AFDYWVZxwXMMAAAB,1764285749.2443407,0,ppo_pace_two_ing_3_seed1,default,252,0,-0.05000000074505806,True,"{""elapsed_time"": 25.464844465255737, ""steps_taken"": 252, ""cumulative_reward"": -0.05000000074505806}",1764285774706,1764285774.708093
bc4e72da-c905-4010-a52d-805e9e9d6ac6,unknown,Ajl_AFDYWVZxwXMMAAAB,1764285749.2443407,0,ppo_pace_two_ing_3_seed1,default,253,0,0.0,True,"{""elapsed_time"": 25.564290046691895, ""steps_taken"": 253, ""cumulative_reward"": 0}",1764285774806,1764285774.8075387
bc4e72da-c905-4010-a52d-805e9e9d6ac6,unknown,Ajl_AFDYWVZxwXMMAAAB,1764285749.2443407,0,ppo_pace_two_ing_3_seed1,default,254,0,-0.05000000074505806,True,"{""elapsed_time"": 25.665149450302124, ""steps_taken"": 254, ""cumulative_reward"": -0.05000000074505806}",1764285774906,1764285774.9083989
bc4e72da-c905-4010-a52d-805e9e9d6ac6,unknown,Ajl_AFDYWVZxwXMMAAAB,1764285749.2443407,0,ppo_pace_two_ing_3_seed1,default,255,0,0.0,True,"{""elapsed_time"": 25.76471257209778, ""steps_taken"": 255, ""cumulative_reward"": 0}",1764285775006,1764285775.0079613
bc4e72da-c905-4010-a52d-805e9e9d6ac6,unknown,Ajl_AFDYWVZxwXMMAAAB,1764285749.2443407,0,ppo_pace_two_ing_3_seed1,default,256,0,-0.05000000074505806,True,"{""elapsed_time"": 25.86701726913452, ""steps_taken"": 256, ""cumulative_reward"": -0.05000000074505806}",1764285775106,1764285775.1102676
bc4e72da-c905-4010-a52d-805e9e9d6ac6,unknown,Ajl_AFDYWVZxwXMMAAAB,1764285749.2443407,0,ppo_pace_two_ing_3_seed1,default,257,0,0.0,True,"{""elapsed_time"": 25.965879678726196, ""steps_taken"": 257, ""cumulative_reward"": 0}",1764285775206,1764285775.2091322
bc4e72da-c905-4010-a52d-805e9e9d6ac6,unknown,Ajl_AFDYWVZxwXMMAAAB,1764285749.2443407,0,ppo_pace_two_ing_3_seed1,default,258,0,-0.05000000074505806,True,"{""elapsed_time"": 26.0658700466156, ""steps_taken"": 258, ""cumulative_reward"": -0.05000000074505806}",1764285775306,1764285775.309123
bc4e72da-c905-4010-a52d-805e9e9d6ac6,unknown,Ajl_AFDYWVZxwXMMAAAB,1764285749.2443407,0,ppo_pace_two_ing_3_seed1,default,259,0,0.0,True,"{""elapsed_time"": 26.16514015197754, ""steps_taken"": 259, ""cumulative_reward"": 0}",1764285775407,1764285775.408392
bc4e72da-c905-4010-a52d-805e9e9d6ac6,unknown,Ajl_AFDYWVZxwXMMAAAB,1764285749.2443407,0,ppo_pace_two_ing_3_seed1,default,260,0,-0.05000000074505806,True,"{""elapsed_time"": 26.265900373458862, ""steps_taken"": 260, ""cumulative_reward"": -0.05000000074505806}",1764285775507,1764285775.5091505
bc4e72da-c905-4010-a52d-805e9e9d6ac6,unknown,Ajl_AFDYWVZxwXMMAAAB,1764285749.2443407,0,ppo_pace_two_ing_3_seed1,default,261,0,0.0,True,"{""elapsed_time"": 26.365320205688477, ""steps_taken"": 261, ""cumulative_reward"": 0}",1764285775607,1764285775.6085696
bc4e72da-c905-4010-a52d-805e9e9d6ac6,unknown,Ajl_AFDYWVZxwXMMAAAB,1764285749.2443407,0,ppo_pace_two_ing_3_seed1,default,262,0,-0.05000000074505806,True,"{""elapsed_time"": 26.467943906784058, ""steps_taken"": 262, ""cumulative_reward"": -0.05000000074505806}",1764285775707,1764285775.7111974
bc4e72da-c905-4010-a52d-805e9e9d6ac6,unknown,Ajl_AFDYWVZxwXMMAAAB,1764285749.2443407,0,ppo_pace_two_ing_3_seed1,default,263,0,0.0,True,"{""elapsed_time"": 26.56648564338684, ""steps_taken"": 263, ""cumulative_reward"": 0}",1764285775807,1764285775.8097365
bc4e72da-c905-4010-a52d-805e9e9d6ac6,unknown,Ajl_AFDYWVZxwXMMAAAB,1764285749.2443407,0,ppo_pace_two_ing_3_seed1,default,264,0,-0.05000000074505806,True,"{""elapsed_time"": 26.671122312545776, ""steps_taken"": 264, ""cumulative_reward"": -0.05000000074505806}",1764285775908,1764285775.914378
bc4e72da-c905-4010-a52d-805e9e9d6ac6,unknown,Ajl_AFDYWVZxwXMMAAAB,1764285749.2443407,0,ppo_pace_two_ing_3_seed1,default,265,0,0.0,True,"{""elapsed_time"": 26.767148733139038, ""steps_taken"": 265, ""cumulative_reward"": 0}",1764285776008,1764285776.0104017
bc4e72da-c905-4010-a52d-805e9e9d6ac6,unknown,Ajl_AFDYWVZxwXMMAAAB,1764285749.2443407,0,ppo_pace_two_ing_3_seed1,default,266,0,-0.05000000074505806,True,"{""elapsed_time"": 26.871320247650146, ""steps_taken"": 266, ""cumulative_reward"": -0.05000000074505806}",1764285776111,1764285776.1145744
bc4e72da-c905-4010-a52d-805e9e9d6ac6,unknown,Ajl_AFDYWVZxwXMMAAAB,1764285749.2443407,0,ppo_pace_two_ing_3_seed1,default,267,0,0.0,True,"{""elapsed_time"": 26.970098972320557, ""steps_taken"": 267, ""cumulative_reward"": 0}",1764285776211,1764285776.213353
bc4e72da-c905-4010-a52d-805e9e9d6ac6,unknown,Ajl_AFDYWVZxwXMMAAAB,1764285749.2443407,0,ppo_pace_two_ing_3_seed1,default,268,0,-0.05000000074505806,True,"{""elapsed_time"": 27.07431936264038, ""steps_taken"": 268, ""cumulative_reward"": -0.05000000074505806}",1764285776314,1764285776.3175726
bc4e72da-c905-4010-a52d-805e9e9d6ac6,unknown,B7sS5mKXZDvE_yRIAAAB,1764285787.8397233,0,ppo_pace_two_ing_3_seed1,default,1,0,-0.05000000074505806,False,"{""elapsed_time"": 0.285236120223999, ""steps_taken"": 1, ""cumulative_reward"": -0.05000000074505806}",1764285788119,1764285788.1244047
bc4e72da-c905-4010-a52d-805e9e9d6ac6,unknown,B7sS5mKXZDvE_yRIAAAB,1764285787.8397233,0,ppo_pace_two_ing_3_seed1,default,2,0,-0.05000000074505806,False,"{""elapsed_time"": 0.3820352554321289, ""steps_taken"": 2, ""cumulative_reward"": -0.05000000074505806}",1764285788219,1764285788.2211971
bc4e72da-c905-4010-a52d-805e9e9d6ac6,unknown,B7sS5mKXZDvE_yRIAAAB,1764285787.8397233,0,ppo_pace_two_ing_3_seed1,default,3,0,-0.05000000074505806,False,"{""elapsed_time"": 0.4835355281829834, ""steps_taken"": 3, ""cumulative_reward"": -0.05000000074505806}",1764285788319,1764285788.322699
bc4e72da-c905-4010-a52d-805e9e9d6ac6,unknown,B7sS5mKXZDvE_yRIAAAB,1764285787.8397233,0,ppo_pace_two_ing_3_seed1,default,4,0,-0.05000000074505806,False,"{""elapsed_time"": 0.5835721492767334, ""steps_taken"": 4, ""cumulative_reward"": -0.05000000074505806}",1764285788420,1764285788.4227362
bc4e72da-c905-4010-a52d-805e9e9d6ac6,unknown,B7sS5mKXZDvE_yRIAAAB,1764285787.8397233,0,ppo_pace_two_ing_3_seed1,default,5,0,-0.05000000074505806,False,"{""elapsed_time"": 0.6839165687561035, ""steps_taken"": 5, ""cumulative_reward"": -0.05000000074505806}",1764285788519,1764285788.5230792
bc4e72da-c905-4010-a52d-805e9e9d6ac6,unknown,B7sS5mKXZDvE_yRIAAAB,1764285787.8397233,0,ppo_pace_two_ing_3_seed1,default,6,0,-0.05000000074505806,False,"{""elapsed_time"": 0.7832472324371338, ""steps_taken"": 6, ""cumulative_reward"": -0.05000000074505806}",1764285788619,1764285788.622408
bc4e72da-c905-4010-a52d-805e9e9d6ac6,unknown,B7sS5mKXZDvE_yRIAAAB,1764285787.8397233,0,ppo_pace_two_ing_3_seed1,default,7,0,-0.05000000074505806,False,"{""elapsed_time"": 0.8837957382202148, ""steps_taken"": 7, ""cumulative_reward"": -0.05000000074505806}",1764285788719,1764285788.7229576
bc4e72da-c905-4010-a52d-805e9e9d6ac6,unknown,B7sS5mKXZDvE_yRIAAAB,1764285787.8397233,0,ppo_pace_two_ing_3_seed1,default,8,0,-0.05000000074505806,False,"{""elapsed_time"": 0.9826967716217041, ""steps_taken"": 8, ""cumulative_reward"": -0.05000000074505806}",1764285788819,1764285788.821857
bc4e72da-c905-4010-a52d-805e9e9d6ac6,unknown,B7sS5mKXZDvE_yRIAAAB,1764285787.8397233,0,ppo_pace_two_ing_3_seed1,default,9,0,-0.05000000074505806,False,"{""elapsed_time"": 1.0846514701843262, ""steps_taken"": 9, ""cumulative_reward"": -0.05000000074505806}",1764285788919,1764285788.9238155
bc4e72da-c905-4010-a52d-805e9e9d6ac6,unknown,B7sS5mKXZDvE_yRIAAAB,1764285787.8397233,0,ppo_pace_two_ing_3_seed1,default,10,0,-0.05000000074505806,False,"{""elapsed_time"": 1.1883671283721924, ""steps_taken"": 10, ""cumulative_reward"": -0.05000000074505806}",1764285789025,1764285789.0275269
bc4e72da-c905-4010-a52d-805e9e9d6ac6,unknown,B7sS5mKXZDvE_yRIAAAB,1764285787.8397233,0,ppo_pace_two_ing_3_seed1,default,11,0,-0.05000000074505806,False,"{""elapsed_time"": 1.2897422313690186, ""steps_taken"": 11, ""cumulative_reward"": -0.05000000074505806}",1764285789125,1764285789.1289039
bc4e72da-c905-4010-a52d-805e9e9d6ac6,unknown,B7sS5mKXZDvE_yRIAAAB,1764285787.8397233,0,ppo_pace_two_ing_3_seed1,default,12,0,-0.05000000074505806,False,"{""elapsed_time"": 1.3890964984893799, ""steps_taken"": 12, ""cumulative_reward"": -0.05000000074505806}",1764285789226,1764285789.2282574
bc4e72da-c905-4010-a52d-805e9e9d6ac6,unknown,LhOe9O65UzsjfUE0AAAB,1764285814.9916534,0,ppo_pace_two_ing_3_seed1,default,1,0,-0.05000000074505806,False,"{""elapsed_time"": 0.27507472038269043, ""steps_taken"": 1, ""cumulative_reward"": -0.05000000074505806}",1764285815259,1764285815.266189
bc4e72da-c905-4010-a52d-805e9e9d6ac6,unknown,LhOe9O65UzsjfUE0AAAB,1764285814.9916534,0,ppo_pace_two_ing_3_seed1,default,2,0,-0.05000000074505806,False,"{""elapsed_time"": 0.3704705238342285, ""steps_taken"": 2, ""cumulative_reward"": -0.05000000074505806}",1764285815359,1764285815.3615744
bc4e72da-c905-4010-a52d-805e9e9d6ac6,unknown,LhOe9O65UzsjfUE0AAAB,1764285814.9916534,0,ppo_pace_two_ing_3_seed1,default,3,0,-0.05000000074505806,False,"{""elapsed_time"": 0.4730656147003174, ""steps_taken"": 3, ""cumulative_reward"": -0.05000000074505806}",1764285815460,1764285815.464175
bc4e72da-c905-4010-a52d-805e9e9d6ac6,unknown,LhOe9O65UzsjfUE0AAAB,1764285814.9916534,0,ppo_pace_two_ing_3_seed1,default,4,0,-0.05000000074505806,False,"{""elapsed_time"": 0.5737366676330566, ""steps_taken"": 4, ""cumulative_reward"": -0.05000000074505806}",1764285815560,1764285815.5648475
bc4e72da-c905-4010-a52d-805e9e9d6ac6,unknown,LhOe9O65UzsjfUE0AAAB,1764285814.9916534,0,ppo_pace_two_ing_3_seed1,default,5,0,-0.05000000074505806,False,"{""elapsed_time"": 0.6707403659820557, ""steps_taken"": 5, ""cumulative_reward"": -0.05000000074505806}",1764285815660,1764285815.6618426
bc4e72da-c905-4010-a52d-805e9e9d6ac6,unknown,LhOe9O65UzsjfUE0AAAB,1764285814.9916534,0,ppo_pace_two_ing_3_seed1,default,6,0,-0.05000000074505806,False,"{""elapsed_time"": 0.7724695205688477, ""steps_taken"": 6, ""cumulative_reward"": -0.05000000074505806}",1764285815760,1764285815.763572
bc4e72da-c905-4010-a52d-805e9e9d6ac6,unknown,LhOe9O65UzsjfUE0AAAB,1764285814.9916534,0,ppo_pace_two_ing_3_seed1,default,7,0,-0.05000000074505806,False,"{""elapsed_time"": 0.872826337814331, ""steps_taken"": 7, ""cumulative_reward"": -0.05000000074505806}",1764285815860,1764285815.8639286
bc4e72da-c905-4010-a52d-805e9e9d6ac6,unknown,LhOe9O65UzsjfUE0AAAB,1764285814.9916534,0,ppo_pace_two_ing_3_seed1,default,8,0,-0.05000000074505806,False,"{""elapsed_time"": 0.9736373424530029, ""steps_taken"": 8, ""cumulative_reward"": -0.05000000074505806}",1764285815960,1764285815.9647388
bc4e72da-c905-4010-a52d-805e9e9d6ac6,unknown,LhOe9O65UzsjfUE0AAAB,1764285814.9916534,0,ppo_pace_two_ing_3_seed1,default,9,0,-0.05000000074505806,False,"{""elapsed_time"": 1.0722346305847168, ""steps_taken"": 9, ""cumulative_reward"": -0.05000000074505806}",1764285816060,1764285816.0633383
bc4e72da-c905-4010-a52d-805e9e9d6ac6,unknown,LhOe9O65UzsjfUE0AAAB,1764285814.9916534,0,ppo_pace_two_ing_3_seed1,default,10,0,-0.05000000074505806,False,"{""elapsed_time"": 1.1743075847625732, ""steps_taken"": 10, ""cumulative_reward"": -0.05000000074505806}",1764285816161,1764285816.1654146
bc4e72da-c905-4010-a52d-805e9e9d6ac6,unknown,LhOe9O65UzsjfUE0AAAB,1764285814.9916534,0,ppo_pace_two_ing_3_seed1,default,11,0,-0.05000000074505806,False,"{""elapsed_time"": 1.275651216506958, ""steps_taken"": 11, ""cumulative_reward"": -0.05000000074505806}",1764285816262,1764285816.2667527
bc4e72da-c905-4010-a52d-805e9e9d6ac6,unknown,LhOe9O65UzsjfUE0AAAB,1764285814.9916534,0,ppo_pace_two_ing_3_seed1,default,12,0,-0.05000000074505806,False,"{""elapsed_time"": 1.3743746280670166, ""steps_taken"": 12, ""cumulative_reward"": -0.05000000074505806}",1764285816362,1764285816.3654823
bc4e72da-c905-4010-a52d-805e9e9d6ac6,unknown,LhOe9O65UzsjfUE0AAAB,1764285814.9916534,0,ppo_pace_two_ing_3_seed1,default,13,0,-0.05000000074505806,False,"{""elapsed_time"": 1.474876880645752, ""steps_taken"": 13, ""cumulative_reward"": -0.05000000074505806}",1764285816462,1764285816.465984
bc4e72da-c905-4010-a52d-805e9e9d6ac6,unknown,LhOe9O65UzsjfUE0AAAB,1764285814.9916534,0,ppo_pace_two_ing_3_seed1,default,14,0,-0.05000000074505806,False,"{""elapsed_time"": 1.5748400688171387, ""steps_taken"": 14, ""cumulative_reward"": -0.05000000074505806}",1764285816562,1764285816.5659485
bc4e72da-c905-4010-a52d-805e9e9d6ac6,unknown,LhOe9O65UzsjfUE0AAAB,1764285814.9916534,0,ppo_pace_two_ing_3_seed1,default,15,0,-0.05000000074505806,False,"{""elapsed_time"": 1.6738016605377197, ""steps_taken"": 15, ""cumulative_reward"": -0.05000000074505806}",1764285816662,1764285816.664905
bc4e72da-c905-4010-a52d-805e9e9d6ac6,unknown,LhOe9O65UzsjfUE0AAAB,1764285814.9916534,0,ppo_pace_two_ing_3_seed1,default,16,0,-0.05000000074505806,False,"{""elapsed_time"": 1.7740976810455322, ""steps_taken"": 16, ""cumulative_reward"": -0.05000000074505806}",1764285816762,1764285816.765201
bc4e72da-c905-4010-a52d-805e9e9d6ac6,unknown,LhOe9O65UzsjfUE0AAAB,1764285814.9916534,0,ppo_pace_two_ing_3_seed1,default,17,0,-0.05000000074505806,False,"{""elapsed_time"": 1.8746769428253174, ""steps_taken"": 17, ""cumulative_reward"": -0.05000000074505806}",1764285816862,1764285816.865782
bc4e72da-c905-4010-a52d-805e9e9d6ac6,unknown,LhOe9O65UzsjfUE0AAAB,1764285814.9916534,0,ppo_pace_two_ing_3_seed1,default,18,0,-0.05000000074505806,False,"{""elapsed_time"": 1.9736909866333008, ""steps_taken"": 18, ""cumulative_reward"": -0.05000000074505806}",1764285816963,1764285816.964794
bc4e72da-c905-4010-a52d-805e9e9d6ac6,unknown,LhOe9O65UzsjfUE0AAAB,1764285814.9916534,0,ppo_pace_two_ing_3_seed1,default,19,0,-0.05000000074505806,False,"{""elapsed_time"": 2.0743024349212646, ""steps_taken"": 19, ""cumulative_reward"": -0.05000000074505806}",1764285817063,1764285817.065405
bc4e72da-c905-4010-a52d-805e9e9d6ac6,unknown,LhOe9O65UzsjfUE0AAAB,1764285814.9916534,0,ppo_pace_two_ing_3_seed1,default,20,0,-0.05000000074505806,False,"{""elapsed_time"": 2.1863174438476562, ""steps_taken"": 20, ""cumulative_reward"": -0.05000000074505806}",1764285817172,1764285817.1774278
bc4e72da-c905-4010-a52d-805e9e9d6ac6,unknown,LhOe9O65UzsjfUE0AAAB,1764285814.9916534,0,ppo_pace_two_ing_3_seed1,default,21,0,-0.05000000074505806,False,"{""elapsed_time"": 2.2831642627716064, ""steps_taken"": 21, ""cumulative_reward"": -0.05000000074505806}",1764285817272,1764285817.2742665
bc4e72da-c905-4010-a52d-805e9e9d6ac6,unknown,LhOe9O65UzsjfUE0AAAB,1764285814.9916534,0,ppo_pace_two_ing_3_seed1,default,22,0,-0.05000000074505806,False,"{""elapsed_time"": 2.3839502334594727, ""steps_taken"": 22, ""cumulative_reward"": -0.05000000074505806}",1764285817373,1764285817.375052
bc4e72da-c905-4010-a52d-805e9e9d6ac6,unknown,LhOe9O65UzsjfUE0AAAB,1764285814.9916534,0,ppo_pace_two_ing_3_seed1,default,23,0,-0.05000000074505806,False,"{""elapsed_time"": 2.4853856563568115, ""steps_taken"": 23, ""cumulative_reward"": -0.05000000074505806}",1764285817472,1764285817.4764876
bc4e72da-c905-4010-a52d-805e9e9d6ac6,unknown,LhOe9O65UzsjfUE0AAAB,1764285814.9916534,0,ppo_pace_two_ing_3_seed1,default,24,0,-0.05000000074505806,False,"{""elapsed_time"": 2.58359956741333, ""steps_taken"": 24, ""cumulative_reward"": -0.05000000074505806}",1764285817572,1764285817.5747008
bc4e72da-c905-4010-a52d-805e9e9d6ac6,unknown,LhOe9O65UzsjfUE0AAAB,1764285814.9916534,0,ppo_pace_two_ing_3_seed1,default,25,0,-0.05000000074505806,False,"{""elapsed_time"": 2.683887481689453, ""steps_taken"": 25, ""cumulative_reward"": -0.05000000074505806}",1764285817673,1764285817.674989
bc4e72da-c905-4010-a52d-805e9e9d6ac6,unknown,LhOe9O65UzsjfUE0AAAB,1764285814.9916534,0,ppo_pace_two_ing_3_seed1,default,26,0,-0.05000000074505806,False,"{""elapsed_time"": 2.784046173095703, ""steps_taken"": 26, ""cumulative_reward"": -0.05000000074505806}",1764285817773,1764285817.7751486
bc4e72da-c905-4010-a52d-805e9e9d6ac6,unknown,LhOe9O65UzsjfUE0AAAB,1764285814.9916534,0,ppo_pace_two_ing_3_seed1,default,27,0,-0.05000000074505806,False,"{""elapsed_time"": 2.885061025619507, ""steps_taken"": 27, ""cumulative_reward"": -0.05000000074505806}",1764285817873,1764285817.8761654
bc4e72da-c905-4010-a52d-805e9e9d6ac6,unknown,LhOe9O65UzsjfUE0AAAB,1764285814.9916534,0,ppo_pace_two_ing_3_seed1,default,28,0,-0.05000000074505806,False,"{""elapsed_time"": 2.98427152633667, ""steps_taken"": 28, ""cumulative_reward"": -0.05000000074505806}",1764285817973,1764285817.9753735
bc4e72da-c905-4010-a52d-805e9e9d6ac6,unknown,LhOe9O65UzsjfUE0AAAB,1764285814.9916534,0,ppo_pace_two_ing_3_seed1,default,29,0,-0.05000000074505806,False,"{""elapsed_time"": 3.087357997894287, ""steps_taken"": 29, ""cumulative_reward"": -0.05000000074505806}",1764285818073,1764285818.0784676
bc4e72da-c905-4010-a52d-805e9e9d6ac6,unknown,LhOe9O65UzsjfUE0AAAB,1764285814.9916534,0,ppo_pace_two_ing_3_seed1,default,30,0,-0.05000000074505806,False,"{""elapsed_time"": 3.1844468116760254, ""steps_taken"": 30, ""cumulative_reward"": -0.05000000074505806}",1764285818173,1764285818.1755497
bc4e72da-c905-4010-a52d-805e9e9d6ac6,unknown,LhOe9O65UzsjfUE0AAAB,1764285814.9916534,0,ppo_pace_two_ing_3_seed1,default,31,0,-0.05000000074505806,False,"{""elapsed_time"": 3.2859323024749756, ""steps_taken"": 31, ""cumulative_reward"": -0.05000000074505806}",1764285818274,1764285818.277038
bc4e72da-c905-4010-a52d-805e9e9d6ac6,unknown,LhOe9O65UzsjfUE0AAAB,1764285814.9916534,0,ppo_pace_two_ing_3_seed1,default,32,0,-0.05000000074505806,False,"{""elapsed_time"": 3.387775421142578, ""steps_taken"": 32, ""cumulative_reward"": -0.05000000074505806}",1764285818374,1764285818.378886
bc4e72da-c905-4010-a52d-805e9e9d6ac6,unknown,LhOe9O65UzsjfUE0AAAB,1764285814.9916534,0,ppo_pace_two_ing_3_seed1,default,33,0,-0.05000000074505806,False,"{""elapsed_time"": 3.4878902435302734, ""steps_taken"": 33, ""cumulative_reward"": -0.05000000074505806}",1764285818474,1764285818.4789999
bc4e72da-c905-4010-a52d-805e9e9d6ac6,unknown,LhOe9O65UzsjfUE0AAAB,1764285814.9916534,0,ppo_pace_two_ing_3_seed1,default,34,0,-0.05000000074505806,False,"{""elapsed_time"": 3.586343765258789, ""steps_taken"": 34, ""cumulative_reward"": -0.05000000074505806}",1764285818574,1764285818.5774486
bc4e72da-c905-4010-a52d-805e9e9d6ac6,unknown,LhOe9O65UzsjfUE0AAAB,1764285814.9916534,0,ppo_pace_two_ing_3_seed1,default,35,0,-0.05000000074505806,False,"{""elapsed_time"": 3.6882705688476562, ""steps_taken"": 35, ""cumulative_reward"": -0.05000000074505806}",1764285818674,1764285818.6793804
bc4e72da-c905-4010-a52d-805e9e9d6ac6,unknown,LhOe9O65UzsjfUE0AAAB,1764285814.9916534,0,ppo_pace_two_ing_3_seed1,default,36,0,-0.05000000074505806,False,"{""elapsed_time"": 3.786536693572998, ""steps_taken"": 36, ""cumulative_reward"": -0.05000000074505806}",1764285818775,1764285818.7776418
bc4e72da-c905-4010-a52d-805e9e9d6ac6,unknown,LhOe9O65UzsjfUE0AAAB,1764285814.9916534,0,ppo_pace_two_ing_3_seed1,default,37,0,-0.05000000074505806,False,"{""elapsed_time"": 3.886702537536621, ""steps_taken"": 37, ""cumulative_reward"": -0.05000000074505806}",1764285818875,1764285818.8778183
bc4e72da-c905-4010-a52d-805e9e9d6ac6,unknown,LhOe9O65UzsjfUE0AAAB,1764285814.9916534,0,ppo_pace_two_ing_3_seed1,default,38,0,-0.05000000074505806,False,"{""elapsed_time"": 3.9862706661224365, ""steps_taken"": 38, ""cumulative_reward"": -0.05000000074505806}",1764285818975,1764285818.9773736
bc4e72da-c905-4010-a52d-805e9e9d6ac6,unknown,LhOe9O65UzsjfUE0AAAB,1764285814.9916534,0,ppo_pace_two_ing_3_seed1,default,39,0,-0.05000000074505806,False,"{""elapsed_time"": 4.087642431259155, ""steps_taken"": 39, ""cumulative_reward"": -0.05000000074505806}",1764285819075,1764285819.078745
bc4e72da-c905-4010-a52d-805e9e9d6ac6,unknown,LhOe9O65UzsjfUE0AAAB,1764285814.9916534,0,ppo_pace_two_ing_3_seed1,default,40,0,-0.05000000074505806,False,"{""elapsed_time"": 4.186625957489014, ""steps_taken"": 40, ""cumulative_reward"": -0.05000000074505806}",1764285819175,1764285819.1777294
bc4e72da-c905-4010-a52d-805e9e9d6ac6,unknown,LhOe9O65UzsjfUE0AAAB,1764285814.9916534,0,ppo_pace_two_ing_3_seed1,default,41,0,-0.05000000074505806,False,"{""elapsed_time"": 4.2890191078186035, ""steps_taken"": 41, ""cumulative_reward"": -0.05000000074505806}",1764285819275,1764285819.2801208
bc4e72da-c905-4010-a52d-805e9e9d6ac6,unknown,LhOe9O65UzsjfUE0AAAB,1764285814.9916534,0,ppo_pace_two_ing_3_seed1,default,42,0,-0.05000000074505806,False,"{""elapsed_time"": 4.386505842208862, ""steps_taken"": 42, ""cumulative_reward"": -0.05000000074505806}",1764285819375,1764285819.3776085
bc4e72da-c905-4010-a52d-805e9e9d6ac6,unknown,LhOe9O65UzsjfUE0AAAB,1764285814.9916534,0,ppo_pace_two_ing_3_seed1,default,43,0,-0.05000000074505806,False,"{""elapsed_time"": 4.486828565597534, ""steps_taken"": 43, ""cumulative_reward"": -0.05000000074505806}",1764285819475,1764285819.4779308
bc4e72da-c905-4010-a52d-805e9e9d6ac6,unknown,LhOe9O65UzsjfUE0AAAB,1764285814.9916534,0,ppo_pace_two_ing_3_seed1,default,44,0,-0.05000000074505806,False,"{""elapsed_time"": 4.586745738983154, ""steps_taken"": 44, ""cumulative_reward"": -0.05000000074505806}",1764285819575,1764285819.577849
bc4e72da-c905-4010-a52d-805e9e9d6ac6,unknown,LhOe9O65UzsjfUE0AAAB,1764285814.9916534,0,ppo_pace_two_ing_3_seed1,default,45,0,-0.05000000074505806,False,"{""elapsed_time"": 4.6874799728393555, ""steps_taken"": 45, ""cumulative_reward"": -0.05000000074505806}",1764285819675,1764285819.6785824
bc4e72da-c905-4010-a52d-805e9e9d6ac6,unknown,LhOe9O65UzsjfUE0AAAB,1764285814.9916534,0,ppo_pace_two_ing_3_seed1,default,46,0,-0.05000000074505806,False,"{""elapsed_time"": 4.790135145187378, ""steps_taken"": 46, ""cumulative_reward"": -0.05000000074505806}",1764285819776,1764285819.7812455
bc4e72da-c905-4010-a52d-805e9e9d6ac6,unknown,LhOe9O65UzsjfUE0AAAB,1764285814.9916534,0,ppo_pace_two_ing_3_seed1,default,47,0,-0.05000000074505806,False,"{""elapsed_time"": 4.887518644332886, ""steps_taken"": 47, ""cumulative_reward"": -0.05000000074505806}",1764285819877,1764285819.8786204
bc4e72da-c905-4010-a52d-805e9e9d6ac6,unknown,LhOe9O65UzsjfUE0AAAB,1764285814.9916534,0,ppo_pace_two_ing_3_seed1,default,48,0,-0.05000000074505806,False,"{""elapsed_time"": 4.987911701202393, ""steps_taken"": 48, ""cumulative_reward"": -0.05000000074505806}",1764285819976,1764285819.9790142
bc4e72da-c905-4010-a52d-805e9e9d6ac6,unknown,LhOe9O65UzsjfUE0AAAB,1764285814.9916534,0,ppo_pace_two_ing_3_seed1,default,49,0,-0.05000000074505806,False,"{""elapsed_time"": 5.088252782821655, ""steps_taken"": 49, ""cumulative_reward"": -0.05000000074505806}",1764285820077,1764285820.0793552
bc4e72da-c905-4010-a52d-805e9e9d6ac6,unknown,LhOe9O65UzsjfUE0AAAB,1764285814.9916534,0,ppo_pace_two_ing_3_seed1,default,50,0,-0.05000000074505806,False,"{""elapsed_time"": 5.190975189208984, ""steps_taken"": 50, ""cumulative_reward"": -0.05000000074505806}",1764285820177,1764285820.1820846
bc4e72da-c905-4010-a52d-805e9e9d6ac6,unknown,LhOe9O65UzsjfUE0AAAB,1764285814.9916534,0,ppo_pace_two_ing_3_seed1,default,51,0,-0.05000000074505806,False,"{""elapsed_time"": 5.291056871414185, ""steps_taken"": 51, ""cumulative_reward"": -0.05000000074505806}",1764285820277,1764285820.2821665
bc4e72da-c905-4010-a52d-805e9e9d6ac6,unknown,LhOe9O65UzsjfUE0AAAB,1764285814.9916534,0,ppo_pace_two_ing_3_seed1,default,52,0,-0.05000000074505806,False,"{""elapsed_time"": 5.3912858963012695, ""steps_taken"": 52, ""cumulative_reward"": -0.05000000074505806}",1764285820378,1764285820.3823957
bc4e72da-c905-4010-a52d-805e9e9d6ac6,unknown,LhOe9O65UzsjfUE0AAAB,1764285814.9916534,0,ppo_pace_two_ing_3_seed1,default,53,0,-0.05000000074505806,False,"{""elapsed_time"": 5.491610527038574, ""steps_taken"": 53, ""cumulative_reward"": -0.05000000074505806}",1764285820477,1764285820.482721
bc4e72da-c905-4010-a52d-805e9e9d6ac6,unknown,LhOe9O65UzsjfUE0AAAB,1764285814.9916534,0,ppo_pace_two_ing_3_seed1,default,54,0,-0.05000000074505806,False,"{""elapsed_time"": 5.591747999191284, ""steps_taken"": 54, ""cumulative_reward"": -0.05000000074505806}",1764285820578,1764285820.5828588
bc4e72da-c905-4010-a52d-805e9e9d6ac6,unknown,LhOe9O65UzsjfUE0AAAB,1764285814.9916534,0,ppo_pace_two_ing_3_seed1,default,55,0,-0.05000000074505806,False,"{""elapsed_time"": 5.6913182735443115, ""steps_taken"": 55, ""cumulative_reward"": -0.05000000074505806}",1764285820678,1764285820.6824236
bc4e72da-c905-4010-a52d-805e9e9d6ac6,unknown,LhOe9O65UzsjfUE0AAAB,1764285814.9916534,0,ppo_pace_two_ing_3_seed1,default,56,0,-0.05000000074505806,False,"{""elapsed_time"": 5.789423227310181, ""steps_taken"": 56, ""cumulative_reward"": -0.05000000074505806}",1764285820778,1764285820.7805247
bc4e72da-c905-4010-a52d-805e9e9d6ac6,unknown,LhOe9O65UzsjfUE0AAAB,1764285814.9916534,0,ppo_pace_two_ing_3_seed1,default,57,0,-0.05000000074505806,False,"{""elapsed_time"": 5.889488458633423, ""steps_taken"": 57, ""cumulative_reward"": -0.05000000074505806}",1764285820878,1764285820.8805907
bc4e72da-c905-4010-a52d-805e9e9d6ac6,unknown,LhOe9O65UzsjfUE0AAAB,1764285814.9916534,0,ppo_pace_two_ing_3_seed1,default,58,0,-0.05000000074505806,False,"{""elapsed_time"": 5.989835262298584, ""steps_taken"": 58, ""cumulative_reward"": -0.05000000074505806}",1764285820978,1764285820.9809375
bc4e72da-c905-4010-a52d-805e9e9d6ac6,unknown,LhOe9O65UzsjfUE0AAAB,1764285814.9916534,0,ppo_pace_two_ing_3_seed1,default,59,0,-0.05000000074505806,False,"{""elapsed_time"": 6.0897533893585205, ""steps_taken"": 59, ""cumulative_reward"": -0.05000000074505806}",1764285821078,1764285821.0808573
bc4e72da-c905-4010-a52d-805e9e9d6ac6,unknown,LhOe9O65UzsjfUE0AAAB,1764285814.9916534,0,ppo_pace_two_ing_3_seed1,default,60,0,-0.05000000074505806,False,"{""elapsed_time"": 6.189914226531982, ""steps_taken"": 60, ""cumulative_reward"": -0.05000000074505806}",1764285821179,1764285821.1810155
bc4e72da-c905-4010-a52d-805e9e9d6ac6,unknown,LhOe9O65UzsjfUE0AAAB,1764285814.9916534,0,ppo_pace_two_ing_3_seed1,default,61,0,-0.05000000074505806,False,"{""elapsed_time"": 6.29024600982666, ""steps_taken"": 61, ""cumulative_reward"": -0.05000000074505806}",1764285821279,1764285821.2813478
bc4e72da-c905-4010-a52d-805e9e9d6ac6,unknown,LhOe9O65UzsjfUE0AAAB,1764285814.9916534,0,ppo_pace_two_ing_3_seed1,default,62,0,-0.05000000074505806,False,"{""elapsed_time"": 6.390632152557373, ""steps_taken"": 62, ""cumulative_reward"": -0.05000000074505806}",1764285821379,1764285821.3817337
bc4e72da-c905-4010-a52d-805e9e9d6ac6,unknown,LhOe9O65UzsjfUE0AAAB,1764285814.9916534,0,ppo_pace_two_ing_3_seed1,default,63,0,-0.05000000074505806,False,"{""elapsed_time"": 6.490766286849976, ""steps_taken"": 63, ""cumulative_reward"": -0.05000000074505806}",1764285821480,1764285821.4818692
bc4e72da-c905-4010-a52d-805e9e9d6ac6,unknown,LhOe9O65UzsjfUE0AAAB,1764285814.9916534,0,ppo_pace_two_ing_3_seed1,default,64,0,-0.05000000074505806,False,"{""elapsed_time"": 6.591148614883423, ""steps_taken"": 64, ""cumulative_reward"": -0.05000000074505806}",1764285821580,1764285821.5822504
bc4e72da-c905-4010-a52d-805e9e9d6ac6,unknown,LhOe9O65UzsjfUE0AAAB,1764285814.9916534,0,ppo_pace_two_ing_3_seed1,default,65,0,-0.05000000074505806,False,"{""elapsed_time"": 6.6911468505859375, ""steps_taken"": 65, ""cumulative_reward"": -0.05000000074505806}",1764285821680,1764285821.682248
bc4e72da-c905-4010-a52d-805e9e9d6ac6,unknown,LhOe9O65UzsjfUE0AAAB,1764285814.9916534,0,ppo_pace_two_ing_3_seed1,default,66,0,-0.05000000074505806,False,"{""elapsed_time"": 6.7915613651275635, ""steps_taken"": 66, ""cumulative_reward"": -0.05000000074505806}",1764285821781,1764285821.7826648
bc4e72da-c905-4010-a52d-805e9e9d6ac6,unknown,LhOe9O65UzsjfUE0AAAB,1764285814.9916534,0,ppo_pace_two_ing_3_seed1,default,67,0,-0.05000000074505806,False,"{""elapsed_time"": 6.891732215881348, ""steps_taken"": 67, ""cumulative_reward"": -0.05000000074505806}",1764285821881,1764285821.8828344
bc4e72da-c905-4010-a52d-805e9e9d6ac6,unknown,LhOe9O65UzsjfUE0AAAB,1764285814.9916534,0,ppo_pace_two_ing_3_seed1,default,68,0,-0.05000000074505806,False,"{""elapsed_time"": 6.993494510650635, ""steps_taken"": 68, ""cumulative_reward"": -0.05000000074505806}",1764285821981,1764285821.984601
bc4e72da-c905-4010-a52d-805e9e9d6ac6,unknown,LhOe9O65UzsjfUE0AAAB,1764285814.9916534,0,ppo_pace_two_ing_3_seed1,default,69,0,-0.05000000074505806,False,"{""elapsed_time"": 7.093029260635376, ""steps_taken"": 69, ""cumulative_reward"": -0.05000000074505806}",1764285822081,1764285822.0841331
bc4e72da-c905-4010-a52d-805e9e9d6ac6,unknown,LhOe9O65UzsjfUE0AAAB,1764285814.9916534,0,ppo_pace_two_ing_3_seed1,default,70,0,-0.05000000074505806,False,"{""elapsed_time"": 7.192378520965576, ""steps_taken"": 70, ""cumulative_reward"": -0.05000000074505806}",1764285822181,1764285822.1834817
bc4e72da-c905-4010-a52d-805e9e9d6ac6,unknown,LhOe9O65UzsjfUE0AAAB,1764285814.9916534,0,ppo_pace_two_ing_3_seed1,default,71,0,-0.05000000074505806,False,"{""elapsed_time"": 7.295433282852173, ""steps_taken"": 71, ""cumulative_reward"": -0.05000000074505806}",1764285822281,1764285822.2865438
bc4e72da-c905-4010-a52d-805e9e9d6ac6,unknown,LhOe9O65UzsjfUE0AAAB,1764285814.9916534,0,ppo_pace_two_ing_3_seed1,default,72,0,-0.05000000074505806,False,"{""elapsed_time"": 7.3926732540130615, ""steps_taken"": 72, ""cumulative_reward"": -0.05000000074505806}",1764285822381,1764285822.3837752
bc4e72da-c905-4010-a52d-805e9e9d6ac6,unknown,LhOe9O65UzsjfUE0AAAB,1764285814.9916534,0,ppo_pace_two_ing_3_seed1,default,73,0,-0.05000000074505806,False,"{""elapsed_time"": 7.493005275726318, ""steps_taken"": 73, ""cumulative_reward"": -0.05000000074505806}",1764285822482,1764285822.4841077
bc4e72da-c905-4010-a52d-805e9e9d6ac6,unknown,LhOe9O65UzsjfUE0AAAB,1764285814.9916534,0,ppo_pace_two_ing_3_seed1,default,74,0,-0.05000000074505806,False,"{""elapsed_time"": 7.592978239059448, ""steps_taken"": 74, ""cumulative_reward"": -0.05000000074505806}",1764285822582,1764285822.5840807
bc4e72da-c905-4010-a52d-805e9e9d6ac6,unknown,LhOe9O65UzsjfUE0AAAB,1764285814.9916534,0,ppo_pace_two_ing_3_seed1,default,75,0,-0.05000000074505806,False,"{""elapsed_time"": 7.693090200424194, ""steps_taken"": 75, ""cumulative_reward"": -0.05000000074505806}",1764285822682,1764285822.6841922
bc4e72da-c905-4010-a52d-805e9e9d6ac6,unknown,LhOe9O65UzsjfUE0AAAB,1764285814.9916534,0,ppo_pace_two_ing_3_seed1,default,76,0,-0.05000000074505806,False,"{""elapsed_time"": 7.793342113494873, ""steps_taken"": 76, ""cumulative_reward"": -0.05000000074505806}",1764285822782,1764285822.7844439
bc4e72da-c905-4010-a52d-805e9e9d6ac6,unknown,LhOe9O65UzsjfUE0AAAB,1764285814.9916534,0,ppo_pace_two_ing_3_seed1,default,77,0,-0.05000000074505806,False,"{""elapsed_time"": 7.893747806549072, ""steps_taken"": 77, ""cumulative_reward"": -0.05000000074505806}",1764285822882,1764285822.8848505
bc4e72da-c905-4010-a52d-805e9e9d6ac6,unknown,LhOe9O65UzsjfUE0AAAB,1764285814.9916534,0,ppo_pace_two_ing_3_seed1,default,78,0,-0.05000000074505806,False,"{""elapsed_time"": 7.995219469070435, ""steps_taken"": 78, ""cumulative_reward"": -0.05000000074505806}",1764285822982,1764285822.9863336
bc4e72da-c905-4010-a52d-805e9e9d6ac6,unknown,LhOe9O65UzsjfUE0AAAB,1764285814.9916534,0,ppo_pace_two_ing_3_seed1,default,79,0,-0.05000000074505806,False,"{""elapsed_time"": 8.093810796737671, ""steps_taken"": 79, ""cumulative_reward"": -0.05000000074505806}",1764285823082,1764285823.0849137
bc4e72da-c905-4010-a52d-805e9e9d6ac6,unknown,LhOe9O65UzsjfUE0AAAB,1764285814.9916534,0,ppo_pace_two_ing_3_seed1,default,80,0,-0.05000000074505806,False,"{""elapsed_time"": 8.193681478500366, ""steps_taken"": 80, ""cumulative_reward"": -0.05000000074505806}",1764285823182,1764285823.1847844
bc4e72da-c905-4010-a52d-805e9e9d6ac6,unknown,LhOe9O65UzsjfUE0AAAB,1764285814.9916534,0,ppo_pace_two_ing_3_seed1,default,81,0,-0.05000000074505806,False,"{""elapsed_time"": 8.294331789016724, ""steps_taken"": 81, ""cumulative_reward"": -0.05000000074505806}",1764285823283,1764285823.2854362
bc4e72da-c905-4010-a52d-805e9e9d6ac6,unknown,LhOe9O65UzsjfUE0AAAB,1764285814.9916534,0,ppo_pace_two_ing_3_seed1,default,82,0,-0.05000000074505806,False,"{""elapsed_time"": 8.394084930419922, ""steps_taken"": 82, ""cumulative_reward"": -0.05000000074505806}",1764285823383,1764285823.385187
bc4e72da-c905-4010-a52d-805e9e9d6ac6,unknown,LhOe9O65UzsjfUE0AAAB,1764285814.9916534,0,ppo_pace_two_ing_3_seed1,default,83,0,-0.05000000074505806,False,"{""elapsed_time"": 8.494229078292847, ""steps_taken"": 83, ""cumulative_reward"": -0.05000000074505806}",1764285823483,1764285823.485332
bc4e72da-c905-4010-a52d-805e9e9d6ac6,unknown,LhOe9O65UzsjfUE0AAAB,1764285814.9916534,0,ppo_pace_two_ing_3_seed1,default,84,0,-0.05000000074505806,False,"{""elapsed_time"": 8.594279050827026, ""steps_taken"": 84, ""cumulative_reward"": -0.05000000074505806}",1764285823583,1764285823.585382
bc4e72da-c905-4010-a52d-805e9e9d6ac6,unknown,LhOe9O65UzsjfUE0AAAB,1764285814.9916534,0,ppo_pace_two_ing_3_seed1,default,85,0,-0.05000000074505806,False,"{""elapsed_time"": 8.694400310516357, ""steps_taken"": 85, ""cumulative_reward"": -0.05000000074505806}",1764285823683,1764285823.685503
bc4e72da-c905-4010-a52d-805e9e9d6ac6,unknown,LhOe9O65UzsjfUE0AAAB,1764285814.9916534,0,ppo_pace_two_ing_3_seed1,default,86,0,-0.05000000074505806,False,"{""elapsed_time"": 8.797523260116577, ""steps_taken"": 86, ""cumulative_reward"": -0.05000000074505806}",1764285823784,1764285823.7886329
bc4e72da-c905-4010-a52d-805e9e9d6ac6,unknown,LhOe9O65UzsjfUE0AAAB,1764285814.9916534,0,ppo_pace_two_ing_3_seed1,default,87,0,-0.05000000074505806,False,"{""elapsed_time"": 8.894773960113525, ""steps_taken"": 87, ""cumulative_reward"": -0.05000000074505806}",1764285823884,1764285823.885877
bc4e72da-c905-4010-a52d-805e9e9d6ac6,unknown,LhOe9O65UzsjfUE0AAAB,1764285814.9916534,0,ppo_pace_two_ing_3_seed1,default,88,0,-0.05000000074505806,False,"{""elapsed_time"": 8.995961427688599, ""steps_taken"": 88, ""cumulative_reward"": -0.05000000074505806}",1764285823984,1764285823.9870665
bc4e72da-c905-4010-a52d-805e9e9d6ac6,unknown,LhOe9O65UzsjfUE0AAAB,1764285814.9916534,0,ppo_pace_two_ing_3_seed1,default,89,0,-0.05000000074505806,False,"{""elapsed_time"": 9.09514856338501, ""steps_taken"": 89, ""cumulative_reward"": -0.05000000074505806}",1764285824084,1764285824.0862522
bc4e72da-c905-4010-a52d-805e9e9d6ac6,unknown,LhOe9O65UzsjfUE0AAAB,1764285814.9916534,0,ppo_pace_two_ing_3_seed1,default,90,0,-0.05000000074505806,False,"{""elapsed_time"": 9.195742130279541, ""steps_taken"": 90, ""cumulative_reward"": -0.05000000074505806}",1764285824184,1764285824.1868439
bc4e72da-c905-4010-a52d-805e9e9d6ac6,unknown,LhOe9O65UzsjfUE0AAAB,1764285814.9916534,0,ppo_pace_two_ing_3_seed1,default,91,0,-0.05000000074505806,False,"{""elapsed_time"": 9.295775175094604, ""steps_taken"": 91, ""cumulative_reward"": -0.05000000074505806}",1764285824284,1764285824.2868774
bc4e72da-c905-4010-a52d-805e9e9d6ac6,unknown,LhOe9O65UzsjfUE0AAAB,1764285814.9916534,0,ppo_pace_two_ing_3_seed1,default,92,0,-0.05000000074505806,False,"{""elapsed_time"": 9.39561939239502, ""steps_taken"": 92, ""cumulative_reward"": -0.05000000074505806}",1764285824385,1764285824.3867218
bc4e72da-c905-4010-a52d-805e9e9d6ac6,unknown,LhOe9O65UzsjfUE0AAAB,1764285814.9916534,0,ppo_pace_two_ing_3_seed1,default,93,0,-0.05000000074505806,False,"{""elapsed_time"": 9.496978044509888, ""steps_taken"": 93, ""cumulative_reward"": -0.05000000074505806}",1764285824484,1764285824.4880836
bc4e72da-c905-4010-a52d-805e9e9d6ac6,unknown,LhOe9O65UzsjfUE0AAAB,1764285814.9916534,0,ppo_pace_two_ing_3_seed1,default,94,0,-0.05000000074505806,False,"{""elapsed_time"": 9.595750570297241, ""steps_taken"": 94, ""cumulative_reward"": -0.05000000074505806}",1764285824584,1764285824.586853
bc4e72da-c905-4010-a52d-805e9e9d6ac6,unknown,LhOe9O65UzsjfUE0AAAB,1764285814.9916534,0,ppo_pace_two_ing_3_seed1,default,95,0,-0.05000000074505806,False,"{""elapsed_time"": 9.69814682006836, ""steps_taken"": 95, ""cumulative_reward"": -0.05000000074505806}",1764285824685,1764285824.6892507
bc4e72da-c905-4010-a52d-805e9e9d6ac6,unknown,LhOe9O65UzsjfUE0AAAB,1764285814.9916534,0,ppo_pace_two_ing_3_seed1,default,96,0,-0.05000000074505806,False,"{""elapsed_time"": 9.796108484268188, ""steps_taken"": 96, ""cumulative_reward"": -0.05000000074505806}",1764285824785,1764285824.787212
bc4e72da-c905-4010-a52d-805e9e9d6ac6,unknown,LhOe9O65UzsjfUE0AAAB,1764285814.9916534,0,ppo_pace_two_ing_3_seed1,default,97,0,-0.05000000074505806,False,"{""elapsed_time"": 9.896414995193481, ""steps_taken"": 97, ""cumulative_reward"": -0.05000000074505806}",1764285824885,1764285824.887518
bc4e72da-c905-4010-a52d-805e9e9d6ac6,unknown,LhOe9O65UzsjfUE0AAAB,1764285814.9916534,0,ppo_pace_two_ing_3_seed1,default,98,0,-0.05000000074505806,False,"{""elapsed_time"": 9.999034643173218, ""steps_taken"": 98, ""cumulative_reward"": -0.05000000074505806}",1764285824985,1764285824.9901443
bc4e72da-c905-4010-a52d-805e9e9d6ac6,unknown,LhOe9O65UzsjfUE0AAAB,1764285814.9916534,0,ppo_pace_two_ing_3_seed1,default,99,0,-0.05000000074505806,False,"{""elapsed_time"": 10.096896171569824, ""steps_taken"": 99, ""cumulative_reward"": -0.05000000074505806}",1764285825085,1764285825.0879998
bc4e72da-c905-4010-a52d-805e9e9d6ac6,unknown,LhOe9O65UzsjfUE0AAAB,1764285814.9916534,0,ppo_pace_two_ing_3_seed1,default,100,0,-0.05000000074505806,False,"{""elapsed_time"": 10.200530529022217, ""steps_taken"": 100, ""cumulative_reward"": -0.05000000074505806}",1764285825185,1764285825.191642
bc4e72da-c905-4010-a52d-805e9e9d6ac6,unknown,LhOe9O65UzsjfUE0AAAB,1764285814.9916534,0,ppo_pace_two_ing_3_seed1,default,101,0,-0.05000000074505806,False,"{""elapsed_time"": 10.299482583999634, ""steps_taken"": 101, ""cumulative_reward"": -0.05000000074505806}",1764285825285,1764285825.290592
bc4e72da-c905-4010-a52d-805e9e9d6ac6,unknown,LhOe9O65UzsjfUE0AAAB,1764285814.9916534,0,ppo_pace_two_ing_3_seed1,default,102,0,-0.05000000074505806,False,"{""elapsed_time"": 10.397693634033203, ""steps_taken"": 102, ""cumulative_reward"": -0.05000000074505806}",1764285825386,1764285825.388796
bc4e72da-c905-4010-a52d-805e9e9d6ac6,unknown,LhOe9O65UzsjfUE0AAAB,1764285814.9916534,0,ppo_pace_two_ing_3_seed1,default,103,0,-0.05000000074505806,False,"{""elapsed_time"": 10.49680781364441, ""steps_taken"": 103, ""cumulative_reward"": -0.05000000074505806}",1764285825486,1764285825.4879098
bc4e72da-c905-4010-a52d-805e9e9d6ac6,unknown,LhOe9O65UzsjfUE0AAAB,1764285814.9916534,0,ppo_pace_two_ing_3_seed1,default,104,0,-0.05000000074505806,False,"{""elapsed_time"": 10.596966028213501, ""steps_taken"": 104, ""cumulative_reward"": -0.05000000074505806}",1764285825586,1764285825.5880678
bc4e72da-c905-4010-a52d-805e9e9d6ac6,unknown,LhOe9O65UzsjfUE0AAAB,1764285814.9916534,0,ppo_pace_two_ing_3_seed1,default,105,0,-0.05000000074505806,False,"{""elapsed_time"": 10.697803020477295, ""steps_taken"": 105, ""cumulative_reward"": -0.05000000074505806}",1764285825686,1764285825.6889071
bc4e72da-c905-4010-a52d-805e9e9d6ac6,unknown,LhOe9O65UzsjfUE0AAAB,1764285814.9916534,0,ppo_pace_two_ing_3_seed1,default,106,0,-0.05000000074505806,False,"{""elapsed_time"": 10.800460815429688, ""steps_taken"": 106, ""cumulative_reward"": -0.05000000074505806}",1764285825786,1764285825.791571
bc4e72da-c905-4010-a52d-805e9e9d6ac6,unknown,LhOe9O65UzsjfUE0AAAB,1764285814.9916534,0,ppo_pace_two_ing_3_seed1,default,107,0,-0.05000000074505806,False,"{""elapsed_time"": 10.898559808731079, ""steps_taken"": 107, ""cumulative_reward"": -0.05000000074505806}",1764285825886,1764285825.8896658
bc4e72da-c905-4010-a52d-805e9e9d6ac6,unknown,LhOe9O65UzsjfUE0AAAB,1764285814.9916534,0,ppo_pace_two_ing_3_seed1,default,108,0,-0.05000000074505806,False,"{""elapsed_time"": 10.998222351074219, ""steps_taken"": 108, ""cumulative_reward"": -0.05000000074505806}",1764285825987,1764285825.9893243
bc4e72da-c905-4010-a52d-805e9e9d6ac6,unknown,LhOe9O65UzsjfUE0AAAB,1764285814.9916534,0,ppo_pace_two_ing_3_seed1,default,109,0,-0.05000000074505806,False,"{""elapsed_time"": 11.098250389099121, ""steps_taken"": 109, ""cumulative_reward"": -0.05000000074505806}",1764285826087,1764285826.0893533
bc4e72da-c905-4010-a52d-805e9e9d6ac6,unknown,LhOe9O65UzsjfUE0AAAB,1764285814.9916534,0,ppo_pace_two_ing_3_seed1,default,110,0,-0.05000000074505806,False,"{""elapsed_time"": 11.199066162109375, ""steps_taken"": 110, ""cumulative_reward"": -0.05000000074505806}",1764285826187,1764285826.1901712
bc4e72da-c905-4010-a52d-805e9e9d6ac6,unknown,LhOe9O65UzsjfUE0AAAB,1764285814.9916534,0,ppo_pace_two_ing_3_seed1,default,111,0,-0.05000000074505806,False,"{""elapsed_time"": 11.299621343612671, ""steps_taken"": 111, ""cumulative_reward"": -0.05000000074505806}",1764285826288,1764285826.290726
bc4e72da-c905-4010-a52d-805e9e9d6ac6,unknown,LhOe9O65UzsjfUE0AAAB,1764285814.9916534,0,ppo_pace_two_ing_3_seed1,default,112,0,-0.05000000074505806,False,"{""elapsed_time"": 11.399407625198364, ""steps_taken"": 112, ""cumulative_reward"": -0.05000000074505806}",1764285826387,1764285826.3905115
bc4e72da-c905-4010-a52d-805e9e9d6ac6,unknown,LhOe9O65UzsjfUE0AAAB,1764285814.9916534,0,ppo_pace_two_ing_3_seed1,default,113,0,-0.05000000074505806,False,"{""elapsed_time"": 11.50017762184143, ""steps_taken"": 113, ""cumulative_reward"": -0.05000000074505806}",1764285826487,1764285826.4912815
bc4e72da-c905-4010-a52d-805e9e9d6ac6,unknown,LhOe9O65UzsjfUE0AAAB,1764285814.9916534,0,ppo_pace_two_ing_3_seed1,default,114,0,-0.05000000074505806,False,"{""elapsed_time"": 11.599984884262085, ""steps_taken"": 114, ""cumulative_reward"": -0.05000000074505806}",1764285826588,1764285826.5910866
bc4e72da-c905-4010-a52d-805e9e9d6ac6,unknown,LhOe9O65UzsjfUE0AAAB,1764285814.9916534,0,ppo_pace_two_ing_3_seed1,default,115,0,-0.05000000074505806,False,"{""elapsed_time"": 11.698790550231934, ""steps_taken"": 115, ""cumulative_reward"": -0.05000000074505806}",1764285826687,1764285826.689893
bc4e72da-c905-4010-a52d-805e9e9d6ac6,unknown,LhOe9O65UzsjfUE0AAAB,1764285814.9916534,0,ppo_pace_two_ing_3_seed1,default,116,0,-0.05000000074505806,False,"{""elapsed_time"": 11.800482511520386, ""steps_taken"": 116, ""cumulative_reward"": -0.05000000074505806}",1764285826787,1764285826.7915864
bc4e72da-c905-4010-a52d-805e9e9d6ac6,unknown,LhOe9O65UzsjfUE0AAAB,1764285814.9916534,0,ppo_pace_two_ing_3_seed1,default,117,0,-0.05000000074505806,False,"{""elapsed_time"": 11.899205207824707, ""steps_taken"": 117, ""cumulative_reward"": -0.05000000074505806}",1764285826888,1764285826.8903072
bc4e72da-c905-4010-a52d-805e9e9d6ac6,unknown,LhOe9O65UzsjfUE0AAAB,1764285814.9916534,0,ppo_pace_two_ing_3_seed1,default,118,0,-0.05000000074505806,False,"{""elapsed_time"": 12.000580787658691, ""steps_taken"": 118, ""cumulative_reward"": -0.05000000074505806}",1764285826989,1764285826.9916859
bc4e72da-c905-4010-a52d-805e9e9d6ac6,unknown,LhOe9O65UzsjfUE0AAAB,1764285814.9916534,0,ppo_pace_two_ing_3_seed1,default,119,0,-0.05000000074505806,False,"{""elapsed_time"": 12.101100444793701, ""steps_taken"": 119, ""cumulative_reward"": -0.05000000074505806}",1764285827088,1764285827.0922039
bc4e72da-c905-4010-a52d-805e9e9d6ac6,unknown,LhOe9O65UzsjfUE0AAAB,1764285814.9916534,0,ppo_pace_two_ing_3_seed1,default,120,0,-0.05000000074505806,False,"{""elapsed_time"": 12.199873685836792, ""steps_taken"": 120, ""cumulative_reward"": -0.05000000074505806}",1764285827188,1764285827.190977
bc4e72da-c905-4010-a52d-805e9e9d6ac6,unknown,LhOe9O65UzsjfUE0AAAB,1764285814.9916534,0,ppo_pace_two_ing_3_seed1,default,121,0,-0.05000000074505806,False,"{""elapsed_time"": 12.299688577651978, ""steps_taken"": 121, ""cumulative_reward"": -0.05000000074505806}",1764285827289,1764285827.2907917
bc4e72da-c905-4010-a52d-805e9e9d6ac6,unknown,LhOe9O65UzsjfUE0AAAB,1764285814.9916534,0,ppo_pace_two_ing_3_seed1,default,122,0,-0.05000000074505806,False,"{""elapsed_time"": 12.400903224945068, ""steps_taken"": 122, ""cumulative_reward"": -0.05000000074505806}",1764285827389,1764285827.392009
bc4e72da-c905-4010-a52d-805e9e9d6ac6,unknown,LhOe9O65UzsjfUE0AAAB,1764285814.9916534,0,ppo_pace_two_ing_3_seed1,default,123,0,-0.05000000074505806,False,"{""elapsed_time"": 12.500081062316895, ""steps_taken"": 123, ""cumulative_reward"": -0.05000000074505806}",1764285827489,1764285827.4911833
bc4e72da-c905-4010-a52d-805e9e9d6ac6,unknown,LhOe9O65UzsjfUE0AAAB,1764285814.9916534,0,ppo_pace_two_ing_3_seed1,default,124,0,-0.05000000074505806,False,"{""elapsed_time"": 12.606981754302979, ""steps_taken"": 124, ""cumulative_reward"": -0.05000000074505806}",1764285827589,1764285827.5980883
bc4e72da-c905-4010-a52d-805e9e9d6ac6,unknown,LhOe9O65UzsjfUE0AAAB,1764285814.9916534,0,ppo_pace_two_ing_3_seed1,default,125,0,-0.05000000074505806,False,"{""elapsed_time"": 12.701115846633911, ""steps_taken"": 125, ""cumulative_reward"": -0.05000000074505806}",1764285827689,1764285827.69222
bc4e72da-c905-4010-a52d-805e9e9d6ac6,unknown,LhOe9O65UzsjfUE0AAAB,1764285814.9916534,0,ppo_pace_two_ing_3_seed1,default,126,0,-0.05000000074505806,False,"{""elapsed_time"": 12.801020383834839, ""steps_taken"": 126, ""cumulative_reward"": -0.05000000074505806}",1764285827789,1764285827.792125
bc4e72da-c905-4010-a52d-805e9e9d6ac6,unknown,LhOe9O65UzsjfUE0AAAB,1764285814.9916534,0,ppo_pace_two_ing_3_seed1,default,127,0,-0.05000000074505806,False,"{""elapsed_time"": 12.900853633880615, ""steps_taken"": 127, ""cumulative_reward"": -0.05000000074505806}",1764285827889,1764285827.8919566
bc4e72da-c905-4010-a52d-805e9e9d6ac6,unknown,LhOe9O65UzsjfUE0AAAB,1764285814.9916534,0,ppo_pace_two_ing_3_seed1,default,128,0,-0.05000000074505806,False,"{""elapsed_time"": 13.001853227615356, ""steps_taken"": 128, ""cumulative_reward"": -0.05000000074505806}",1764285827990,1764285827.9929574
bc4e72da-c905-4010-a52d-805e9e9d6ac6,unknown,LhOe9O65UzsjfUE0AAAB,1764285814.9916534,0,ppo_pace_two_ing_3_seed1,default,129,0,-0.05000000074505806,False,"{""elapsed_time"": 13.101167917251587, ""steps_taken"": 129, ""cumulative_reward"": -0.05000000074505806}",1764285828089,1764285828.092272
bc4e72da-c905-4010-a52d-805e9e9d6ac6,unknown,LhOe9O65UzsjfUE0AAAB,1764285814.9916534,0,ppo_pace_two_ing_3_seed1,default,130,0,-0.05000000074505806,False,"{""elapsed_time"": 13.201269388198853, ""steps_taken"": 130, ""cumulative_reward"": -0.05000000074505806}",1764285828190,1764285828.1923726
bc4e72da-c905-4010-a52d-805e9e9d6ac6,unknown,LhOe9O65UzsjfUE0AAAB,1764285814.9916534,0,ppo_pace_two_ing_3_seed1,default,131,0,-0.05000000074505806,False,"{""elapsed_time"": 13.30092453956604, ""steps_taken"": 131, ""cumulative_reward"": -0.05000000074505806}",1764285828289,1764285828.292027
bc4e72da-c905-4010-a52d-805e9e9d6ac6,unknown,LhOe9O65UzsjfUE0AAAB,1764285814.9916534,0,ppo_pace_two_ing_3_seed1,default,132,0,-0.05000000074505806,False,"{""elapsed_time"": 13.404218435287476, ""steps_taken"": 132, ""cumulative_reward"": -0.05000000074505806}",1764285828390,1764285828.3953295
bc4e72da-c905-4010-a52d-805e9e9d6ac6,unknown,LhOe9O65UzsjfUE0AAAB,1764285814.9916534,0,ppo_pace_two_ing_3_seed1,default,133,0,-0.05000000074505806,False,"{""elapsed_time"": 13.502553462982178, ""steps_taken"": 133, ""cumulative_reward"": -0.05000000074505806}",1764285828490,1764285828.493659
bc4e72da-c905-4010-a52d-805e9e9d6ac6,unknown,LhOe9O65UzsjfUE0AAAB,1764285814.9916534,0,ppo_pace_two_ing_3_seed1,default,134,0,-0.05000000074505806,False,"{""elapsed_time"": 13.602237701416016, ""steps_taken"": 134, ""cumulative_reward"": -0.05000000074505806}",1764285828590,1764285828.5933433
bc4e72da-c905-4010-a52d-805e9e9d6ac6,unknown,LhOe9O65UzsjfUE0AAAB,1764285814.9916534,0,ppo_pace_two_ing_3_seed1,default,135,0,-0.05000000074505806,False,"{""elapsed_time"": 13.70182180404663, ""steps_taken"": 135, ""cumulative_reward"": -0.05000000074505806}",1764285828690,1764285828.6929243
bc4e72da-c905-4010-a52d-805e9e9d6ac6,unknown,LhOe9O65UzsjfUE0AAAB,1764285814.9916534,0,ppo_pace_two_ing_3_seed1,default,136,0,-0.05000000074505806,False,"{""elapsed_time"": 13.802132606506348, ""steps_taken"": 136, ""cumulative_reward"": -0.05000000074505806}",1764285828791,1764285828.7932348
bc4e72da-c905-4010-a52d-805e9e9d6ac6,unknown,LhOe9O65UzsjfUE0AAAB,1764285814.9916534,0,ppo_pace_two_ing_3_seed1,default,137,0,-0.05000000074505806,False,"{""elapsed_time"": 13.903219938278198, ""steps_taken"": 137, ""cumulative_reward"": -0.05000000074505806}",1764285828891,1764285828.894327
bc4e72da-c905-4010-a52d-805e9e9d6ac6,unknown,LhOe9O65UzsjfUE0AAAB,1764285814.9916534,0,ppo_pace_two_ing_3_seed1,default,138,0,-0.05000000074505806,False,"{""elapsed_time"": 14.003844976425171, ""steps_taken"": 138, ""cumulative_reward"": -0.05000000074505806}",1764285828991,1764285828.994958
bc4e72da-c905-4010-a52d-805e9e9d6ac6,unknown,LhOe9O65UzsjfUE0AAAB,1764285814.9916534,0,ppo_pace_two_ing_3_seed1,default,139,0,-0.05000000074505806,False,"{""elapsed_time"": 14.10407018661499, ""steps_taken"": 139, ""cumulative_reward"": -0.05000000074505806}",1764285829091,1764285829.0951824
bc4e72da-c905-4010-a52d-805e9e9d6ac6,unknown,LhOe9O65UzsjfUE0AAAB,1764285814.9916534,0,ppo_pace_two_ing_3_seed1,default,140,0,-0.05000000074505806,False,"{""elapsed_time"": 14.203929424285889, ""steps_taken"": 140, ""cumulative_reward"": -0.05000000074505806}",1764285829191,1764285829.1950378
bc4e72da-c905-4010-a52d-805e9e9d6ac6,unknown,LhOe9O65UzsjfUE0AAAB,1764285814.9916534,0,ppo_pace_two_ing_3_seed1,default,141,0,-0.05000000074505806,False,"{""elapsed_time"": 14.302696943283081, ""steps_taken"": 141, ""cumulative_reward"": -0.05000000074505806}",1764285829291,1764285829.293799
bc4e72da-c905-4010-a52d-805e9e9d6ac6,unknown,LhOe9O65UzsjfUE0AAAB,1764285814.9916534,0,ppo_pace_two_ing_3_seed1,default,142,0,-0.05000000074505806,False,"{""elapsed_time"": 14.403524160385132, ""steps_taken"": 142, ""cumulative_reward"": -0.05000000074505806}",1764285829392,1764285829.3946261
bc4e72da-c905-4010-a52d-805e9e9d6ac6,unknown,LhOe9O65UzsjfUE0AAAB,1764285814.9916534,0,ppo_pace_two_ing_3_seed1,default,143,0,-0.05000000074505806,False,"{""elapsed_time"": 14.503756761550903, ""steps_taken"": 143, ""cumulative_reward"": -0.05000000074505806}",1764285829492,1764285829.4948602
bc4e72da-c905-4010-a52d-805e9e9d6ac6,unknown,LhOe9O65UzsjfUE0AAAB,1764285814.9916534,0,ppo_pace_two_ing_3_seed1,default,144,0,-0.05000000074505806,False,"{""elapsed_time"": 14.605229377746582, ""steps_taken"": 144, ""cumulative_reward"": -0.05000000074505806}",1764285829592,1764285829.5963306
bc4e72da-c905-4010-a52d-805e9e9d6ac6,unknown,LhOe9O65UzsjfUE0AAAB,1764285814.9916534,0,ppo_pace_two_ing_3_seed1,default,145,0,-0.05000000074505806,False,"{""elapsed_time"": 14.704256534576416, ""steps_taken"": 145, ""cumulative_reward"": -0.05000000074505806}",1764285829692,1764285829.6953614
bc4e72da-c905-4010-a52d-805e9e9d6ac6,unknown,LhOe9O65UzsjfUE0AAAB,1764285814.9916534,0,ppo_pace_two_ing_3_seed1,default,146,0,-0.05000000074505806,False,"{""elapsed_time"": 14.80468463897705, ""steps_taken"": 146, ""cumulative_reward"": -0.05000000074505806}",1764285829793,1764285829.795789
bc4e72da-c905-4010-a52d-805e9e9d6ac6,unknown,LhOe9O65UzsjfUE0AAAB,1764285814.9916534,0,ppo_pace_two_ing_3_seed1,default,147,0,-0.05000000074505806,False,"{""elapsed_time"": 14.905031442642212, ""steps_taken"": 147, ""cumulative_reward"": -0.05000000074505806}",1764285829893,1764285829.8961372
bc4e72da-c905-4010-a52d-805e9e9d6ac6,unknown,LhOe9O65UzsjfUE0AAAB,1764285814.9916534,0,ppo_pace_two_ing_3_seed1,default,148,0,-0.05000000074505806,False,"{""elapsed_time"": 15.005558967590332, ""steps_taken"": 148, ""cumulative_reward"": -0.05000000074505806}",1764285829993,1764285829.9966683
bc4e72da-c905-4010-a52d-805e9e9d6ac6,unknown,LhOe9O65UzsjfUE0AAAB,1764285814.9916534,0,ppo_pace_two_ing_3_seed1,default,149,0,-0.05000000074505806,False,"{""elapsed_time"": 15.104951858520508, ""steps_taken"": 149, ""cumulative_reward"": -0.05000000074505806}",1764285830093,1764285830.096056
bc4e72da-c905-4010-a52d-805e9e9d6ac6,unknown,LhOe9O65UzsjfUE0AAAB,1764285814.9916534,0,ppo_pace_two_ing_3_seed1,default,150,0,-0.05000000074505806,False,"{""elapsed_time"": 15.204009771347046, ""steps_taken"": 150, ""cumulative_reward"": -0.05000000074505806}",1764285830193,1764285830.1951122
bc4e72da-c905-4010-a52d-805e9e9d6ac6,unknown,LhOe9O65UzsjfUE0AAAB,1764285814.9916534,0,ppo_pace_two_ing_3_seed1,default,151,0,-0.05000000074505806,False,"{""elapsed_time"": 15.306589365005493, ""steps_taken"": 151, ""cumulative_reward"": -0.05000000074505806}",1764285830294,1764285830.2976952
bc4e72da-c905-4010-a52d-805e9e9d6ac6,unknown,LhOe9O65UzsjfUE0AAAB,1764285814.9916534,0,ppo_pace_two_ing_3_seed1,default,152,0,-0.05000000074505806,False,"{""elapsed_time"": 15.4083833694458, ""steps_taken"": 152, ""cumulative_reward"": -0.05000000074505806}",1764285830393,1764285830.3994932
bc4e72da-c905-4010-a52d-805e9e9d6ac6,unknown,LhOe9O65UzsjfUE0AAAB,1764285814.9916534,0,ppo_pace_two_ing_3_seed1,default,153,0,-0.05000000074505806,False,"{""elapsed_time"": 15.505016326904297, ""steps_taken"": 153, ""cumulative_reward"": -0.05000000074505806}",1764285830494,1764285830.4961195
bc4e72da-c905-4010-a52d-805e9e9d6ac6,unknown,LhOe9O65UzsjfUE0AAAB,1764285814.9916534,0,ppo_pace_two_ing_3_seed1,default,154,0,-0.05000000074505806,False,"{""elapsed_time"": 15.611677408218384, ""steps_taken"": 154, ""cumulative_reward"": -0.05000000074505806}",1764285830594,1764285830.6027815
bc4e72da-c905-4010-a52d-805e9e9d6ac6,unknown,LhOe9O65UzsjfUE0AAAB,1764285814.9916534,0,ppo_pace_two_ing_3_seed1,default,155,0,-0.05000000074505806,False,"{""elapsed_time"": 15.706888675689697, ""steps_taken"": 155, ""cumulative_reward"": -0.05000000074505806}",1764285830693,1764285830.6979914
bc4e72da-c905-4010-a52d-805e9e9d6ac6,unknown,LhOe9O65UzsjfUE0AAAB,1764285814.9916534,0,ppo_pace_two_ing_3_seed1,default,156,0,-0.05000000074505806,False,"{""elapsed_time"": 15.80605435371399, ""steps_taken"": 156, ""cumulative_reward"": -0.05000000074505806}",1764285830794,1764285830.7971575
bc4e72da-c905-4010-a52d-805e9e9d6ac6,unknown,LhOe9O65UzsjfUE0AAAB,1764285814.9916534,0,ppo_pace_two_ing_3_seed1,default,157,0,-0.05000000074505806,False,"{""elapsed_time"": 15.90670394897461, ""steps_taken"": 157, ""cumulative_reward"": -0.05000000074505806}",1764285830894,1764285830.897813
bc4e72da-c905-4010-a52d-805e9e9d6ac6,unknown,LhOe9O65UzsjfUE0AAAB,1764285814.9916534,0,ppo_pace_two_ing_3_seed1,default,158,0,-0.05000000074505806,False,"{""elapsed_time"": 16.0072124004364, ""steps_taken"": 158, ""cumulative_reward"": -0.05000000074505806}",1764285830994,1764285830.9983158
bc4e72da-c905-4010-a52d-805e9e9d6ac6,unknown,LhOe9O65UzsjfUE0AAAB,1764285814.9916534,0,ppo_pace_two_ing_3_seed1,default,159,0,-0.05000000074505806,False,"{""elapsed_time"": 16.105518102645874, ""steps_taken"": 159, ""cumulative_reward"": -0.05000000074505806}",1764285831094,1764285831.0966208
bc4e72da-c905-4010-a52d-805e9e9d6ac6,unknown,LhOe9O65UzsjfUE0AAAB,1764285814.9916534,0,ppo_pace_two_ing_3_seed1,default,160,0,-0.05000000074505806,False,"{""elapsed_time"": 16.20580291748047, ""steps_taken"": 160, ""cumulative_reward"": -0.05000000074505806}",1764285831194,1764285831.1969063
bc4e72da-c905-4010-a52d-805e9e9d6ac6,unknown,LhOe9O65UzsjfUE0AAAB,1764285814.9916534,0,ppo_pace_two_ing_3_seed1,default,161,0,-0.05000000074505806,False,"{""elapsed_time"": 16.306358337402344, ""steps_taken"": 161, ""cumulative_reward"": -0.05000000074505806}",1764285831294,1764285831.2974646
bc4e72da-c905-4010-a52d-805e9e9d6ac6,unknown,LhOe9O65UzsjfUE0AAAB,1764285814.9916534,0,ppo_pace_two_ing_3_seed1,default,162,0,-0.05000000074505806,False,"{""elapsed_time"": 16.407873153686523, ""steps_taken"": 162, ""cumulative_reward"": -0.05000000074505806}",1764285831394,1764285831.3989773
bc4e72da-c905-4010-a52d-805e9e9d6ac6,unknown,LhOe9O65UzsjfUE0AAAB,1764285814.9916534,0,ppo_pace_two_ing_3_seed1,default,163,0,-0.05000000074505806,False,"{""elapsed_time"": 16.507843732833862, ""steps_taken"": 163, ""cumulative_reward"": -0.05000000074505806}",1764285831495,1764285831.498947
bc4e72da-c905-4010-a52d-805e9e9d6ac6,unknown,LhOe9O65UzsjfUE0AAAB,1764285814.9916534,0,ppo_pace_two_ing_3_seed1,default,164,0,-0.05000000074505806,False,"{""elapsed_time"": 16.60625672340393, ""steps_taken"": 164, ""cumulative_reward"": -0.05000000074505806}",1764285831594,1764285831.59736
bc4e72da-c905-4010-a52d-805e9e9d6ac6,unknown,LhOe9O65UzsjfUE0AAAB,1764285814.9916534,0,ppo_pace_two_ing_3_seed1,default,165,0,-0.05000000074505806,False,"{""elapsed_time"": 16.70878505706787, ""steps_taken"": 165, ""cumulative_reward"": -0.05000000074505806}",1764285831695,1764285831.6998968
bc4e72da-c905-4010-a52d-805e9e9d6ac6,unknown,LhOe9O65UzsjfUE0AAAB,1764285814.9916534,0,ppo_pace_two_ing_3_seed1,default,166,0,-0.05000000074505806,False,"{""elapsed_time"": 16.807862281799316, ""steps_taken"": 166, ""cumulative_reward"": -0.05000000074505806}",1764285831795,1764285831.7989666
bc4e72da-c905-4010-a52d-805e9e9d6ac6,unknown,LhOe9O65UzsjfUE0AAAB,1764285814.9916534,0,ppo_pace_two_ing_3_seed1,default,167,0,-0.05000000074505806,False,"{""elapsed_time"": 16.907575368881226, ""steps_taken"": 167, ""cumulative_reward"": -0.05000000074505806}",1764285831895,1764285831.8986785
bc4e72da-c905-4010-a52d-805e9e9d6ac6,unknown,LhOe9O65UzsjfUE0AAAB,1764285814.9916534,0,ppo_pace_two_ing_3_seed1,default,168,0,-0.05000000074505806,False,"{""elapsed_time"": 17.006685495376587, ""steps_taken"": 168, ""cumulative_reward"": -0.05000000074505806}",1764285831995,1764285831.9977872
bc4e72da-c905-4010-a52d-805e9e9d6ac6,unknown,LhOe9O65UzsjfUE0AAAB,1764285814.9916534,0,ppo_pace_two_ing_3_seed1,default,169,0,-0.05000000074505806,False,"{""elapsed_time"": 17.10688591003418, ""steps_taken"": 169, ""cumulative_reward"": -0.05000000074505806}",1764285832095,1764285832.0979888
bc4e72da-c905-4010-a52d-805e9e9d6ac6,unknown,LhOe9O65UzsjfUE0AAAB,1764285814.9916534,0,ppo_pace_two_ing_3_seed1,default,170,0,-0.05000000074505806,False,"{""elapsed_time"": 17.206705331802368, ""steps_taken"": 170, ""cumulative_reward"": -0.05000000074505806}",1764285832195,1764285832.197824
bc4e72da-c905-4010-a52d-805e9e9d6ac6,unknown,LhOe9O65UzsjfUE0AAAB,1764285814.9916534,0,ppo_pace_two_ing_3_seed1,default,171,0,-0.05000000074505806,False,"{""elapsed_time"": 17.30681610107422, ""steps_taken"": 171, ""cumulative_reward"": -0.05000000074505806}",1764285832295,1764285832.2979195
bc4e72da-c905-4010-a52d-805e9e9d6ac6,unknown,LhOe9O65UzsjfUE0AAAB,1764285814.9916534,0,ppo_pace_two_ing_3_seed1,default,172,0,-0.05000000074505806,False,"{""elapsed_time"": 17.408202648162842, ""steps_taken"": 172, ""cumulative_reward"": -0.05000000074505806}",1764285832396,1764285832.3993106
bc4e72da-c905-4010-a52d-805e9e9d6ac6,unknown,LhOe9O65UzsjfUE0AAAB,1764285814.9916534,0,ppo_pace_two_ing_3_seed1,default,173,0,-0.05000000074505806,False,"{""elapsed_time"": 17.507446765899658, ""steps_taken"": 173, ""cumulative_reward"": -0.05000000074505806}",1764285832496,1764285832.4985497
bc4e72da-c905-4010-a52d-805e9e9d6ac6,unknown,LhOe9O65UzsjfUE0AAAB,1764285814.9916534,0,ppo_pace_two_ing_3_seed1,default,174,0,-0.05000000074505806,False,"{""elapsed_time"": 17.60729146003723, ""steps_taken"": 174, ""cumulative_reward"": -0.05000000074505806}",1764285832596,1764285832.598394
bc4e72da-c905-4010-a52d-805e9e9d6ac6,unknown,LhOe9O65UzsjfUE0AAAB,1764285814.9916534,0,ppo_pace_two_ing_3_seed1,default,175,0,-0.05000000074505806,False,"{""elapsed_time"": 17.70812201499939, ""steps_taken"": 175, ""cumulative_reward"": -0.05000000074505806}",1764285832696,1764285832.699227
bc4e72da-c905-4010-a52d-805e9e9d6ac6,unknown,LhOe9O65UzsjfUE0AAAB,1764285814.9916534,0,ppo_pace_two_ing_3_seed1,default,176,0,-0.05000000074505806,False,"{""elapsed_time"": 17.80797791481018, ""steps_taken"": 176, ""cumulative_reward"": -0.05000000074505806}",1764285832796,1764285832.7990813
bc4e72da-c905-4010-a52d-805e9e9d6ac6,unknown,LhOe9O65UzsjfUE0AAAB,1764285814.9916534,0,ppo_pace_two_ing_3_seed1,default,177,0,-0.05000000074505806,False,"{""elapsed_time"": 17.90923309326172, ""steps_taken"": 177, ""cumulative_reward"": -0.05000000074505806}",1764285832897,1764285832.9003353
bc4e72da-c905-4010-a52d-805e9e9d6ac6,unknown,LhOe9O65UzsjfUE0AAAB,1764285814.9916534,0,ppo_pace_two_ing_3_seed1,default,178,0,-0.05000000074505806,False,"{""elapsed_time"": 18.00791049003601, ""steps_taken"": 178, ""cumulative_reward"": -0.05000000074505806}",1764285832996,1764285832.9990127
bc4e72da-c905-4010-a52d-805e9e9d6ac6,unknown,LhOe9O65UzsjfUE0AAAB,1764285814.9916534,0,ppo_pace_two_ing_3_seed1,default,179,0,-0.05000000074505806,False,"{""elapsed_time"": 18.10964846611023, ""steps_taken"": 179, ""cumulative_reward"": -0.05000000074505806}",1764285833097,1764285833.1007574
bc4e72da-c905-4010-a52d-805e9e9d6ac6,unknown,LhOe9O65UzsjfUE0AAAB,1764285814.9916534,0,ppo_pace_two_ing_3_seed1,default,180,0,-0.05000000074505806,False,"{""elapsed_time"": 18.207823038101196, ""steps_taken"": 180, ""cumulative_reward"": -0.05000000074505806}",1764285833197,1764285833.1989248
bc4e72da-c905-4010-a52d-805e9e9d6ac6,unknown,LhOe9O65UzsjfUE0AAAB,1764285814.9916534,0,ppo_pace_two_ing_3_seed1,default,181,0,-0.05000000074505806,False,"{""elapsed_time"": 18.30893063545227, ""steps_taken"": 181, ""cumulative_reward"": -0.05000000074505806}",1764285833297,1764285833.300037
bc4e72da-c905-4010-a52d-805e9e9d6ac6,unknown,LhOe9O65UzsjfUE0AAAB,1764285814.9916534,0,ppo_pace_two_ing_3_seed1,default,182,0,-0.05000000074505806,False,"{""elapsed_time"": 18.410937786102295, ""steps_taken"": 182, ""cumulative_reward"": -0.05000000074505806}",1764285833397,1764285833.4020488
bc4e72da-c905-4010-a52d-805e9e9d6ac6,unknown,LhOe9O65UzsjfUE0AAAB,1764285814.9916534,0,ppo_pace_two_ing_3_seed1,default,183,0,-0.05000000074505806,False,"{""elapsed_time"": 18.509456872940063, ""steps_taken"": 183, ""cumulative_reward"": -0.05000000074505806}",1764285833497,1764285833.5005622
bc4e72da-c905-4010-a52d-805e9e9d6ac6,unknown,LhOe9O65UzsjfUE0AAAB,1764285814.9916534,0,ppo_pace_two_ing_3_seed1,default,184,0,-0.05000000074505806,False,"{""elapsed_time"": 18.611408233642578, ""steps_taken"": 184, ""cumulative_reward"": -0.05000000074505806}",1764285833597,1764285833.6025186
bc4e72da-c905-4010-a52d-805e9e9d6ac6,unknown,LhOe9O65UzsjfUE0AAAB,1764285814.9916534,0,ppo_pace_two_ing_3_seed1,default,185,0,-0.05000000074505806,False,"{""elapsed_time"": 18.70954990386963, ""steps_taken"": 185, ""cumulative_reward"": -0.05000000074505806}",1764285833697,1764285833.7006526
bc4e72da-c905-4010-a52d-805e9e9d6ac6,unknown,LhOe9O65UzsjfUE0AAAB,1764285814.9916534,0,ppo_pace_two_ing_3_seed1,default,186,0,-0.05000000074505806,False,"{""elapsed_time"": 18.809755086898804, ""steps_taken"": 186, ""cumulative_reward"": -0.05000000074505806}",1764285833797,1764285833.8008602
bc4e72da-c905-4010-a52d-805e9e9d6ac6,unknown,LhOe9O65UzsjfUE0AAAB,1764285814.9916534,0,ppo_pace_two_ing_3_seed1,default,187,0,-0.05000000074505806,False,"{""elapsed_time"": 18.908916234970093, ""steps_taken"": 187, ""cumulative_reward"": -0.05000000074505806}",1764285833897,1764285833.9000194
bc4e72da-c905-4010-a52d-805e9e9d6ac6,unknown,LhOe9O65UzsjfUE0AAAB,1764285814.9916534,0,ppo_pace_two_ing_3_seed1,default,188,0,-0.05000000074505806,False,"{""elapsed_time"": 19.00888156890869, ""steps_taken"": 188, ""cumulative_reward"": -0.05000000074505806}",1764285833998,1764285833.999984
bc4e72da-c905-4010-a52d-805e9e9d6ac6,unknown,LhOe9O65UzsjfUE0AAAB,1764285814.9916534,0,ppo_pace_two_ing_3_seed1,default,189,0,-0.05000000074505806,False,"{""elapsed_time"": 19.109514713287354, ""steps_taken"": 189, ""cumulative_reward"": -0.05000000074505806}",1764285834098,1764285834.100617
bc4e72da-c905-4010-a52d-805e9e9d6ac6,unknown,LhOe9O65UzsjfUE0AAAB,1764285814.9916534,0,ppo_pace_two_ing_3_seed1,default,190,0,-0.05000000074505806,False,"{""elapsed_time"": 19.20898413658142, ""steps_taken"": 190, ""cumulative_reward"": -0.05000000074505806}",1764285834198,1764285834.200087
bc4e72da-c905-4010-a52d-805e9e9d6ac6,unknown,LhOe9O65UzsjfUE0AAAB,1764285814.9916534,0,ppo_pace_two_ing_3_seed1,default,191,0,-0.05000000074505806,False,"{""elapsed_time"": 19.310478925704956, ""steps_taken"": 191, ""cumulative_reward"": -0.05000000074505806}",1764285834298,1764285834.301586
bc4e72da-c905-4010-a52d-805e9e9d6ac6,unknown,LhOe9O65UzsjfUE0AAAB,1764285814.9916534,0,ppo_pace_two_ing_3_seed1,default,192,0,-0.05000000074505806,False,"{""elapsed_time"": 19.40922737121582, ""steps_taken"": 192, ""cumulative_reward"": -0.05000000074505806}",1764285834398,1764285834.4003296
bc4e72da-c905-4010-a52d-805e9e9d6ac6,unknown,LhOe9O65UzsjfUE0AAAB,1764285814.9916534,0,ppo_pace_two_ing_3_seed1,default,193,0,-0.05000000074505806,False,"{""elapsed_time"": 19.510723114013672, ""steps_taken"": 193, ""cumulative_reward"": -0.05000000074505806}",1764285834499,1764285834.5018258
bc4e72da-c905-4010-a52d-805e9e9d6ac6,unknown,LhOe9O65UzsjfUE0AAAB,1764285814.9916534,0,ppo_pace_two_ing_3_seed1,default,194,0,-0.05000000074505806,False,"{""elapsed_time"": 19.61025595664978, ""steps_taken"": 194, ""cumulative_reward"": -0.05000000074505806}",1764285834599,1764285834.6013596
bc4e72da-c905-4010-a52d-805e9e9d6ac6,unknown,LhOe9O65UzsjfUE0AAAB,1764285814.9916534,0,ppo_pace_two_ing_3_seed1,default,195,0,-0.05000000074505806,False,"{""elapsed_time"": 19.71233630180359, ""steps_taken"": 195, ""cumulative_reward"": -0.05000000074505806}",1764285834699,1764285834.7034385
bc4e72da-c905-4010-a52d-805e9e9d6ac6,unknown,LhOe9O65UzsjfUE0AAAB,1764285814.9916534,0,ppo_pace_two_ing_3_seed1,default,196,0,-0.05000000074505806,False,"{""elapsed_time"": 19.809842348098755, ""steps_taken"": 196, ""cumulative_reward"": -0.05000000074505806}",1764285834799,1764285834.8009458
bc4e72da-c905-4010-a52d-805e9e9d6ac6,unknown,LhOe9O65UzsjfUE0AAAB,1764285814.9916534,0,ppo_pace_two_ing_3_seed1,default,197,0,-0.05000000074505806,False,"{""elapsed_time"": 19.9106502532959, ""steps_taken"": 197, ""cumulative_reward"": -0.05000000074505806}",1764285834899,1764285834.9017546
bc4e72da-c905-4010-a52d-805e9e9d6ac6,unknown,LhOe9O65UzsjfUE0AAAB,1764285814.9916534,0,ppo_pace_two_ing_3_seed1,default,198,0,-0.05000000074505806,False,"{""elapsed_time"": 20.011609315872192, ""steps_taken"": 198, ""cumulative_reward"": -0.05000000074505806}",1764285834999,1764285835.0027118
bc4e72da-c905-4010-a52d-805e9e9d6ac6,unknown,LhOe9O65UzsjfUE0AAAB,1764285814.9916534,0,ppo_pace_two_ing_3_seed1,default,199,0,-0.05000000074505806,False,"{""elapsed_time"": 20.110058546066284, ""steps_taken"": 199, ""cumulative_reward"": -0.05000000074505806}",1764285835099,1764285835.1011605
bc4e72da-c905-4010-a52d-805e9e9d6ac6,unknown,LhOe9O65UzsjfUE0AAAB,1764285814.9916534,0,ppo_pace_two_ing_3_seed1,default,200,0,-0.05000000074505806,True,"{""elapsed_time"": 20.21627688407898, ""steps_taken"": 200, ""cumulative_reward"": -0.05000000074505806}",1764285835203,1764285835.207386
bc4e72da-c905-4010-a52d-805e9e9d6ac6,unknown,LhOe9O65UzsjfUE0AAAB,1764285814.9916534,0,ppo_pace_two_ing_3_seed1,default,201,0,0.0,True,"{""elapsed_time"": 20.318934440612793, ""steps_taken"": 201, ""cumulative_reward"": 0}",1764285835305,1764285835.3100421
bc4e72da-c905-4010-a52d-805e9e9d6ac6,unknown,LhOe9O65UzsjfUE0AAAB,1764285814.9916534,0,ppo_pace_two_ing_3_seed1,default,202,0,-0.05000000074505806,True,"{""elapsed_time"": 20.417781352996826, ""steps_taken"": 202, ""cumulative_reward"": -0.05000000074505806}",1764285835405,1764285835.4088876
bc4e72da-c905-4010-a52d-805e9e9d6ac6,unknown,LhOe9O65UzsjfUE0AAAB,1764285814.9916534,0,ppo_pace_two_ing_3_seed1,default,203,0,0.0,True,"{""elapsed_time"": 20.517082929611206, ""steps_taken"": 203, ""cumulative_reward"": 0}",1764285835505,1764285835.5081866
bc4e72da-c905-4010-a52d-805e9e9d6ac6,unknown,LhOe9O65UzsjfUE0AAAB,1764285814.9916534,0,ppo_pace_two_ing_3_seed1,default,204,0,-0.05000000074505806,True,"{""elapsed_time"": 20.616549730300903, ""steps_taken"": 204, ""cumulative_reward"": -0.05000000074505806}",1764285835605,1764285835.6076543
bc4e72da-c905-4010-a52d-805e9e9d6ac6,unknown,LhOe9O65UzsjfUE0AAAB,1764285814.9916534,0,ppo_pace_two_ing_3_seed1,default,205,0,0.0,True,"{""elapsed_time"": 20.71863579750061, ""steps_taken"": 205, ""cumulative_reward"": 0}",1764285835705,1764285835.7097454
bc4e72da-c905-4010-a52d-805e9e9d6ac6,unknown,LhOe9O65UzsjfUE0AAAB,1764285814.9916534,0,ppo_pace_two_ing_3_seed1,default,206,0,-0.05000000074505806,True,"{""elapsed_time"": 20.818642616271973, ""steps_taken"": 206, ""cumulative_reward"": -0.05000000074505806}",1764285835806,1764285835.80975
bc4e72da-c905-4010-a52d-805e9e9d6ac6,unknown,LhOe9O65UzsjfUE0AAAB,1764285814.9916534,0,ppo_pace_two_ing_3_seed1,default,207,0,0.0,True,"{""elapsed_time"": 20.917465925216675, ""steps_taken"": 207, ""cumulative_reward"": 0}",1764285835906,1764285835.9085765
bc4e72da-c905-4010-a52d-805e9e9d6ac6,unknown,LhOe9O65UzsjfUE0AAAB,1764285814.9916534,0,ppo_pace_two_ing_3_seed1,default,208,0,-0.05000000074505806,True,"{""elapsed_time"": 21.016902923583984, ""steps_taken"": 208, ""cumulative_reward"": -0.05000000074505806}",1764285836006,1764285836.008006
bc4e72da-c905-4010-a52d-805e9e9d6ac6,unknown,LhOe9O65UzsjfUE0AAAB,1764285814.9916534,0,ppo_pace_two_ing_3_seed1,default,209,0,0.0,True,"{""elapsed_time"": 21.117154836654663, ""steps_taken"": 209, ""cumulative_reward"": 0}",1764285836106,1764285836.1082597
bc4e72da-c905-4010-a52d-805e9e9d6ac6,unknown,LhOe9O65UzsjfUE0AAAB,1764285814.9916534,0,ppo_pace_two_ing_3_seed1,default,210,0,-0.05000000074505806,True,"{""elapsed_time"": 21.218318939208984, ""steps_taken"": 210, ""cumulative_reward"": -0.05000000074505806}",1764285836206,1764285836.2094264
bc4e72da-c905-4010-a52d-805e9e9d6ac6,unknown,LhOe9O65UzsjfUE0AAAB,1764285814.9916534,0,ppo_pace_two_ing_3_seed1,default,211,0,0.0,True,"{""elapsed_time"": 21.31664538383484, ""steps_taken"": 211, ""cumulative_reward"": 0}",1764285836306,1764285836.3077497
bc4e72da-c905-4010-a52d-805e9e9d6ac6,unknown,LhOe9O65UzsjfUE0AAAB,1764285814.9916534,0,ppo_pace_two_ing_3_seed1,default,212,0,-0.05000000074505806,True,"{""elapsed_time"": 21.41847801208496, ""steps_taken"": 212, ""cumulative_reward"": -0.05000000074505806}",1764285836406,1764285836.409585
bc4e72da-c905-4010-a52d-805e9e9d6ac6,unknown,LhOe9O65UzsjfUE0AAAB,1764285814.9916534,0,ppo_pace_two_ing_3_seed1,default,213,0,0.0,True,"{""elapsed_time"": 21.517779111862183, ""steps_taken"": 213, ""cumulative_reward"": 0}",1764285836507,1764285836.5088851
bc4e72da-c905-4010-a52d-805e9e9d6ac6,unknown,LhOe9O65UzsjfUE0AAAB,1764285814.9916534,0,ppo_pace_two_ing_3_seed1,default,214,0,-0.05000000074505806,True,"{""elapsed_time"": 21.619580507278442, ""steps_taken"": 214, ""cumulative_reward"": -0.05000000074505806}",1764285836607,1764285836.6106846
bc4e72da-c905-4010-a52d-805e9e9d6ac6,unknown,LhOe9O65UzsjfUE0AAAB,1764285814.9916534,0,ppo_pace_two_ing_3_seed1,default,215,0,0.0,True,"{""elapsed_time"": 21.71851372718811, ""steps_taken"": 215, ""cumulative_reward"": 0}",1764285836707,1764285836.7096217
bc4e72da-c905-4010-a52d-805e9e9d6ac6,unknown,LhOe9O65UzsjfUE0AAAB,1764285814.9916534,0,ppo_pace_two_ing_3_seed1,default,216,0,-0.05000000074505806,True,"{""elapsed_time"": 21.822141408920288, ""steps_taken"": 216, ""cumulative_reward"": -0.05000000074505806}",1764285836809,1764285836.8132482
bc4e72da-c905-4010-a52d-805e9e9d6ac6,unknown,LhOe9O65UzsjfUE0AAAB,1764285814.9916534,0,ppo_pace_two_ing_3_seed1,default,217,0,0.0,True,"{""elapsed_time"": 21.919247150421143, ""steps_taken"": 217, ""cumulative_reward"": 0}",1764285836909,1764285836.910351
bc4e72da-c905-4010-a52d-805e9e9d6ac6,unknown,LhOe9O65UzsjfUE0AAAB,1764285814.9916534,0,ppo_pace_two_ing_3_seed1,default,218,0,-0.05000000074505806,True,"{""elapsed_time"": 22.0219509601593, ""steps_taken"": 218, ""cumulative_reward"": -0.05000000074505806}",1764285837009,1764285837.0130594
bc4e72da-c905-4010-a52d-805e9e9d6ac6,unknown,LhOe9O65UzsjfUE0AAAB,1764285814.9916534,0,ppo_pace_two_ing_3_seed1,default,219,0,0.0,True,"{""elapsed_time"": 22.119837284088135, ""steps_taken"": 219, ""cumulative_reward"": 0}",1764285837109,1764285837.1109416
bc4e72da-c905-4010-a52d-805e9e9d6ac6,unknown,LhOe9O65UzsjfUE0AAAB,1764285814.9916534,0,ppo_pace_two_ing_3_seed1,default,220,0,-0.05000000074505806,True,"{""elapsed_time"": 22.225841999053955, ""steps_taken"": 220, ""cumulative_reward"": -0.05000000074505806}",1764285837213,1764285837.2169487
bc4e72da-c905-4010-a52d-805e9e9d6ac6,unknown,LhOe9O65UzsjfUE0AAAB,1764285814.9916534,0,ppo_pace_two_ing_3_seed1,default,221,0,0.0,True,"{""elapsed_time"": 22.32538628578186, ""steps_taken"": 221, ""cumulative_reward"": 0}",1764285837315,1764285837.3164918
bc4e72da-c905-4010-a52d-805e9e9d6ac6,unknown,LhOe9O65UzsjfUE0AAAB,1764285814.9916534,0,ppo_pace_two_ing_3_seed1,default,222,0,-0.05000000074505806,True,"{""elapsed_time"": 22.42554783821106, ""steps_taken"": 222, ""cumulative_reward"": -0.05000000074505806}",1764285837415,1764285837.4166512
bc4e72da-c905-4010-a52d-805e9e9d6ac6,unknown,LhOe9O65UzsjfUE0AAAB,1764285814.9916534,0,ppo_pace_two_ing_3_seed1,default,223,0,0.0,True,"{""elapsed_time"": 22.526564836502075, ""steps_taken"": 223, ""cumulative_reward"": 0}",1764285837515,1764285837.5176756
bc4e72da-c905-4010-a52d-805e9e9d6ac6,unknown,LhOe9O65UzsjfUE0AAAB,1764285814.9916534,0,ppo_pace_two_ing_3_seed1,default,224,0,-0.05000000074505806,True,"{""elapsed_time"": 22.62819194793701, ""steps_taken"": 224, ""cumulative_reward"": -0.05000000074505806}",1764285837615,1764285837.6193075
bc4e72da-c905-4010-a52d-805e9e9d6ac6,unknown,LhOe9O65UzsjfUE0AAAB,1764285814.9916534,0,ppo_pace_two_ing_3_seed1,default,225,0,0.0,True,"{""elapsed_time"": 22.726547718048096, ""steps_taken"": 225, ""cumulative_reward"": 0}",1764285837715,1764285837.7176542
bc4e72da-c905-4010-a52d-805e9e9d6ac6,unknown,LhOe9O65UzsjfUE0AAAB,1764285814.9916534,0,ppo_pace_two_ing_3_seed1,default,226,0,-0.05000000074505806,True,"{""elapsed_time"": 22.82886290550232, ""steps_taken"": 226, ""cumulative_reward"": -0.05000000074505806}",1764285837816,1764285837.8199673
bc4e72da-c905-4010-a52d-805e9e9d6ac6,unknown,LhOe9O65UzsjfUE0AAAB,1764285814.9916534,0,ppo_pace_two_ing_3_seed1,default,227,0,0.0,True,"{""elapsed_time"": 22.927523136138916, ""steps_taken"": 227, ""cumulative_reward"": 0}",1764285837916,1764285837.9186318
bc4e72da-c905-4010-a52d-805e9e9d6ac6,unknown,LhOe9O65UzsjfUE0AAAB,1764285814.9916534,0,ppo_pace_two_ing_3_seed1,default,228,0,-0.05000000074505806,True,"{""elapsed_time"": 23.029728174209595, ""steps_taken"": 228, ""cumulative_reward"": -0.05000000074505806}",1764285838016,1764285838.0208333
bc4e72da-c905-4010-a52d-805e9e9d6ac6,unknown,LhOe9O65UzsjfUE0AAAB,1764285814.9916534,0,ppo_pace_two_ing_3_seed1,default,229,0,0.0,True,"{""elapsed_time"": 23.127803087234497, ""steps_taken"": 229, ""cumulative_reward"": 0}",1764285838116,1764285838.1189086
bc4e72da-c905-4010-a52d-805e9e9d6ac6,unknown,LhOe9O65UzsjfUE0AAAB,1764285814.9916534,0,ppo_pace_two_ing_3_seed1,default,230,0,-0.05000000074505806,True,"{""elapsed_time"": 23.229944944381714, ""steps_taken"": 230, ""cumulative_reward"": -0.05000000074505806}",1764285838218,1764285838.2210515
bc4e72da-c905-4010-a52d-805e9e9d6ac6,unknown,LhOe9O65UzsjfUE0AAAB,1764285814.9916534,0,ppo_pace_two_ing_3_seed1,default,231,0,0.0,True,"{""elapsed_time"": 23.328662633895874, ""steps_taken"": 231, ""cumulative_reward"": 0}",1764285838317,1764285838.3197703
bc4e72da-c905-4010-a52d-805e9e9d6ac6,unknown,LhOe9O65UzsjfUE0AAAB,1764285814.9916534,0,ppo_pace_two_ing_3_seed1,default,232,0,-0.05000000074505806,True,"{""elapsed_time"": 23.430575609207153, ""steps_taken"": 232, ""cumulative_reward"": -0.05000000074505806}",1764285838417,1764285838.4216824
bc4e72da-c905-4010-a52d-805e9e9d6ac6,unknown,LhOe9O65UzsjfUE0AAAB,1764285814.9916534,0,ppo_pace_two_ing_3_seed1,default,233,0,0.0,True,"{""elapsed_time"": 23.53141140937805, ""steps_taken"": 233, ""cumulative_reward"": 0}",1764285838517,1764285838.5225158
bc4e72da-c905-4010-a52d-805e9e9d6ac6,unknown,LhOe9O65UzsjfUE0AAAB,1764285814.9916534,0,ppo_pace_two_ing_3_seed1,default,234,0,-0.05000000074505806,True,"{""elapsed_time"": 23.628924131393433, ""steps_taken"": 234, ""cumulative_reward"": -0.05000000074505806}",1764285838618,1764285838.6200266
bc4e72da-c905-4010-a52d-805e9e9d6ac6,unknown,LhOe9O65UzsjfUE0AAAB,1764285814.9916534,0,ppo_pace_two_ing_3_seed1,default,235,0,0.0,True,"{""elapsed_time"": 23.72891068458557, ""steps_taken"": 235, ""cumulative_reward"": 0}",1764285838718,1764285838.7200158
bc4e72da-c905-4010-a52d-805e9e9d6ac6,unknown,LhOe9O65UzsjfUE0AAAB,1764285814.9916534,0,ppo_pace_two_ing_3_seed1,default,236,0,-0.05000000074505806,True,"{""elapsed_time"": 23.830811977386475, ""steps_taken"": 236, ""cumulative_reward"": -0.05000000074505806}",1764285838818,1764285838.8219163
bc4e72da-c905-4010-a52d-805e9e9d6ac6,unknown,LhOe9O65UzsjfUE0AAAB,1764285814.9916534,0,ppo_pace_two_ing_3_seed1,default,237,0,0.0,True,"{""elapsed_time"": 23.929468393325806, ""steps_taken"": 237, ""cumulative_reward"": 0}",1764285838918,1764285838.9205759
bc4e72da-c905-4010-a52d-805e9e9d6ac6,unknown,LhOe9O65UzsjfUE0AAAB,1764285814.9916534,0,ppo_pace_two_ing_3_seed1,default,238,0,-0.05000000074505806,True,"{""elapsed_time"": 24.03201961517334, ""steps_taken"": 238, ""cumulative_reward"": -0.05000000074505806}",1764285839018,1764285839.0231278
bc4e72da-c905-4010-a52d-805e9e9d6ac6,unknown,LhOe9O65UzsjfUE0AAAB,1764285814.9916534,0,ppo_pace_two_ing_3_seed1,default,239,0,0.0,True,"{""elapsed_time"": 24.129568099975586, ""steps_taken"": 239, ""cumulative_reward"": 0}",1764285839119,1764285839.1206732
bc4e72da-c905-4010-a52d-805e9e9d6ac6,unknown,LhOe9O65UzsjfUE0AAAB,1764285814.9916534,0,ppo_pace_two_ing_3_seed1,default,240,0,-0.05000000074505806,True,"{""elapsed_time"": 24.239025592803955, ""steps_taken"": 240, ""cumulative_reward"": -0.05000000074505806}",1764285839226,1764285839.2301326
bc4e72da-c905-4010-a52d-805e9e9d6ac6,unknown,LhOe9O65UzsjfUE0AAAB,1764285814.9916534,0,ppo_pace_two_ing_3_seed1,default,241,0,0.0,True,"{""elapsed_time"": 24.33746838569641, ""steps_taken"": 241, ""cumulative_reward"": 0}",1764285839326,1764285839.3285775
bc4e72da-c905-4010-a52d-805e9e9d6ac6,unknown,LhOe9O65UzsjfUE0AAAB,1764285814.9916534,0,ppo_pace_two_ing_3_seed1,default,242,0,-0.05000000074505806,True,"{""elapsed_time"": 24.438620805740356, ""steps_taken"": 242, ""cumulative_reward"": -0.05000000074505806}",1764285839427,1764285839.4297252
bc4e72da-c905-4010-a52d-805e9e9d6ac6,unknown,LhOe9O65UzsjfUE0AAAB,1764285814.9916534,0,ppo_pace_two_ing_3_seed1,default,243,0,0.0,True,"{""elapsed_time"": 24.54019784927368, ""steps_taken"": 243, ""cumulative_reward"": 0}",1764285839529,1764285839.5313046
bc4e72da-c905-4010-a52d-805e9e9d6ac6,unknown,LhOe9O65UzsjfUE0AAAB,1764285814.9916534,0,ppo_pace_two_ing_3_seed1,default,244,0,-0.05000000074505806,True,"{""elapsed_time"": 24.638855695724487, ""steps_taken"": 244, ""cumulative_reward"": -0.05000000074505806}",1764285839627,1764285839.6299598
bc4e72da-c905-4010-a52d-805e9e9d6ac6,unknown,LhOe9O65UzsjfUE0AAAB,1764285814.9916534,0,ppo_pace_two_ing_3_seed1,default,245,0,0.0,True,"{""elapsed_time"": 24.739798545837402, ""steps_taken"": 245, ""cumulative_reward"": 0}",1764285839728,1764285839.7309065
bc4e72da-c905-4010-a52d-805e9e9d6ac6,unknown,LhOe9O65UzsjfUE0AAAB,1764285814.9916534,0,ppo_pace_two_ing_3_seed1,default,246,0,-0.05000000074505806,True,"{""elapsed_time"": 24.840986013412476, ""steps_taken"": 246, ""cumulative_reward"": -0.05000000074505806}",1764285839828,1764285839.832093
bc4e72da-c905-4010-a52d-805e9e9d6ac6,unknown,LhOe9O65UzsjfUE0AAAB,1764285814.9916534,0,ppo_pace_two_ing_3_seed1,default,247,0,0.0,True,"{""elapsed_time"": 24.93962335586548, ""steps_taken"": 247, ""cumulative_reward"": 0}",1764285839929,1764285839.9307299
bc4e72da-c905-4010-a52d-805e9e9d6ac6,unknown,LhOe9O65UzsjfUE0AAAB,1764285814.9916534,0,ppo_pace_two_ing_3_seed1,default,248,0,-0.05000000074505806,True,"{""elapsed_time"": 25.04034185409546, ""steps_taken"": 248, ""cumulative_reward"": -0.05000000074505806}",1764285840028,1764285840.0314455
bc4e72da-c905-4010-a52d-805e9e9d6ac6,unknown,LhOe9O65UzsjfUE0AAAB,1764285814.9916534,0,ppo_pace_two_ing_3_seed1,default,249,0,0.0,True,"{""elapsed_time"": 25.143173694610596, ""steps_taken"": 249, ""cumulative_reward"": 0}",1764285840129,1764285840.1342807
bc4e72da-c905-4010-a52d-805e9e9d6ac6,unknown,LhOe9O65UzsjfUE0AAAB,1764285814.9916534,0,ppo_pace_two_ing_3_seed1,default,250,0,-0.05000000074505806,True,"{""elapsed_time"": 25.249794244766235, ""steps_taken"": 250, ""cumulative_reward"": -0.05000000074505806}",1764285840229,1764285840.2409003
bc4e72da-c905-4010-a52d-805e9e9d6ac6,unknown,LhOe9O65UzsjfUE0AAAB,1764285814.9916534,0,ppo_pace_two_ing_3_seed1,default,251,0,0.0,True,"{""elapsed_time"": 25.340080738067627, ""steps_taken"": 251, ""cumulative_reward"": 0}",1764285840329,1764285840.331189
bc4e72da-c905-4010-a52d-805e9e9d6ac6,unknown,LhOe9O65UzsjfUE0AAAB,1764285814.9916534,0,ppo_pace_two_ing_3_seed1,default,252,0,-0.05000000074505806,True,"{""elapsed_time"": 25.441592693328857, ""steps_taken"": 252, ""cumulative_reward"": -0.05000000074505806}",1764285840430,1764285840.4327
bc4e72da-c905-4010-a52d-805e9e9d6ac6,unknown,LhOe9O65UzsjfUE0AAAB,1764285814.9916534,0,ppo_pace_two_ing_3_seed1,default,253,0,0.0,True,"{""elapsed_time"": 25.540455102920532, ""steps_taken"": 253, ""cumulative_reward"": 0}",1764285840529,1764285840.5315602
bc4e72da-c905-4010-a52d-805e9e9d6ac6,unknown,LhOe9O65UzsjfUE0AAAB,1764285814.9916534,0,ppo_pace_two_ing_3_seed1,default,254,0,-0.05000000074505806,True,"{""elapsed_time"": 25.64034938812256, ""steps_taken"": 254, ""cumulative_reward"": -0.05000000074505806}",1764285840629,1764285840.6314518
bc4e72da-c905-4010-a52d-805e9e9d6ac6,unknown,LhOe9O65UzsjfUE0AAAB,1764285814.9916534,0,ppo_pace_two_ing_3_seed1,default,255,0,0.0,True,"{""elapsed_time"": 25.739951372146606, ""steps_taken"": 255, ""cumulative_reward"": 0}",1764285840729,1764285840.7310543
bc4e72da-c905-4010-a52d-805e9e9d6ac6,unknown,LhOe9O65UzsjfUE0AAAB,1764285814.9916534,0,ppo_pace_two_ing_3_seed1,default,256,0,-0.05000000074505806,True,"{""elapsed_time"": 25.841243982315063, ""steps_taken"": 256, ""cumulative_reward"": -0.05000000074505806}",1764285840829,1764285840.8323488
bc4e72da-c905-4010-a52d-805e9e9d6ac6,unknown,LhOe9O65UzsjfUE0AAAB,1764285814.9916534,0,ppo_pace_two_ing_3_seed1,default,257,0,0.0,True,"{""elapsed_time"": 25.940842628479004, ""steps_taken"": 257, ""cumulative_reward"": 0}",1764285840929,1764285840.9319463
bc4e72da-c905-4010-a52d-805e9e9d6ac6,unknown,LhOe9O65UzsjfUE0AAAB,1764285814.9916534,0,ppo_pace_two_ing_3_seed1,default,258,0,-0.05000000074505806,True,"{""elapsed_time"": 26.042913913726807, ""steps_taken"": 258, ""cumulative_reward"": -0.05000000074505806}",1764285841030,1764285841.0340195
bc4e72da-c905-4010-a52d-805e9e9d6ac6,unknown,LhOe9O65UzsjfUE0AAAB,1764285814.9916534,0,ppo_pace_two_ing_3_seed1,default,259,0,0.0,True,"{""elapsed_time"": 26.140766859054565, ""steps_taken"": 259, ""cumulative_reward"": 0}",1764285841130,1764285841.131875
bc4e72da-c905-4010-a52d-805e9e9d6ac6,unknown,LhOe9O65UzsjfUE0AAAB,1764285814.9916534,0,ppo_pace_two_ing_3_seed1,default,260,0,-0.05000000074505806,True,"{""elapsed_time"": 26.245466709136963, ""steps_taken"": 260, ""cumulative_reward"": -0.05000000074505806}",1764285841233,1764285841.2365692
bc4e72da-c905-4010-a52d-805e9e9d6ac6,unknown,LhOe9O65UzsjfUE0AAAB,1764285814.9916534,0,ppo_pace_two_ing_3_seed1,default,261,0,0.0,True,"{""elapsed_time"": 26.348689556121826, ""steps_taken"": 261, ""cumulative_reward"": 0}",1764285841334,1764285841.3397944
bc4e72da-c905-4010-a52d-805e9e9d6ac6,unknown,LhOe9O65UzsjfUE0AAAB,1764285814.9916534,0,ppo_pace_two_ing_3_seed1,default,262,0,-0.05000000074505806,True,"{""elapsed_time"": 26.447197437286377, ""steps_taken"": 262, ""cumulative_reward"": -0.05000000074505806}",1764285841434,1764285841.4383059
bc4e72da-c905-4010-a52d-805e9e9d6ac6,unknown,LhOe9O65UzsjfUE0AAAB,1764285814.9916534,0,ppo_pace_two_ing_3_seed1,default,263,0,0.0,True,"{""elapsed_time"": 26.545513153076172, ""steps_taken"": 263, ""cumulative_reward"": 0}",1764285841534,1764285841.5366213
