{"train/aux_pol_cls_acc": 0.9953287243843079, "train/raw_grad_norm": 2.783273696899414, "train/aux_pol_cls_loss": 0.007469163437943078, "train/value_loss": 2.597218506866031, "train/action_loss": -0.015151902829529718, "train/dist_entropy": 0.6631128514806429, "train/fps": 414.5846687490881, "train/period_size_mean": 5.0, "train/reward": 11.679083052889608, "train/expl_reward_per_episode": 27.08246244841982, "train/expl_reward_per_step": 0.9951395889109185, "train/expl_reward_per_interaction": 134.60539248082546, "train/success_rate": 0.9537267854917113, "_timestamp": 1758402437.658824, "env_steps": 30000000, "_runtime": 71501.65053296089, "_step": 4999, "eval/reward": 12.819999999999999, "eval/reward_per_opponent": 12.819999999999999, "eval/cumul_reward": [13.5, 13.2, 13.1, 13.149999999999999, 12.819999999999999], "eval/cur_reward": [13.5, 12.9, 12.9, 13.3, 11.5], "eval/success_rate": 1.0, "eval/success_rate_per_opponent": 1.0, "eval/cumul_success_rate": [1.0, 1.0, 1.0, 1.0, 1.0], "eval/cur_success_rate": [1.0, 1.0, 1.0, 1.0, 1.0], "_wandb": {"runtime": 71501}}