{"train/aux_pol_cls_acc": 0.9948073625564575, "train/raw_grad_norm": 3.578695058822632, "train/aux_pol_cls_loss": 0.00815072574510446, "train/value_loss": 2.945881654818853, "train/action_loss": -0.015298929336293239, "train/dist_entropy": 0.6740862271851964, "train/fps": 431.8210072076657, "train/period_size_mean": 5.0, "train/reward": 11.676162790697674, "train/expl_reward_per_episode": 26.996091267361074, "train/expl_reward_per_step": 0.9952074474529005, "train/expl_reward_per_interaction": 135.3464159102483, "train/success_rate": 0.9498988877654195, "_timestamp": 1758402580.9681637, "env_steps": 30000000, "_runtime": 71511.91805362701, "_step": 4999, "eval/reward": 12.719999999999999, "eval/reward_per_opponent": 12.719999999999999, "eval/cumul_reward": [13.1, 11.399999999999999, 12.233333333333333, 12.549999999999999, 12.719999999999999], "eval/cur_reward": [13.1, 9.7, 13.9, 13.5, 13.4], "eval/success_rate": 1.0, "eval/success_rate_per_opponent": 1.0, "eval/cumul_success_rate": [1.0, 1.0, 1.0, 1.0, 1.0], "eval/cur_success_rate": [1.0, 1.0, 1.0, 1.0, 1.0], "_wandb": {"runtime": 71511}}