{"train/raw_grad_norm": 3.654204845428467, "train/value_loss": 0.7293041795492172, "train/action_loss": -0.007713688142959856, "train/dist_entropy": 1.1703075104289584, "train/fps": 267.66904030756353, "train/period_size_mean": 5.0, "train/reward": -6.59, "train/success_rate": 0.0, "_timestamp": 1758133495.899403, "env_steps": 1632000, "_runtime": 5811.990841150284, "_step": 3953, "eval/reward": -6.5, "eval/reward_per_opponent": -6.5, "eval/cumul_reward": [-6.5, -6.5, -6.5, -6.5, -6.5], "eval/cur_reward": [-6.5, -6.5, -6.5, -6.5, -6.5], "eval/success_rate": 0.0, "eval/success_rate_per_opponent": 0.0, "eval/cumul_success_rate": [0.0, 0.0, 0.0, 0.0, 0.0], "eval/cur_success_rate": [0.0, 0.0, 0.0, 0.0, 0.0], "_wandb": {"runtime": 90588}}